x,t,value
0,0.001,0
0,0.002,0
0,0.003,0
0,0.004,0
0,0.005,0
0,0.006,0
0,0.007,0
0,0.008,0
0,0.009,0
0,0.01,0
0,0.011,0
0,0.012,0
0,0.013,0
0,0.014,0
0,0.015,0
0,0.016,0
0,0.017,0
0,0.018,0
0,0.019,0
0,0.02,0
0,0.021,0
0,0.022,0
0,0.023,0
0,0.024,0
0,0.025,0
0,0.026,0
0,0.027,0
0,0.028,0
0,0.029,0
0,0.03,0
0,0.031,0
0,0.032,0
0,0.033,0
0,0.034,0
0,0.035,0
0,0.036,0
0,0.037,0
0,0.038,0
0,0.039,0
0,0.04,-0.0470481
0,0.041,-0.101417
0,0.042,0
0,0.043,0
0,0.044,0
0,0.045,0
0,0.046,0
0,0.047,0
0,0.048,0
0,0.049,0
0,0.05,0
0,0.051,0
0,0.052,0
0,0.053,0
0,0.054,0
0,0.055,0
0,0.056,0
0,0.057,0
0,0.058,0
0,0.059,0
0,0.06,0.0105183
0,0.061,0.148705
0,0.062,0
0,0.063,0
0,0.064,0
0,0.065,0
0,0.066,0
0,0.067,0
0,0.068,0
0,0.069,0
0,0.07,0
0,0.071,0
0,0.072,0
0,0.073,0
0,0.074,0
0,0.075,0
0,0.076,0
0,0.077,0
0,0.078,0
0,0.079,0
0,0.08,0
0,0.081,0
0,0.082,0
0,0.083,0
0,0.084,0
0,0.085,0
0,0.086,0
0,0.087,0
0,0.088,0
0,0.089,0
0,0.09,0
0,0.091,0
0,0.092,0
0,0.093,0
0,0.094,0
0,0.095,0
0,0.096,0
0,0.097,0
0,0.098,0
0,0.099,0
0,0.1,0
0.010101,0.001,0
0.010101,0.002,0
0.010101,0.003,0
0.010101,0.004,0
0.010101,0.005,0
0.010101,0.006,0
0.010101,0.007,0
0.010101,0.008,0
0.010101,0.009,0
0.010101,0.01,0
0.010101,0.011,0
0.010101,0.012,0
0.010101,0.013,0
0.010101,0.014,0
0.010101,0.015,0
0.010101,0.016,0
0.010101,0.017,0
0.010101,0.018,0
0.010101,0.019,0
0.010101,0.02,0
0.010101,0.021,0
0.010101,0.022,0
0.010101,0.023,0
0.010101,0.024,0
0.010101,0.025,0
0.010101,0.026,0
0.010101,0.027,0
0.010101,0.028,0
0.010101,0.029,0
0.010101,0.03,0
0.010101,0.031,0
0.010101,0.032,0
0.010101,0.033,0
0.010101,0.034,0
0.010101,0.035,0
0.010101,0.036,0
0.010101,0.037,0
0.010101,0.038,0
0.010101,0.039,0.00123272
0.010101,0.04,-0.0910218
0.010101,0.041,-0.189694
0.010101,0.042,-0.00491571
0.010101,0.043,0
0.010101,0.044,0
0.010101,0.045,0
0.010101,0.046,0
0.010101,0.047,0
0.010101,0.048,0
0.010101,0.049,0
0.010101,0.05,0
0.010101,0.051,0
0.010101,0.052,0
0.010101,0.053,0
0.010101,0.054,0
0.010101,0.055,0
0.010101,0.056,0
0.010101,0.057,0
0.010101,0.058,0
0.010101,0.059,-0.000454128
0.010101,0.06,0.0285336
0.010101,0.061,0.266695
0.010101,0.062,0.00636283
0.010101,0.063,0
0.010101,0.064,0
0.010101,0.065,0
0.010101,0.066,0
0.010101,0.067,0
0.010101,0.068,0
0.010101,0.069,0
0.010101,0.07,0
0.010101,0.071,0
0.010101,0.072,0
0.010101,0.073,0
0.010101,0.074,0
0.010101,0.075,0
0.010101,0.076,0
0.010101,0.077,0
0.010101,0.078,0
0.010101,0.079,0
0.010101,0.08,0
0.010101,0.081,0
0.010101,0.082,0
0.010101,0.083,0
0.010101,0.084,0
0.010101,0.085,0
0.010101,0.086,0
0.010101,0.087,0
0.010101,0.088,0
0.010101,0.089,0
0.010101,0.09,0
0.010101,0.091,0
0.010101,0.092,0
0.010101,0.093,0
0.010101,0.094,0
0.010101,0.095,0
0.010101,0.096,0
0.010101,0.097,0
0.010101,0.098,0
0.010101,0.099,0
0.010101,0.1,0
0.020202,0.001,0
0.020202,0.002,0
0.020202,0.003,0
0.020202,0.004,0
0.020202,0.005,0
0.020202,0.006,0
0.020202,0.007,0
0.020202,0.008,0
0.020202,0.009,0
0.020202,0.01,0
0.020202,0.011,0
0.020202,0.012,0
0.020202,0.013,0
0.020202,0.014,0
0.020202,0.015,0
0.020202,0.016,0
0.020202,0.017,0
0.020202,0.018,0
0.020202,0.019,0
0.020202,0.02,0
0.020202,0.021,0
0.020202,0.022,0
0.020202,0.023,0
0.020202,0.024,0
0.020202,0.025,0
0.020202,0.026,0
0.020202,0.027,0
0.020202,0.028,0
0.020202,0.029,0
0.020202,0.03,0
0.020202,0.031,0
0.020202,0.032,0
0.020202,0.033,0
0.020202,0.034,0
0.020202,0.035,0
0.020202,0.036,0
0.020202,0.037,0
0.020202,0.038,-3.15323e-05
0.020202,0.039,0.00369353
0.020202,0.04,-0.131056
0.020202,0.041,-0.268193
0.020202,0.042,-0.0127964
0.020202,0.043,-0.000277579
0.020202,0.044,0
0.020202,0.045,0
0.020202,0.046,0
0.020202,0.047,0
0.020202,0.048,0
0.020202,0.049,0
0.020202,0.05,0
0.020202,0.051,0
0.020202,0.052,0
0.020202,0.053,0
0.020202,0.054,0
0.020202,0.055,0
0.020202,0.056,0
0.020202,0.057,0
0.020202,0.058,1.95503e-05
0.020202,0.059,-0.00168246
0.020202,0.06,0.0487369
0.020202,0.061,0.363429
0.020202,0.062,0.0151372
0.020202,0.063,0.000469576
0.020202,0.064,0
0.020202,0.065,0
0.020202,0.066,0
0.020202,0.067,0
0.020202,0.068,0
0.020202,0.069,0
0.020202,0.07,0
0.020202,0.071,0
0.020202,0.072,0
0.020202,0.073,0
0.020202,0.074,0
0.020202,0.075,0
0.020202,0.076,0
0.020202,0.077,0
0.020202,0.078,0
0.020202,0.079,0
0.020202,0.08,0
0.020202,0.081,0
0.020202,0.082,0
0.020202,0.083,0
0.020202,0.084,0
0.020202,0.085,0
0.020202,0.086,0
0.020202,0.087,0
0.020202,0.088,0
0.020202,0.089,0
0.020202,0.09,0
0.020202,0.091,0
0.020202,0.092,0
0.020202,0.093,0
0.020202,0.094,0
0.020202,0.095,0
0.020202,0.096,0
0.020202,0.097,0
0.020202,0.098,0
0.020202,0.099,0
0.020202,0.1,0
0.030303,0.001,0
0.030303,0.002,0
0.030303,0.003,0
0.030303,0.004,0
0.030303,0.005,0
0.030303,0.006,0
0.030303,0.007,0
0.030303,0.008,0
0.030303,0.009,0
0.030303,0.01,0
0.030303,0.011,0
0.030303,0.012,0
0.030303,0.013,0
0.030303,0.014,0
0.030303,0.015,0
0.030303,0.016,0
0.030303,0.017,0
0.030303,0.018,0
0.030303,0.019,0
0.030303,0.02,0
0.030303,0.021,0
0.030303,0.022,0
0.030303,0.023,0
0.030303,0.024,0
0.030303,0.025,0
0.030303,0.026,0
0.030303,0.027,0
0.030303,0.028,0
0.030303,0.029,0
0.030303,0.03,0
0.030303,0.031,0
0.030303,0.032,0
0.030303,0.033,0
0.030303,0.034,0
0.030303,0.035,0
0.030303,0.036,0
0.030303,0.037,8.06751e-07
0.030303,0.038,-0.000124428
0.030303,0.039,0.00743423
0.030303,0.04,-0.166177
0.030303,0.041,-0.339568
0.030303,0.042,-0.0225376
0.030303,0.043,-0.000988603
0.030303,0.044,-1.57952e-05
0.030303,0.045,0
0.030303,0.046,0
0.030303,0.047,0
0.030303,0.048,0
0.030303,0.049,0
0.030303,0.05,0
0.030303,0.051,0
0.030303,0.052,0
0.030303,0.053,0
0.030303,0.054,0
0.030303,0.055,0
0.030303,0.056,0
0.030303,0.057,-8.34465e-07
0.030303,0.058,9.19104e-05
0.030303,0.059,-0.00377208
0.030303,0.06,0.0686268
0.030303,0.061,0.444653
0.030303,0.062,0.0310053
0.030303,0.063,0.00154951
0.030303,0.064,3.49239e-05
0.030303,0.065,0
0.030303,0.066,0
0.030303,0.067,0
0.030303,0.068,0
0.030303,0.069,0
0.030303,0.07,0
0.030303,0.071,0
0.030303,0.072,0
0.030303,0.073,0
0.030303,0.074,0
0.030303,0.075,0
0.030303,0.076,0
0.030303,0.077,0
0.030303,0.078,0
0.030303,0.079,0
0.030303,0.08,0
0.030303,0.081,0
0.030303,0.082,0
0.030303,0.083,0
0.030303,0.084,0
0.030303,0.085,0
0.030303,0.086,0
0.030303,0.087,0
0.030303,0.088,0
0.030303,0.089,0
0.030303,0.09,0
0.030303,0.091,0
0.030303,0.092,0
0.030303,0.093,0
0.030303,0.094,0
0.030303,0.095,0
0.030303,0.096,0
0.030303,0.097,0
0.030303,0.098,0
0.030303,0.099,0
0.030303,0.1,0
0.040404,0.001,0
0.040404,0.002,0
0.040404,0.003,0
0.040404,0.004,0
0.040404,0.005,0
0.040404,0.006,0
0.040404,0.007,0
0.040404,0.008,0
0.040404,0.009,0
0.040404,0.01,0
0.040404,0.011,0
0.040404,0.012,0
0.040404,0.013,0
0.040404,0.014,0
0.040404,0.015,0
0.040404,0.016,0
0.040404,0.017,0
0.040404,0.018,0
0.040404,0.019,0
0.040404,0.02,0
0.040404,0.021,0
0.040404,0.022,0
0.040404,0.023,0
0.040404,0.024,0
0.040404,0.025,0
0.040404,0.026,0
0.040404,0.027,0
0.040404,0.028,0
0.040404,0.029,0
0.040404,0.03,0
0.040404,0.031,0
0.040404,0.032,0
0.040404,0.033,0
0.040404,0.034,0
0.040404,0.035,0
0.040404,0.036,-2.06405e-08
0.040404,0.037,3.95089e-06
0.040404,0.038,-0.000308238
0.040404,0.039,0.0124948
0.040404,0.04,-0.195332
0.040404,0.041,-0.405832
0.040404,0.042,-0.0337675
0.040404,0.043,-0.00221783
0.040404,0.044,-7.17044e-05
0.040404,0.045,-8.9407e-07
0.040404,0.046,0
0.040404,0.047,0
0.040404,0.048,0
0.040404,0.049,0
0.040404,0.05,0
0.040404,0.051,0
0.040404,0.052,0
0.040404,0.053,0
0.040404,0.054,0
0.040404,0.055,0
0.040404,0.056,0
0.040404,0.057,-4.76837e-06
0.040404,0.058,0.000253201
0.040404,0.059,-0.00669944
0.040404,0.06,0.0870923
0.040404,0.061,0.514225
0.040404,0.062,0.0561051
0.040404,0.063,0.00366742
0.040404,0.064,0.000148313
0.040404,0.065,2.59876e-06
0.040404,0.066,0
0.040404,0.067,0
0.040404,0.068,0
0.040404,0.069,0
0.040404,0.07,0
0.040404,0.071,0
0.040404,0.072,0
0.040404,0.073,0
0.040404,0.074,0
0.040404,0.075,0
0.040404,0.076,0
0.040404,0.077,0
0.040404,0.078,0
0.040404,0.079,0
0.040404,0.08,0
0.040404,0.081,0
0.040404,0.082,0
0.040404,0.083,0
0.040404,0.084,0
0.040404,0.085,0
0.040404,0.086,0
0.040404,0.087,0
0.040404,0.088,0
0.040404,0.089,0
0.040404,0.09,0
0.040404,0.091,0
0.040404,0.092,0
0.040404,0.093,0
0.040404,0.094,0
0.040404,0.095,0
0.040404,0.096,0
0.040404,0.097,0
0.040404,0.098,0
0.040404,0.099,0
0.040404,0.1,0
0.050505,0.001,0
0.050505,0.002,0
0.050505,0.003,0
0.050505,0.004,0
0.050505,0.005,0
0.050505,0.006,0
0.050505,0.007,0
0.050505,0.008,0
0.050505,0.009,0
0.050505,0.01,0
0.050505,0.011,0
0.050505,0.012,0
0.050505,0.013,0
0.050505,0.014,0
0.050505,0.015,0
0.050505,0.016,0
0.050505,0.017,0
0.050505,0.018,0
0.050505,0.019,0
0.050505,0.02,0
0.050505,0.021,0
0.050505,0.022,0
0.050505,0.023,0
0.050505,0.024,0
0.050505,0.025,0
0.050505,0.026,0
0.050505,0.027,0
0.050505,0.028,0
0.050505,0.029,0
0.050505,0.03,0
0.050505,0.031,0
0.050505,0.032,0
0.050505,0.033,0
0.050505,0.034,0
0.050505,0.035,5.28083e-10
0.050505,0.036,-1.20715e-07
0.050505,0.037,1.16431e-05
0.050505,0.038,-0.000611881
0.050505,0.039,0.0188327
0.050505,0.04,-0.217515
0.050505,0.041,-0.468501
0.050505,0.042,-0.0469825
0.050505,0.043,-0.0040223
0.050505,0.044,-0.000196457
0.050505,0.045,-4.94719e-06
0.050505,0.046,-5.96046e-08
0.050505,0.047,0
0.050505,0.048,0
0.050505,0.049,0
0.050505,0.05,0
0.050505,0.051,0
0.050505,0.052,0
0.050505,0.053,0
0.050505,0.054,0
0.050505,0.055,0
0.050505,0.056,2.38419e-07
0.050505,0.057,-1.56164e-05
0.050505,0.058,0.00053823
0.050505,0.059,-0.0103909
0.050505,0.06,0.103679
0.050505,0.061,0.574948
0.050505,0.062,0.0898794
0.050505,0.063,0.00721961
0.050505,0.064,0.000412721
0.050505,0.065,1.35067e-05
0.050505,0.066,1.93387e-07
0.050505,0.067,0
0.050505,0.068,0
0.050505,0.069,0
0.050505,0.07,0
0.050505,0.071,0
0.050505,0.072,0
0.050505,0.073,0
0.050505,0.074,0
0.050505,0.075,0
0.050505,0.076,0
0.050505,0.077,0
0.050505,0.078,0
0.050505,0.079,0
0.050505,0.08,0
0.050505,0.081,0
0.050505,0.082,0
0.050505,0.083,0
0.050505,0.084,0
0.050505,0.085,0
0.050505,0.086,0
0.050505,0.087,0
0.050505,0.088,0
0.050505,0.089,0
0.050505,0.09,0
0.050505,0.091,0
0.050505,0.092,0
0.050505,0.093,0
0.050505,0.094,0
0.050505,0.095,0
0.050505,0.096,0
0.050505,0.097,0
0.050505,0.098,0
0.050505,0.099,0
0.050505,0.1,0
0.0606061,0.001,0
0.0606061,0.002,0
0.0606061,0.003,0
0.0606061,0.004,0
0.0606061,0.005,0
0.0606061,0.006,0
0.0606061,0.007,0
0.0606061,0.008,0
0.0606061,0.009,0
0.0606061,0.01,0
0.0606061,0.011,0
0.0606061,0.012,0
0.0606061,0.013,0
0.0606061,0.014,0
0.0606061,0.015,0
0.0606061,0.016,0
0.0606061,0.017,0
0.0606061,0.018,0
0.0606061,0.019,0
0.0606061,0.02,0
0.0606061,0.021,0
0.0606061,0.022,0
0.0606061,0.023,0
0.0606061,0.024,0
0.0606061,0.025,0
0.0606061,0.026,0
0.0606061,0.027,0
0.0606061,0.028,0
0.0606061,0.029,0
0.0606061,0.03,0
0.0606061,0.031,0
0.0606061,0.032,0
0.0606061,0.033,0
0.0606061,0.034,-1.35109e-11
0.0606061,0.035,3.59076e-09
0.0606061,0.036,-4.12667e-07
0.0606061,0.037,2.67228e-05
0.0606061,0.038,-0.00106159
0.0606061,0.039,0.0262743
0.0606061,0.04,-0.231975
0.0606061,0.041,-0.528673
0.0606061,0.042,-0.0638577
0.0606061,0.043,-0.00647718
0.0606061,0.044,-0.000421107
0.0606061,0.045,-1.60336e-05
0.0606061,0.046,-3.57628e-07
0.0606061,0.047,0
0.0606061,0.048,0
0.0606061,0.049,0
0.0606061,0.05,0
0.0606061,0.051,0
0.0606061,0.052,0
0.0606061,0.053,0
0.0606061,0.054,0
0.0606061,0.055,0
0.0606061,0.056,9.53674e-07
0.0606061,0.057,-3.85642e-05
0.0606061,0.058,0.000977516
0.0606061,0.059,-0.0147513
0.0606061,0.06,0.118233
0.0606061,0.061,0.628915
0.0606061,0.062,0.130483
0.0606061,0.063,0.012221
0.0606061,0.064,0.000924741
0.0606061,0.065,4.35402e-05
0.0606061,0.066,1.18903e-06
0.0606061,0.067,1.43909e-08
0.0606061,0.068,0
0.0606061,0.069,0
0.0606061,0.07,0
0.0606061,0.071,0
0.0606061,0.072,0
0.0606061,0.073,0
0.0606061,0.074,0
0.0606061,0.075,0
0.0606061,0.076,0
0.0606061,0.077,0
0.0606061,0.078,0
0.0606061,0.079,0
0.0606061,0.08,0
0.0606061,0.081,0
0.0606061,0.082,0
0.0606061,0.083,0
0.0606061,0.084,0
0.0606061,0.085,0
0.0606061,0.086,0
0.0606061,0.087,0
0.0606061,0.088,0
0.0606061,0.089,0
0.0606061,0.09,0
0.0606061,0.091,0
0.0606061,0.092,0
0.0606061,0.093,0
0.0606061,0.094,0
0.0606061,0.095,0
0.0606061,0.096,0
0.0606061,0.097,0
0.0606061,0.098,0
0.0606061,0.099,0
0.0606061,0.1,0
0.0707071,0.001,0
0.0707071,0.002,0
0.0707071,0.003,0
0.0707071,0.004,0
0.0707071,0.005,0
0.0707071,0.006,0
0.0707071,0.007,0
0.0707071,0.008,0
0.0707071,0.009,0
0.0707071,0.01,0
0.0707071,0.011,0
0.0707071,0.012,0
0.0707071,0.013,0
0.0707071,0.014,0
0.0707071,0.015,0
0.0707071,0.016,0
0.0707071,0.017,0
0.0707071,0.018,0
0.0707071,0.019,0
0.0707071,0.02,0
0.0707071,0.021,0
0.0707071,0.022,0
0.0707071,0.023,0
0.0707071,0.024,0
0.0707071,0.025,0
0.0707071,0.026,0
0.0707071,0.027,0
0.0707071,0.028,0
0.0707071,0.029,0
0.0707071,0.03,0
0.0707071,0.031,0
0.0707071,0.032,0
0.0707071,0.033,3.45672e-13
0.0707071,0.034,-1.0472e-10
0.0707071,0.035,1.39724e-08
0.0707071,0.036,-1.07594e-06
0.0707071,0.037,5.25555e-05
0.0707071,0.038,-0.00167781
0.0707071,0.039,0.0345035
0.0707071,0.04,-0.238452
0.0707071,0.041,-0.587054
0.0707071,0.042,-0.087334
0.0707071,0.043,-0.00972688
0.0707071,0.044,-0.000779986
0.0707071,0.045,-3.97563e-05
0.0707071,0.046,-1.2517e-06
0.0707071,0.047,0
0.0707071,0.048,0
0.0707071,0.049,0
0.0707071,0.05,0
0.0707071,0.051,0
0.0707071,0.052,0
0.0707071,0.053,0
0.0707071,0.054,0
0.0707071,0.055,-5.96046e-08
0.0707071,0.056,2.6226e-06
0.0707071,0.057,-8.01086e-05
0.0707071,0.058,0.00159693
0.0707071,0.059,-0.0196772
0.0707071,0.06,0.130736
0.0707071,0.061,0.677669
0.0707071,0.062,0.17578
0.0707071,0.063,0.0182644
0.0707071,0.064,0.00177393
0.0707071,0.065,0.000110126
0.0707071,0.066,4.3705e-06
0.0707071,0.067,1.0217e-07
0.0707071,0.068,1.0709e-09
0.0707071,0.069,0
0.0707071,0.07,0
0.0707071,0.071,0
0.0707071,0.072,0
0.0707071,0.073,0
0.0707071,0.074,0
0.0707071,0.075,0
0.0707071,0.076,0
0.0707071,0.077,0
0.0707071,0.078,0
0.0707071,0.079,0
0.0707071,0.08,0
0.0707071,0.081,0
0.0707071,0.082,0
0.0707071,0.083,0
0.0707071,0.084,0
0.0707071,0.085,0
0.0707071,0.086,0
0.0707071,0.087,0
0.0707071,0.088,0
0.0707071,0.089,0
0.0707071,0.09,0
0.0707071,0.091,0
0.0707071,0.092,0
0.0707071,0.093,0
0.0707071,0.094,0
0.0707071,0.095,0
0.0707071,0.096,0
0.0707071,0.097,0
0.0707071,0.098,0
0.0707071,0.099,0
0.0707071,0.1,0
0.0808081,0.001,0
0.0808081,0.002,0
0.0808081,0.003,0
0.0808081,0.004,0
0.0808081,0.005,0
0.0808081,0.006,0
0.0808081,0.007,0
0.0808081,0.008,0
0.0808081,0.009,0
0.0808081,0.01,0
0.0808081,0.011,0
0.0808081,0.012,0
0.0808081,0.013,0
0.0808081,0.014,0
0.0808081,0.015,0
0.0808081,0.016,0
0.0808081,0.017,0
0.0808081,0.018,0
0.0808081,0.019,0
0.0808081,0.02,0
0.0808081,0.021,0
0.0808081,0.022,0
0.0808081,0.023,0
0.0808081,0.024,0
0.0808081,0.025,0
0.0808081,0.026,0
0.0808081,0.027,0
0.0808081,0.028,0
0.0808081,0.029,0
0.0808081,0.03,0
0.0808081,0.031,0
0.0808081,0.032,-8.84393e-15
0.0808081,0.033,3.00802e-12
0.0808081,0.034,-4.57061e-10
0.0808081,0.035,4.081e-08
0.0808081,0.036,-2.36697e-06
0.0808081,0.037,9.28569e-05
0.0808081,0.038,-0.00247202
0.0808081,0.039,0.0430936
0.0808081,0.04,-0.237353
0.0808081,0.041,-0.643935
0.0808081,0.042,-0.120503
0.0808081,0.043,-0.0140207
0.0808081,0.044,-0.0013141
0.0808081,0.045,-8.34465e-05
0.0808081,0.046,-3.45707e-06
0.0808081,0.047,-5.96046e-08
0.0808081,0.048,0
0.0808081,0.049,0
0.0808081,0.05,0
0.0808081,0.051,0
0.0808081,0.052,0
0.0808081,0.053,0
0.0808081,0.054,0
0.0808081,0.055,-1.78814e-07
0.0808081,0.056,6.07967e-06
0.0808081,0.057,-0.0001477
0.0808081,0.058,0.00241685
0.0808081,0.059,-0.0250632
0.0808081,0.06,0.141226
0.0808081,0.061,0.722314
0.0808081,0.062,0.223851
0.0808081,0.063,0.0249676
0.0808081,0.064,0.00301148
0.0808081,0.065,0.000236378
0.0808081,0.066,1.23485e-05
0.0808081,0.067,4.22384e-07
0.0808081,0.068,8.62164e-09
0.0808081,0.069,7.96916e-11
0.0808081,0.07,0
0.0808081,0.071,0
0.0808081,0.072,0
0.0808081,0.073,0
0.0808081,0.074,0
0.0808081,0.075,0
0.0808081,0.076,0
0.0808081,0.077,0
0.0808081,0.078,0
0.0808081,0.079,0
0.0808081,0.08,0
0.0808081,0.081,0
0.0808081,0.082,0
0.0808081,0.083,0
0.0808081,0.084,0
0.0808081,0.085,0
0.0808081,0.086,0
0.0808081,0.087,0
0.0808081,0.088,0
0.0808081,0.089,0
0.0808081,0.09,0
0.0808081,0.091,0
0.0808081,0.092,0
0.0808081,0.093,0
0.0808081,0.094,0
0.0808081,0.095,0
0.0808081,0.096,0
0.0808081,0.097,0
0.0808081,0.098,0
0.0808081,0.099,0
0.0808081,0.1,0
0.0909091,0.001,0
0.0909091,0.002,0
0.0909091,0.003,0
0.0909091,0.004,0
0.0909091,0.005,0
0.0909091,0.006,0
0.0909091,0.007,0
0.0909091,0.008,0
0.0909091,0.009,0
0.0909091,0.01,0
0.0909091,0.011,0
0.0909091,0.012,0
0.0909091,0.013,0
0.0909091,0.014,0
0.0909091,0.015,0
0.0909091,0.016,0
0.0909091,0.017,0
0.0909091,0.018,0
0.0909091,0.019,0
0.0909091,0.02,0
0.0909091,0.021,0
0.0909091,0.022,0
0.0909091,0.023,0
0.0909091,0.024,0
0.0909091,0.025,0
0.0909091,0.026,0
0.0909091,0.027,0
0.0909091,0.028,0
0.0909091,0.029,0
0.0909091,0.03,0
0.0909091,0.031,2.2627e-16
0.0909091,0.032,-8.53715e-14
0.0909091,0.033,1.45543e-11
0.0909091,0.034,-1.47863e-09
0.0909091,0.035,9.93414e-08
0.0909091,0.036,-4.62401e-06
0.0909091,0.037,0.000151444
0.0909091,0.038,-0.00344443
0.0909091,0.039,0.0515721
0.0909091,0.04,-0.229791
0.0909091,0.041,0.30079
0.0909091,0.042,-0.163971
0.0909091,0.043,-0.0196663
0.0909091,0.044,-0.00207645
0.0909091,0.045,-0.000156701
0.0909091,0.046,-8.16584e-06
0.0909091,0.047,-2.38419e-07
0.0909091,0.048,0
0.0909091,0.049,0
0.0909091,0.05,0
0.0909091,0.051,0
0.0909091,0.052,0
0.0909091,0.053,0
0.0909091,0.054,0
0.0909091,0.055,-4.17233e-07
0.0909091,0.056,1.23978e-05
0.0909091,0.057,-0.000249565
0.0909091,0.058,0.0034523
0.0909091,0.059,-0.030804
0.0909091,0.06,0.149764
0.0909091,0.061,-0.236393
0.0909091,0.062,0.273167
0.0909091,0.063,0.0325229
0.0909091,0.064,0.00465467
0.0909091,0.065,0.00044786
0.0909091,0.066,2.93201e-05
0.0909091,0.067,1.32044e-06
0.0909091,0.068,3.96304e-08
0.0909091,0.069,7.17382e-10
0.0909091,0.07,5.93027e-12
0.0909091,0.071,0
0.0909091,0.072,0
0.0909091,0.073,0
0.0909091,0.074,0
0.0909091,0.075,0
0.0909091,0.076,0
0.0909091,0.077,0
0.0909091,0.078,0
0.0909091,0.079,0
0.0909091,0.08,0
0.0909091,0.081,0
0.0909091,0.082,0
0.0909091,0.083,0
0.0909091,0.084,0
0.0909091,0.085,0
0.0909091,0.086,0
0.0909091,0.087,0
0.0909091,0.088,0
0.0909091,0.089,0
0.0909091,0.09,0
0.0909091,0.091,0
0.0909091,0.092,0
0.0909091,0.093,0
0.0909091,0.094,0
0.0909091,0.095,0
0.0909091,0.096,0
0.0909091,0.097,0
0.0909091,0.098,0
0.0909091,0.099,0
0.0909091,0.1,0
0.10101,0.001,0
0.10101,0.002,0
0.10101,0.003,0
0.10101,0.004,0
0.10101,0.005,0
0.10101,0.006,0
0.10101,0.007,0
0.10101,0.008,0
0.10101,0.009,0
0.10101,0.01,0
0.10101,0.011,0
0.10101,0.012,0
0.10101,0.013,0
0.10101,0.014,0
0.10101,0.015,0
0.10101,0.016,0
0.10101,0.017,0
0.10101,0.018,0
0.10101,0.019,0
0.10101,0.02,0
0.10101,0.021,0
0.10101,0.022,0
0.10101,0.023,0
0.10101,0.024,0
0.10101,0.025,0
0.10101,0.026,0
0.10101,0.027,0
0.10101,0.028,0
0.10101,0.029,0
0.10101,0.03,-5.78906e-18
0.10101,0.031,2.39943e-15
0.10101,0.032,-4.53553e-13
0.10101,0.033,5.16676e-11
0.10101,0.034,-3.94697e-09
0.10101,0.035,2.12685e-07
0.10101,0.036,-8.26531e-06
0.10101,0.037,0.000231939
0.10101,0.038,-0.00458314
0.10101,0.039,0.0594985
0.10101,0.04,-0.217447
0.10101,0.041,0.247447
0.10101,0.042,-0.214633
0.10101,0.043,-0.0268629
0.10101,0.044,-0.00313395
0.10101,0.045,-0.000271976
0.10101,0.046,-1.69277e-05
0.10101,0.047,-7.15256e-07
0.10101,0.048,0
0.10101,0.049,0
0.10101,0.05,0
0.10101,0.051,0
0.10101,0.052,0
0.10101,0.053,0
0.10101,0.054,0
0.10101,0.055,-8.9407e-07
0.10101,0.056,2.28882e-05
0.10101,0.057,-0.000394404
0.10101,0.058,0.00471318
0.10101,0.059,-0.036796
0.10101,0.06,0.156424
0.10101,0.061,-0.197953
0.10101,0.062,0.322575
0.10101,0.063,0.0417572
0.10101,0.064,0.0067286
0.10101,0.065,0.000769817
0.10101,0.066,6.11657e-05
0.10101,0.067,3.43674e-06
0.10101,0.068,1.35938e-07
0.10101,0.069,3.63131e-09
0.10101,0.07,5.90248e-11
0.10101,0.071,4.41303e-13
0.10101,0.072,0
0.10101,0.073,0
0.10101,0.074,0
0.10101,0.075,0
0.10101,0.076,0
0.10101,0.077,0
0.10101,0.078,0
0.10101,0.079,0
0.10101,0.08,0
0.10101,0.081,0
0.10101,0.082,0
0.10101,0.083,0
0.10101,0.084,0
0.10101,0.085,0
0.10101,0.086,0
0.10101,0.087,0
0.10101,0.088,0
0.10101,0.089,0
0.10101,0.09,0
0.10101,0.091,0
0.10101,0.092,0
0.10101,0.093,0
0.10101,0.094,0
0.10101,0.095,0
0.10101,0.096,0
0.10101,0.097,0
0.10101,0.098,0
0.10101,0.099,0
0.10101,0.1,0
0.111111,0.001,0
0.111111,0.002,0
0.111111,0.003,0
0.111111,0.004,0
0.111111,0.005,0
0.111111,0.006,0
0.111111,0.007,0
0.111111,0.008,0
0.111111,0.009,0
0.111111,0.01,0
0.111111,0.011,0
0.111111,0.012,0
0.111111,0.013,0
0.111111,0.014,0
0.111111,0.015,0
0.111111,0.016,0
0.111111,0.017,0
0.111111,0.018,0
0.111111,0.019,0
0.111111,0.02,0
0.111111,0.021,0
0.111111,0.022,0
0.111111,0.023,0
0.111111,0.024,0
0.111111,0.025,0
0.111111,0.026,0
0.111111,0.027,0
0.111111,0.028,0
0.111111,0.029,1.48112e-19
0.111111,0.03,-6.68952e-17
0.111111,0.031,1.38859e-14
0.111111,0.032,-1.75313e-12
0.111111,0.033,1.50093e-10
0.111111,0.034,-9.19188e-09
0.111111,0.035,4.13472e-07
0.111111,0.036,-1.37796e-05
0.111111,0.037,0.000337468
0.111111,0.038,-0.00586518
0.111111,0.039,0.066533
0.111111,0.04,-0.202239
0.111111,0.041,0.196337
0.111111,0.042,-0.268143
0.111111,0.043,-0.0355735
0.111111,0.044,-0.00456011
0.111111,0.045,-0.000445068
0.111111,0.046,-3.21269e-05
0.111111,0.047,-1.66893e-06
0.111111,0.048,-5.96046e-08
0.111111,0.049,0
0.111111,0.05,0
0.111111,0.051,0
0.111111,0.052,0
0.111111,0.053,0
0.111111,0.054,0
0.111111,0.055,-1.84774e-06
0.111111,0.056,3.95775e-05
0.111111,0.057,-0.000591159
0.111111,0.058,0.00620425
0.111111,0.059,-0.0429378
0.111111,0.06,0.161283
0.111111,0.061,-0.162054
0.111111,0.062,0.371257
0.111111,0.063,0.0537624
0.111111,0.064,0.00930308
0.111111,0.065,0.00122762
0.111111,0.066,0.000115329
0.111111,0.067,7.8168e-06
0.111111,0.068,3.84952e-07
0.111111,0.069,1.35683e-08
0.111111,0.07,3.26356e-10
0.111111,0.071,4.8121e-12
0.111111,0.072,3.28396e-14
0.111111,0.073,0
0.111111,0.074,0
0.111111,0.075,0
0.111111,0.076,0
0.111111,0.077,0
0.111111,0.078,0
0.111111,0.079,0
0.111111,0.08,0
0.111111,0.081,0
0.111111,0.082,0
0.111111,0.083,0
0.111111,0.084,0
0.111111,0.085,0
0.111111,0.086,0
0.111111,0.087,0
0.111111,0.088,0
0.111111,0.089,0
0.111111,0.09,0
0.111111,0.091,0
0.111111,0.092,0
0.111111,0.093,0
0.111111,0.094,0
0.111111,0.095,0
0.111111,0.096,0
0.111111,0.097,0
0.111111,0.098,0
0.111111,0.099,0
0.111111,0.1,0
0.121212,0.001,0
0.121212,0.002,0
0.121212,0.003,0
0.121212,0.004,0
0.121212,0.005,0
0.121212,0.006,0
0.121212,0.007,0
0.121212,0.008,0
0.121212,0.009,0
0.121212,0.01,0
0.121212,0.011,0
0.121212,0.012,0
0.121212,0.013,0
0.121212,0.014,0
0.121212,0.015,0
0.121212,0.016,0
0.121212,0.017,0
0.121212,0.018,0
0.121212,0.019,0
0.121212,0.02,0
0.121212,0.021,0
0.121212,0.022,0
0.121212,0.023,0
0.121212,0.024,0
0.121212,0.025,0
0.121212,0.026,0
0.121212,0.027,0
0.121212,0.028,-3.7894e-21
0.121212,0.029,1.85238e-18
0.121212,0.03,-4.18884e-16
0.121212,0.031,5.80562e-14
0.121212,0.032,-5.50659e-12
0.121212,0.033,3.77806e-10
0.121212,0.034,-1.93104e-08
0.121212,0.035,7.45145e-07
0.121212,0.036,-2.1709e-05
0.121212,0.037,0.000470401
0.121212,0.038,-0.00725916
0.121212,0.039,0.0724728
0.121212,0.04,-0.185949
0.121212,0.041,0.147627
0.121212,0.042,-0.321553
0.121212,0.043,-0.0456108
0.121212,0.044,-0.00642127
0.121212,0.045,-0.000695467
0.121212,0.046,-5.69224e-05
0.121212,0.047,-3.45707e-06
0.121212,0.048,-1.19209e-07
0.121212,0.049,0
0.121212,0.05,0
0.121212,0.051,0
0.121212,0.052,0
0.121212,0.053,0
0.121212,0.054,1.19209e-07
0.121212,0.055,-3.51667e-06
0.121212,0.056,6.4373e-05
0.121212,0.057,-0.000848591
0.121212,0.058,0.00792515
0.121212,0.059,-0.0491303
0.121212,0.06,0.164423
0.121212,0.061,-0.128508
0.121212,0.062,0.418674
0.121212,0.063,0.0694881
0.121212,0.064,0.012492
0.121212,0.065,0.00184985
0.121212,0.066,0.00020073
0.121212,0.067,1.60064e-05
0.121212,0.068,9.47491e-07
0.121212,0.069,4.15437e-08
0.121212,0.07,1.31999e-09
0.121212,0.071,2.88621e-11
0.121212,0.072,3.8933e-13
0.121212,0.073,2.44377e-15
0.121212,0.074,0
0.121212,0.075,0
0.121212,0.076,0
0.121212,0.077,0
0.121212,0.078,0
0.121212,0.079,0
0.121212,0.08,0
0.121212,0.081,0
0.121212,0.082,0
0.121212,0.083,0
0.121212,0.084,0
0.121212,0.085,0
0.121212,0.086,0
0.121212,0.087,0
0.121212,0.088,0
0.121212,0.089,0
0.121212,0.09,0
0.121212,0.091,0
0.121212,0.092,0
0.121212,0.093,0
0.121212,0.094,0
0.121212,0.095,0
0.121212,0.096,0
0.121212,0.097,0
0.121212,0.098,0
0.121212,0.099,0
0.121212,0.1,0
0.131313,0.001,0
0.131313,0.002,0
0.131313,0.003,0
0.131313,0.004,0
0.131313,0.005,0
0.131313,0.006,0
0.131313,0.007,0
0.131313,0.008,0
0.131313,0.009,0
0.131313,0.01,0
0.131313,0.011,0
0.131313,0.012,0
0.131313,0.013,0
0.131313,0.014,0
0.131313,0.015,0
0.131313,0.016,0
0.131313,0.017,0
0.131313,0.018,0
0.131313,0.019,0
0.131313,0.02,0
0.131313,0.021,0
0.131313,0.022,0
0.131313,0.023,0
0.131313,0.024,0
0.131313,0.025,0
0.131313,0.026,0
0.131313,0.027,9.69508e-23
0.131313,0.028,-5.09969e-20
0.131313,0.029,1.24787e-17
0.131313,0.03,-1.88365e-15
0.131313,0.031,1.96075e-13
0.131313,0.032,-1.48994e-11
0.131313,0.033,8.53e-10
0.131313,0.034,-3.74037e-08
0.131313,0.035,1.26275e-06
0.131313,0.036,-3.26267e-05
0.131313,0.037,0.000632173
0.131313,0.038,-0.00872898
0.131313,0.039,0.0772491
0.131313,0.04,-0.169914
0.131313,0.041,0.101418
0.131313,0.042,-0.373635
0.131313,0.043,-0.0568423
0.131313,0.044,-0.0087688
0.131313,0.045,-0.00104594
0.131313,0.046,-9.55462e-05
0.131313,0.047,-6.67572e-06
0.131313,0.048,-2.98023e-07
0.131313,0.049,0
0.131313,0.05,0
0.131313,0.051,0
0.131313,0.052,0
0.131313,0.053,0
0.131313,0.054,2.38419e-07
0.131313,0.055,-6.25849e-06
0.131313,0.056,9.97782e-05
0.131313,0.057,-0.00117546
0.131313,0.058,0.00987113
0.131313,0.059,-0.055278
0.131313,0.06,0.165931
0.131313,0.061,-0.097202
0.131313,0.062,0.46452
0.131313,0.063,0.0894995
0.131313,0.064,0.0164131
0.131313,0.065,0.00267097
0.131313,0.066,0.000327906
0.131313,0.067,3.01347e-05
0.131313,0.068,2.09126e-06
0.131313,0.069,1.09989e-07
0.131313,0.07,4.34628e-09
0.131313,0.071,1.2567e-10
0.131313,0.072,2.51804e-12
0.131313,0.073,3.12965e-14
0.131313,0.074,1.81854e-16
0.131313,0.075,0
0.131313,0.076,0
0.131313,0.077,0
0.131313,0.078,0
0.131313,0.079,0
0.131313,0.08,0
0.131313,0.081,0
0.131313,0.082,0
0.131313,0.083,0
0.131313,0.084,0
0.131313,0.085,0
0.131313,0.086,0
0.131313,0.087,0
0.131313,0.088,0
0.131313,0.089,0
0.131313,0.09,0
0.131313,0.091,0
0.131313,0.092,0
0.131313,0.093,0
0.131313,0.094,0
0.131313,0.095,0
0.131313,0.096,0
0.131313,0.097,0
0.131313,0.098,0
0.131313,0.099,0
0.131313,0.1,0
0.141414,0.001,0
0.141414,0.002,0
0.141414,0.003,0
0.141414,0.004,0
0.141414,0.005,0
0.141414,0.006,0
0.141414,0.007,0
0.141414,0.008,0
0.141414,0.009,0
0.141414,0.01,0
0.141414,0.011,0
0.141414,0.012,0
0.141414,0.013,0
0.141414,0.014,0
0.141414,0.015,0
0.141414,0.016,0
0.141414,0.017,0
0.141414,0.018,0
0.141414,0.019,0
0.141414,0.02,0
0.141414,0.021,0
0.141414,0.022,0
0.141414,0.023,0
0.141414,0.024,0
0.141414,0.025,0
0.141414,0.026,-2.48046e-24
0.141414,0.027,1.39696e-21
0.141414,0.028,-3.67764e-19
0.141414,0.029,6.00582e-17
0.141414,0.03,-6.80727e-15
0.141414,0.031,5.67559e-13
0.141414,0.032,-3.59811e-11
0.141414,0.033,1.7672e-09
0.141414,0.034,-6.78209e-08
0.141414,0.035,2.03306e-06
0.141414,0.036,-4.71099e-05
0.141414,0.037,0.000823203
0.141414,0.038,-0.0102375
0.141414,0.039,0.0808936
0.141414,0.04,-0.154905
0.141414,0.041,0.0578344
0.141414,0.042,-0.42418
0.141414,0.043,-0.0693812
0.141414,0.044,-0.0116423
0.141414,0.045,-0.00152123
0.141414,0.046,-0.000153363
0.141414,0.047,-1.19805e-05
0.141414,0.048,-7.15256e-07
0.141414,0.049,0
0.141414,0.05,0
0.141414,0.051,0
0.141414,0.052,0
0.141414,0.053,0
0.141414,0.054,5.96046e-07
0.141414,0.055,-1.04308e-05
0.141414,0.056,0.000148654
0.141414,0.057,-0.00158
0.141414,0.058,0.0120327
0.141414,0.059,-0.0612888
0.141414,0.06,0.165896
0.141414,0.061,-0.0680685
0.141414,0.062,0.508666
0.141414,0.063,0.113913
0.141414,0.064,0.0211282
0.141414,0.065,0.00373078
0.141414,0.066,0.000509328
0.141414,0.067,5.30024e-05
0.141414,0.068,4.22874e-06
0.141414,0.069,2.60128e-07
0.141414,0.07,1.23157e-08
0.141414,0.071,4.42898e-10
0.141414,0.072,1.1746e-11
0.141414,0.073,2.17144e-13
0.141414,0.074,2.50191e-15
0.141414,0.075,1.35327e-17
0.141414,0.076,0
0.141414,0.077,0
0.141414,0.078,0
0.141414,0.079,0
0.141414,0.08,0
0.141414,0.081,0
0.141414,0.082,0
0.141414,0.083,0
0.141414,0.084,0
0.141414,0.085,0
0.141414,0.086,0
0.141414,0.087,0
0.141414,0.088,0
0.141414,0.089,0
0.141414,0.09,0
0.141414,0.091,0
0.141414,0.092,0
0.141414,0.093,0
0.141414,0.094,0
0.141414,0.095,0
0.141414,0.096,0
0.141414,0.097,0
0.141414,0.098,0
0.141414,0.099,0
0.141414,0.1,0
0.151515,0.001,0
0.151515,0.002,0
0.151515,0.003,0
0.151515,0.004,0
0.151515,0.005,0
0.151515,0.006,0
0.151515,0.007,0
0.151515,0.008,0
0.151515,0.009,0
0.151515,0.01,0
0.151515,0.011,0
0.151515,0.012,0
0.151515,0.013,0
0.151515,0.014,0
0.151515,0.015,0
0.151515,0.016,0
0.151515,0.017,0
0.151515,0.018,0
0.151515,0.019,0
0.151515,0.02,0
0.151515,0.021,0
0.151515,0.022,0
0.151515,0.023,0
0.151515,0.024,0
0.151515,0.025,6.3462e-26
0.151515,0.026,-3.81002e-23
0.151515,0.027,1.07377e-20
0.151515,0.028,-1.88628e-18
0.151515,0.029,2.3126e-16
0.151515,0.03,-2.09912e-14
0.151515,0.031,1.45991e-12
0.151515,0.032,-7.93954e-11
0.151515,0.033,3.41341e-09
0.151515,0.034,-1.16393e-07
0.151515,0.035,3.13405e-06
0.151515,0.036,-6.57131e-05
0.151515,0.037,0.00104292
0.151515,0.038,-0.0117497
0.151515,0.039,0.0834945
0.151515,0.04,-0.141166
0.151515,0.041,0.0170856
0.151515,0.042,-0.473411
0.151515,0.043,-0.0837533
0.151515,0.044,-0.0150824
0.151515,0.045,-0.00214732
0.151515,0.046,-0.000237107
0.151515,0.047,-2.0504e-05
0.151515,0.048,-1.37091e-06
0.151515,0.049,-5.96046e-08
0.151515,0.05,0
0.151515,0.051,0
0.151515,0.052,0
0.151515,0.053,0
0.151515,0.054,9.53674e-07
0.151515,0.055,-1.66297e-05
0.151515,0.056,0.0002141
0.151515,0.057,-0.00206971
0.151515,0.058,0.0143967
0.151515,0.059,-0.067075
0.151515,0.06,0.16441
0.151515,0.061,-0.0410622
0.151515,0.062,0.551103
0.151515,0.063,0.142458
0.151515,0.064,0.0265978
0.151515,0.065,0.00506936
0.151515,0.066,0.000759653
0.151515,0.067,8.81875e-05
0.151515,0.068,7.95955e-06
0.151515,0.069,5.61792e-07
0.151515,0.07,3.10605e-08
0.151515,0.071,1.33745e-09
0.151515,0.072,4.41253e-11
0.151515,0.073,1.08056e-12
0.151515,0.074,1.85382e-14
0.151515,0.075,1.99052e-16
0.151515,0.076,1.00704e-18
0.151515,0.077,0
0.151515,0.078,0
0.151515,0.079,0
0.151515,0.08,0
0.151515,0.081,0
0.151515,0.082,0
0.151515,0.083,0
0.151515,0.084,0
0.151515,0.085,0
0.151515,0.086,0
0.151515,0.087,0
0.151515,0.088,0
0.151515,0.089,0
0.151515,0.09,0
0.151515,0.091,0
0.151515,0.092,0
0.151515,0.093,0
0.151515,0.094,0
0.151515,0.095,0
0.151515,0.096,0
0.151515,0.097,0
0.151515,0.098,0
0.151515,0.099,0
0.151515,0.1,0
0.161616,0.001,0
0.161616,0.002,0
0.161616,0.003,0
0.161616,0.004,0
0.161616,0.005,0
0.161616,0.006,0
0.161616,0.007,0
0.161616,0.008,0
0.161616,0.009,0
0.161616,0.01,0
0.161616,0.011,0
0.161616,0.012,0
0.161616,0.013,0
0.161616,0.014,0
0.161616,0.015,0
0.161616,0.016,0
0.161616,0.017,0
0.161616,0.018,0
0.161616,0.019,0
0.161616,0.02,0
0.161616,0.021,0
0.161616,0.022,0
0.161616,0.023,0
0.161616,0.024,-1.62366e-27
0.161616,0.025,1.03515e-24
0.161616,0.026,-3.10957e-22
0.161616,0.027,5.84705e-20
0.161616,0.028,-7.71011e-18
0.161616,0.029,7.56883e-16
0.161616,0.03,-5.73003e-14
0.161616,0.031,3.41837e-12
0.161616,0.032,-1.62741e-10
0.161616,0.033,6.21871e-09
0.161616,0.034,-1.90639e-07
0.161616,0.035,4.65364e-06
0.161616,0.036,-8.89429e-05
0.161616,0.037,0.00128985
0.161616,0.038,-0.0132342
0.161616,0.039,0.0851593
0.161616,0.04,-0.128568
0.161616,0.041,-0.0205015
0.161616,0.042,-0.521676
0.161616,0.043,-0.101041
0.161616,0.044,-0.0191479
0.161616,0.045,-0.00295144
0.161616,0.046,-0.000354767
0.161616,0.047,-3.36766e-05
0.161616,0.048,-2.5034e-06
0.161616,0.049,-1.19209e-07
0.161616,0.05,0
0.161616,0.051,0
0.161616,0.052,0
0.161616,0.053,-5.96046e-08
0.161616,0.054,1.66893e-06
0.161616,0.055,-2.55704e-05
0.161616,0.056,0.000299454
0.161616,0.057,-0.00265133
0.161616,0.058,0.0169458
0.161616,0.059,-0.0725535
0.161616,0.06,0.161569
0.161616,0.061,-0.0161492
0.161616,0.062,0.591885
0.161616,0.063,0.174598
0.161616,0.064,0.0327004
0.161616,0.065,0.00671929
0.161616,0.066,0.00109557
0.161616,0.067,0.000140163
0.161616,0.068,1.41184e-05
0.161616,0.069,1.12587e-06
0.161616,0.07,7.13155e-08
0.161616,0.071,3.58238e-09
0.161616,0.072,1.41469e-10
0.161616,0.073,4.31092e-12
0.161616,0.074,9.80382e-14
0.161616,0.075,1.56883e-15
0.161616,0.076,1.57704e-17
0.161616,0.077,7.4939e-20
0.161616,0.078,0
0.161616,0.079,0
0.161616,0.08,0
0.161616,0.081,0
0.161616,0.082,0
0.161616,0.083,0
0.161616,0.084,0
0.161616,0.085,0
0.161616,0.086,0
0.161616,0.087,0
0.161616,0.088,0
0.161616,0.089,0
0.161616,0.09,0
0.161616,0.091,0
0.161616,0.092,0
0.161616,0.093,0
0.161616,0.094,0
0.161616,0.095,0
0.161616,0.096,0
0.161616,0.097,0
0.161616,0.098,0
0.161616,0.099,0
0.161616,0.1,0
0.171717,0.001,0
0.171717,0.002,0
0.171717,0.003,0
0.171717,0.004,0
0.171717,0.005,0
0.171717,0.006,0
0.171717,0.007,0
0.171717,0.008,0
0.171717,0.009,0
0.171717,0.01,0
0.171717,0.011,0
0.171717,0.012,0
0.171717,0.013,0
0.171717,0.014,0
0.171717,0.015,0
0.171717,0.016,0
0.171717,0.017,0
0.171717,0.018,0
0.171717,0.019,0
0.171717,0.02,0
0.171717,0.021,0
0.171717,0.022,0
0.171717,0.023,4.15409e-29
0.171717,0.024,-2.80284e-26
0.171717,0.025,8.94023e-24
0.171717,0.026,-1.79165e-21
0.171717,0.027,2.52853e-19
0.171717,0.028,-2.66939e-17
0.171717,0.029,2.18537e-15
0.171717,0.03,-1.41904e-13
0.171717,0.031,7.41087e-12
0.171717,0.032,-3.13644e-10
0.171717,0.033,1.07804e-08
0.171717,0.034,-2.99929e-07
0.171717,0.035,6.68787e-06
0.171717,0.036,-0.000117236
0.171717,0.037,0.00156177
0.171717,0.038,-0.0146639
0.171717,0.039,0.0859901
0.171717,0.04,-0.116777
0.171717,0.041,-0.05448
0.171717,0.042,-0.569284
0.171717,0.043,-0.122884
0.171717,0.044,-0.0239353
0.171717,0.045,-0.00396276
0.171717,0.046,-0.000515759
0.171717,0.047,-5.32269e-05
0.171717,0.048,-4.35114e-06
0.171717,0.049,-2.38419e-07
0.171717,0.05,0
0.171717,0.051,0
0.171717,0.052,0
0.171717,0.053,-1.19209e-07
0.171717,0.054,2.74181e-06
0.171717,0.055,-3.80278e-05
0.171717,0.056,0.000408173
0.171717,0.057,-0.00333059
0.171717,0.058,0.0196599
0.171717,0.059,-0.0776473
0.171717,0.06,0.157469
0.171717,0.061,0.00670004
0.171717,0.062,0.631091
0.171717,0.063,0.209657
0.171717,0.064,0.0393386
0.171717,0.065,0.00870024
0.171717,0.066,0.00153506
0.171717,0.067,0.000214393
0.171717,0.068,2.38289e-05
0.171717,0.069,2.11968e-06
0.171717,0.07,1.51523e-07
0.171717,0.071,8.71079e-09
0.171717,0.072,4.01035e-10
0.171717,0.073,1.46254e-11
0.171717,0.074,4.14009e-13
0.171717,0.075,8.78736e-15
0.171717,0.076,1.31744e-16
0.171717,0.077,1.24484e-18
0.171717,0.078,5.57661e-21
0.171717,0.079,0
0.171717,0.08,0
0.171717,0.081,0
0.171717,0.082,0
0.171717,0.083,0
0.171717,0.084,0
0.171717,0.085,0
0.171717,0.086,0
0.171717,0.087,0
0.171717,0.088,0
0.171717,0.089,0
0.171717,0.09,0
0.171717,0.091,0
0.171717,0.092,0
0.171717,0.093,0
0.171717,0.094,0
0.171717,0.095,0
0.171717,0.096,0
0.171717,0.097,0
0.171717,0.098,0
0.171717,0.099,0
0.171717,0.1,0
0.181818,0.001,0
0.181818,0.002,0
0.181818,0.003,0
0.181818,0.004,0
0.181818,0.005,0
0.181818,0.006,0
0.181818,0.007,0
0.181818,0.008,0
0.181818,0.009,0
0.181818,0.01,0
0.181818,0.011,0
0.181818,0.012,0
0.181818,0.013,0
0.181818,0.014,0
0.181818,0.015,0
0.181818,0.016,0
0.181818,0.017,0
0.181818,0.018,0
0.181818,0.019,0
0.181818,0.02,0
0.181818,0.021,0
0.181818,0.022,-1.06281e-30
0.181818,0.023,7.56612e-28
0.181818,0.024,-2.5539e-25
0.181818,0.025,5.43405e-23
0.181818,0.026,-8.17269e-21
0.181818,0.027,9.23331e-19
0.181818,0.028,-8.12837e-17
0.181818,0.029,5.70725e-15
0.181818,0.03,-3.24418e-13
0.181818,0.031,1.50629e-11
0.181818,0.032,-5.73591e-10
0.181818,0.033,1.79042e-08
0.181818,0.034,-4.55588e-07
0.181818,0.035,9.33857e-06
0.181818,0.036,-0.000150944
0.181818,0.037,0.00185583
0.181818,0.038,-0.0160162
0.181818,0.039,0.0860733
0.181818,0.04,-0.10541
0.181818,0.041,-0.0843088
0.181818,0.042,-0.616425
0.181818,0.043,-0.15105
0.181818,0.044,-0.0295888
0.181818,0.045,-0.0052141
0.181818,0.046,-0.000730753
0.181818,0.047,-8.15988e-05
0.181818,0.048,-7.27177e-06
0.181818,0.049,-4.76837e-07
0.181818,0.05,0
0.181818,0.051,0
0.181818,0.052,0
0.181818,0.053,-2.38419e-07
0.181818,0.054,4.29153e-06
0.181818,0.055,-5.49555e-05
0.181818,0.056,0.000543952
0.181818,0.057,-0.00411201
0.181818,0.058,0.0225155
0.181818,0.059,-0.0822852
0.181818,0.06,0.152208
0.181818,0.061,0.0275149
0.181818,0.062,0.668796
0.181818,0.063,0.246917
0.181818,0.064,0.0465826
0.181818,0.065,0.0110215
0.181818,0.066,0.00209628
0.181818,0.067,0.00031737
0.181818,0.068,3.85617e-05
0.181818,0.069,3.78548e-06
0.181818,0.07,3.01637e-07
0.181818,0.071,1.95508e-08
0.181818,0.072,1.02929e-09
0.181818,0.073,4.37438e-11
0.181818,0.074,1.48192e-12
0.181818,0.075,3.91635e-14
0.181818,0.076,7.79192e-16
0.181818,0.077,1.09876e-17
0.181818,0.078,9.79392e-20
0.181818,0.079,4.14985e-22
0.181818,0.08,0
0.181818,0.081,0
0.181818,0.082,0
0.181818,0.083,0
0.181818,0.084,0
0.181818,0.085,0
0.181818,0.086,0
0.181818,0.087,0
0.181818,0.088,0
0.181818,0.089,0
0.181818,0.09,0
0.181818,0.091,0
0.181818,0.092,0
0.181818,0.093,0
0.181818,0.094,0
0.181818,0.095,0
0.181818,0.096,0
0.181818,0.097,0
0.181818,0.098,0
0.181818,0.099,0
0.181818,0.1,0
0.191919,0.001,0
0.191919,0.002,0
0.191919,0.003,0
0.191919,0.004,0
0.191919,0.005,0
0.191919,0.006,0
0.191919,0.007,0
0.191919,0.008,0
0.191919,0.009,0
0.191919,0.01,0
0.191919,0.011,0
0.191919,0.012,0
0.191919,0.013,0
0.191919,0.014,0
0.191919,0.015,0
0.191919,0.016,0
0.191919,0.017,0
0.191919,0.018,0
0.191919,0.019,0
0.191919,0.02,0
0.191919,0.021,2.71918e-32
0.191919,0.022,-2.03686e-29
0.191919,0.023,7.25368e-27
0.191919,0.024,-1.63315e-24
0.191919,0.025,2.60764e-22
0.191919,0.026,-3.13928e-20
0.191919,0.027,2.95726e-18
0.191919,0.028,-2.23264e-16
0.191919,0.029,1.37227e-14
0.191919,0.03,-6.93533e-13
0.191919,0.031,2.89784e-11
0.191919,0.032,-1.00254e-09
0.191919,0.033,2.86434e-08
0.191919,0.034,-6.70934e-07
0.191919,0.035,1.27108e-05
0.191919,0.036,-0.000190319
0.191919,0.037,0.00216872
0.191919,0.038,-0.0172722
0.191919,0.039,0.0854791
0.191919,0.04,-0.0941363
0.191919,0.041,-0.109419
0.191919,0.042,0.336891
0.191919,0.043,-0.186427
0.191919,0.044,-0.0362805
0.191919,0.045,-0.00674421
0.191919,0.046,-0.00101203
0.191919,0.047,-0.000121713
0.191919,0.048,-1.18017e-05
0.191919,0.049,-8.9407e-07
0.191919,0.05,0
0.191919,0.051,0
0.191919,0.052,0
0.191919,0.053,-4.17233e-07
0.191919,0.054,6.55651e-06
0.191919,0.055,-7.74264e-05
0.191919,0.056,0.000710607
0.191919,0.057,-0.00499886
0.191919,0.058,0.0254868
0.191919,0.059,-0.0864033
0.191919,0.06,0.145886
0.191919,0.061,0.0463264
0.191919,0.062,-0.294947
0.191919,0.063,0.285686
0.191919,0.064,0.0547525
0.191919,0.065,0.0136934
0.191919,0.066,0.00279674
0.191919,0.067,0.000456556
0.191919,0.068,6.01913e-05
0.191919,0.069,6.46238e-06
0.191919,0.07,5.68105e-07
0.191919,0.071,4.10162e-08
0.191919,0.072,2.43279e-09
0.191919,0.073,1.18165e-10
0.191919,0.074,4.66376e-12
0.191919,0.075,1.47509e-13
0.191919,0.076,3.65522e-15
0.191919,0.077,6.84324e-17
0.191919,0.078,9.10794e-19
0.191919,0.079,7.68289e-21
0.191919,0.08,3.08812e-23
0.191919,0.081,0
0.191919,0.082,0
0.191919,0.083,0
0.191919,0.084,0
0.191919,0.085,0
0.191919,0.086,0
0.191919,0.087,0
0.191919,0.088,0
0.191919,0.089,0
0.191919,0.09,0
0.191919,0.091,0
0.191919,0.092,0
0.191919,0.093,0
0.191919,0.094,0
0.191919,0.095,0
0.191919,0.096,0
0.191919,0.097,0
0.191919,0.098,0
0.191919,0.099,0
0.191919,0.1,0
0.20202,0.001,0
0.20202,0.002,0
0.20202,0.003,0
0.20202,0.004,0
0.20202,0.005,0
0.20202,0.006,0
0.20202,0.007,0
0.20202,0.008,0
0.20202,0.009,0
0.20202,0.01,0
0.20202,0.011,0
0.20202,0.012,0
0.20202,0.013,0
0.20202,0.014,0
0.20202,0.015,0
0.20202,0.016,0
0.20202,0.017,0
0.20202,0.018,0
0.20202,0.019,0
0.20202,0.02,-6.95696e-34
0.20202,0.021,5.46991e-31
0.20202,0.022,-2.04956e-28
0.20202,0.023,4.86817e-26
0.20202,0.024,-8.22445e-24
0.20202,0.025,1.05109e-21
0.20202,0.026,-1.05501e-19
0.20202,0.027,8.52268e-18
0.20202,0.028,-5.63233e-16
0.20202,0.029,3.07798e-14
0.20202,0.03,-1.40005e-12
0.20202,0.031,5.31614e-11
0.20202,0.032,-1.68426e-09
0.20202,0.033,4.43358e-08
0.20202,0.034,-9.6124e-07
0.20202,0.035,1.69098e-05
0.20202,0.036,-0.000235508
0.20202,0.037,0.00249676
0.20202,0.038,-0.0184168
0.20202,0.039,0.0842653
0.20202,0.04,-0.0827371
0.20202,0.041,-0.129319
0.20202,0.042,0.290825
0.20202,0.043,-0.228094
0.20202,0.044,-0.044147
0.20202,0.045,-0.00859833
0.20202,0.046,-0.00137365
0.20202,0.047,-0.000177026
0.20202,0.048,-1.84774e-05
0.20202,0.049,-1.54972e-06
0.20202,0.05,-5.96046e-08
0.20202,0.051,0
0.20202,0.052,0
0.20202,0.053,-6.55651e-07
0.20202,0.054,9.77516e-06
0.20202,0.055,-0.000106692
0.20202,0.056,0.000911832
0.20202,0.057,-0.00599307
0.20202,0.058,0.0285457
0.20202,0.059,-0.0899451
0.20202,0.06,0.138602
0.20202,0.061,0.0631692
0.20202,0.062,-0.260108
0.20202,0.063,0.325332
0.20202,0.064,0.0643844
0.20202,0.065,0.016741
0.20202,0.066,0.00365326
0.20202,0.067,0.000640271
0.20202,0.068,9.10459e-05
0.20202,0.069,1.06112e-05
0.20202,0.07,1.02021e-06
0.20202,0.071,8.12268e-08
0.20202,0.072,5.36321e-09
0.20202,0.073,2.93313e-10
0.20202,0.074,1.32255e-11
0.20202,0.075,4.87267e-13
0.20202,0.076,1.44519e-14
0.20202,0.077,3.37072e-16
0.20202,0.078,5.95853e-18
0.20202,0.079,7.50839e-20
0.20202,0.08,6.01097e-22
0.20202,0.081,2.29803e-24
0.20202,0.082,0
0.20202,0.083,0
0.20202,0.084,0
0.20202,0.085,0
0.20202,0.086,0
0.20202,0.087,0
0.20202,0.088,0
0.20202,0.089,0
0.20202,0.09,0
0.20202,0.091,0
0.20202,0.092,0
0.20202,0.093,0
0.20202,0.094,0
0.20202,0.095,0
0.20202,0.096,0
0.20202,0.097,0
0.20202,0.098,0
0.20202,0.099,0
0.20202,0.1,0
0.212121,0.001,0
0.212121,0.002,0
0.212121,0.003,0
0.212121,0.004,0
0.212121,0.005,0
0.212121,0.006,0
0.212121,0.007,0
0.212121,0.008,0
0.212121,0.009,0
0.212121,0.01,0
0.212121,0.011,0
0.212121,0.012,0
0.212121,0.013,0
0.212121,0.014,0
0.212121,0.015,0
0.212121,0.016,0
0.212121,0.017,0
0.212121,0.018,0
0.212121,0.019,1.77992e-35
0.212121,0.02,-1.46563e-32
0.212121,0.021,5.76397e-30
0.212121,0.022,-1.44042e-27
0.212121,0.023,2.5671e-25
0.212121,0.024,-3.4711e-23
0.212121,0.025,3.69837e-21
0.212121,0.026,-3.18322e-19
0.212121,0.027,2.25088e-17
0.212121,0.028,-1.32259e-15
0.212121,0.029,6.50549e-14
0.212121,0.03,-2.68952e-12
0.212121,0.031,9.35527e-11
0.212121,0.032,-2.73238e-09
0.212121,0.033,6.66386e-08
0.212121,0.034,-1.34363e-06
0.212121,0.035,2.20386e-05
0.212121,0.036,-0.000286548
0.212121,0.037,0.00283603
0.212121,0.038,-0.0194373
0.212121,0.039,0.0824834
0.212121,0.04,-0.0711233
0.212121,0.041,-0.14372
0.212121,0.042,0.245629
0.212121,0.043,-0.273681
0.212121,0.044,-0.0532213
0.212121,0.045,-0.0108259
0.212121,0.046,-0.00183177
0.212121,0.047,-0.00025183
0.212121,0.048,-2.8193e-05
0.212121,0.049,-2.563e-06
0.212121,0.05,-1.19209e-07
0.212121,0.051,0
0.212121,0.052,0
0.212121,0.053,-1.07288e-06
0.212121,0.054,1.41859e-05
0.212121,0.055,-0.000144005
0.212121,0.056,0.00115156
0.212121,0.057,-0.00709498
0.212121,0.058,0.0316627
0.212121,0.059,-0.0928624
0.212121,0.06,0.130459
0.212121,0.061,0.0780829
0.212121,0.062,-0.226682
0.212121,0.063,0.365313
0.212121,0.064,0.0761099
0.212121,0.065,0.0202106
0.212121,0.066,0.00468297
0.212121,0.067,0.000877571
0.212121,0.068,0.000133944
0.212121,0.069,1.68415e-05
0.212121,0.07,1.75794e-06
0.212121,0.071,1.53042e-07
0.212121,0.072,1.11383e-08
0.212121,0.073,6.77756e-10
0.212121,0.074,3.43942e-11
0.212121,0.075,1.44728e-12
0.212121,0.076,4.99976e-14
0.212121,0.077,1.3959e-15
0.212121,0.078,3.07489e-17
0.212121,0.079,5.14808e-19
0.212121,0.08,6.15907e-21
0.212121,0.081,4.69166e-23
0.212121,0.082,1.71009e-25
0.212121,0.083,0
0.212121,0.084,0
0.212121,0.085,0
0.212121,0.086,0
0.212121,0.087,0
0.212121,0.088,0
0.212121,0.089,0
0.212121,0.09,0
0.212121,0.091,0
0.212121,0.092,0
0.212121,0.093,0
0.212121,0.094,0
0.212121,0.095,0
0.212121,0.096,0
0.212121,0.097,0
0.212121,0.098,0
0.212121,0.099,0
0.212121,0.1,0
0.222222,0.001,0
0.222222,0.002,0
0.222222,0.003,0
0.222222,0.004,0
0.222222,0.005,0
0.222222,0.006,0
0.222222,0.007,0
0.222222,0.008,0
0.222222,0.009,0
0.222222,0.01,0
0.222222,0.011,0
0.222222,0.012,0
0.222222,0.013,0
0.222222,0.014,0
0.222222,0.015,0
0.222222,0.016,0
0.222222,0.017,0
0.222222,0.018,-4.55389e-37
0.222222,0.019,3.91909e-34
0.222222,0.02,-1.61409e-31
0.222222,0.021,4.23341e-29
0.222222,0.022,-7.93751e-27
0.222222,0.023,1.13214e-24
0.222222,0.024,-1.27619e-22
0.222222,0.025,1.16594e-20
0.222222,0.026,-8.78386e-19
0.222222,0.027,5.52242e-17
0.222222,0.028,-2.92075e-15
0.222222,0.029,1.30591e-13
0.222222,0.03,-4.94687e-12
0.222222,0.031,1.58692e-10
0.222222,0.032,-4.29693e-09
0.222222,0.033,9.75578e-08
0.222222,0.034,-1.83691e-06
0.222222,0.035,2.81947e-05
0.222222,0.036,-0.000343367
0.222222,0.037,0.00318244
0.222222,0.038,-0.0203244
0.222222,0.039,0.0801839
0.222222,0.04,-0.0593244
0.222222,0.041,-0.152639
0.222222,0.042,0.201549
0.222222,0.043,-0.320754
0.222222,0.044,-0.0634396
0.222222,0.045,-0.013474
0.222222,0.046,-0.00240469
0.222222,0.047,-0.000351131
0.222222,0.048,-4.20213e-05
0.222222,0.049,-4.17233e-06
0.222222,0.05,-2.38419e-07
0.222222,0.051,0
0.222222,0.052,0
0.222222,0.053,-1.66893e-06
0.222222,0.054,2.01464e-05
0.222222,0.055,-0.000190914
0.222222,0.056,0.00143325
0.222222,0.057,-0.00830352
0.222222,0.058,0.0348066
0.222222,0.059,-0.0951161
0.222222,0.06,0.121557
0.222222,0.061,0.0911125
0.222222,0.062,-0.194681
0.222222,0.063,0.405191
0.222222,0.064,0.0905135
0.222222,0.065,0.0241636
0.222222,0.066,0.00590466
0.222222,0.067,0.00117821
0.222222,0.068,0.000192221
0.222222,0.069,2.59403e-05
0.222222,0.07,2.92142e-06
0.222222,0.071,2.76101e-07
0.222222,0.072,2.19658e-08
0.222222,0.073,1.47264e-09
0.222222,0.074,8.31131e-11
0.222222,0.075,3.93478e-12
0.222222,0.076,1.55221e-13
0.222222,0.077,5.04754e-15
0.222222,0.078,1.3311e-16
0.222222,0.079,2.7777e-18
0.222222,0.08,4.41667e-20
0.222222,0.081,5.0295e-22
0.222222,0.082,3.65397e-24
0.222222,0.083,1.27256e-26
0.222222,0.084,0
0.222222,0.085,0
0.222222,0.086,0
0.222222,0.087,0
0.222222,0.088,0
0.222222,0.089,0
0.222222,0.09,0
0.222222,0.091,0
0.222222,0.092,0
0.222222,0.093,0
0.222222,0.094,0
0.222222,0.095,0
0.222222,0.096,0
0.222222,0.097,0
0.222222,0.098,0
0.222222,0.099,0
0.222222,0.1,0
0.232323,0.001,0
0.232323,0.002,0
0.232323,0.003,0
0.232323,0.004,0
0.232323,0.005,0
0.232323,0.006,0
0.232323,0.007,0
0.232323,0.008,0
0.232323,0.009,0
0.232323,0.01,0
0.232323,0.011,0
0.232323,0.012,0
0.232323,0.013,0
0.232323,0.014,0
0.232323,0.015,0
0.232323,0.016,0
0.232323,0.017,1.1651e-38
0.232323,0.018,-1.04601e-35
0.232323,0.019,4.50235e-33
0.232323,0.02,-1.23661e-30
0.232323,0.021,2.43334e-28
0.232323,0.022,-3.65123e-26
0.232323,0.023,4.34136e-24
0.232323,0.024,-4.19605e-22
0.232323,0.025,3.35539e-20
0.232323,0.026,-2.24752e-18
0.232323,0.027,1.27189e-16
0.232323,0.028,-6.11514e-15
0.232323,0.029,2.50561e-13
0.232323,0.03,-8.75568e-12
0.232323,0.031,2.6051e-10
0.232323,0.032,-6.57129e-09
0.232323,0.033,1.39471e-07
0.232323,0.034,-2.4613e-06
0.232323,0.035,3.54676e-05
0.232323,0.036,-0.000405781
0.232323,0.037,0.00353185
0.232323,0.038,-0.0210709
0.232323,0.039,0.0774193
0.232323,0.04,-0.0474595
0.232323,0.041,-0.156442
0.232323,0.042,0.158786
0.232323,0.043,-0.367737
0.232323,0.044,-0.0747384
0.232323,0.045,-0.0165828
0.232323,0.046,-0.00311255
0.232323,0.047,-0.00048089
0.232323,0.048,-6.1214e-05
0.232323,0.049,-6.49691e-06
0.232323,0.05,-4.76837e-07
0.232323,0.051,0
0.232323,0.052,1.19209e-07
0.232323,0.053,-2.5034e-06
0.232323,0.054,2.80142e-05
0.232323,0.055,-0.000248969
0.232323,0.056,0.00176048
0.232323,0.057,-0.00961596
0.232323,0.058,0.0379457
0.232323,0.059,-0.096676
0.232323,0.06,0.111999
0.232323,0.061,0.102309
0.232323,0.062,-0.16413
0.232323,0.063,0.444638
0.232323,0.064,0.108018
0.232323,0.065,0.0286579
0.232323,0.066,0.00733945
0.232323,0.067,0.00155269
0.232323,0.068,0.000269749
0.232323,0.069,3.89003e-05
0.232323,0.07,4.702e-06
0.232323,0.071,4.79455e-07
0.232323,0.072,4.14017e-08
0.232323,0.073,3.0332e-09
0.232323,0.074,1.88541e-10
0.232323,0.075,9.92355e-12
0.232323,0.076,4.4032e-13
0.232323,0.077,1.63484e-14
0.232323,0.078,5.02153e-16
0.232323,0.079,1.25464e-17
0.232323,0.08,2.487e-19
0.232323,0.081,3.76497e-21
0.232323,0.082,4.09024e-23
0.232323,0.083,2.84015e-25
0.232323,0.084,9.46982e-28
0.232323,0.085,0
0.232323,0.086,0
0.232323,0.087,0
0.232323,0.088,0
0.232323,0.089,0
0.232323,0.09,0
0.232323,0.091,0
0.232323,0.092,0
0.232323,0.093,0
0.232323,0.094,0
0.232323,0.095,0
0.232323,0.096,0
0.232323,0.097,0
0.232323,0.098,0
0.232323,0.099,0
0.232323,0.1,0
0.242424,0.001,0
0.242424,0.002,0
0.242424,0.003,0
0.242424,0.004,0
0.242424,0.005,0
0.242424,0.006,0
0.242424,0.007,0
0.242424,0.008,0
0.242424,0.009,0
0.242424,0.01,0
0.242424,0.011,0
0.242424,0.012,0
0.242424,0.013,0
0.242424,0.014,0
0.242424,0.015,0
0.242424,0.016,-2.98088e-40
0.242424,0.017,2.787e-37
0.242424,0.018,-1.2514e-34
0.242424,0.019,3.592e-32
0.242424,0.02,-7.40152e-30
0.242424,0.021,1.16552e-27
0.242424,0.022,-1.45784e-25
0.242424,0.023,1.48621e-23
0.242424,0.024,-1.25726e-21
0.242424,0.025,8.93865e-20
0.242424,0.026,-5.38937e-18
0.242424,0.027,2.77265e-16
0.242424,0.028,-1.22176e-14
0.242424,0.029,4.61883e-13
0.242424,0.03,-1.49746e-11
0.242424,0.031,4.15263e-10
0.242424,0.032,-9.79936e-09
0.242424,0.033,1.95144e-07
0.242424,0.034,-3.23815e-06
0.242424,0.035,4.39365e-05
0.242424,0.036,-0.000473505
0.242424,0.037,0.00388009
0.242424,0.038,-0.0216726
0.242424,0.039,0.0742453
0.242424,0.04,-0.0357006
0.242424,0.041,-0.15581
0.242424,0.042,0.117522
0.242424,0.043,-0.413949
0.242424,0.044,-0.0871862
0.242424,0.045,-0.0201854
0.242424,0.046,-0.003977
0.242424,0.047,-0.000648081
0.242424,0.048,-8.744e-05
0.242424,0.049,-9.89437e-06
0.242424,0.05,-8.34465e-07
0.242424,0.051,0
0.242424,0.052,2.38419e-07
0.242424,0.053,-3.63588e-06
0.242424,0.054,3.8147e-05
0.242424,0.055,-0.000319898
0.242424,0.056,0.00213635
0.242424,0.057,-0.011028
0.242424,0.058,0.0410478
0.242424,0.059,-0.0975218
0.242424,0.06,0.101888
0.242424,0.061,0.111728
0.242424,0.062,-0.135057
0.242424,0.063,0.483424
0.242424,0.064,0.128825
0.242424,0.065,0.0337222
0.242424,0.066,0.00901002
0.242424,0.067,0.00201236
0.242424,0.068,0.000370955
0.242424,0.069,5.69486e-05
0.242424,0.07,7.3548e-06
0.242424,0.071,8.04883e-07
0.242424,0.072,7.49812e-08
0.242424,0.073,5.96118e-09
0.242424,0.074,4.04797e-10
0.242424,0.075,2.3458e-11
0.242424,0.076,1.15686e-12
0.242424,0.077,4.83038e-14
0.242424,0.078,1.69388e-15
0.242424,0.079,4.92952e-17
0.242424,0.08,1.1701e-18
0.242424,0.081,2.20872e-20
0.242424,0.082,3.19069e-22
0.242424,0.083,3.31388e-24
0.242424,0.084,2.20358e-26
0.242424,0.085,7.04699e-29
0.242424,0.086,0
0.242424,0.087,0
0.242424,0.088,0
0.242424,0.089,0
0.242424,0.09,0
0.242424,0.091,0
0.242424,0.092,0
0.242424,0.093,0
0.242424,0.094,0
0.242424,0.095,0
0.242424,0.096,0
0.242424,0.097,0
0.242424,0.098,0
0.242424,0.099,0
0.242424,0.1,0
0.252525,0.001,0
0.252525,0.002,0
0.252525,0.003,0
0.252525,0.004,0
0.252525,0.005,0
0.252525,0.006,0
0.252525,0.007,0
0.252525,0.008,0
0.252525,0.009,0
0.252525,0.01,0
0.252525,0.011,0
0.252525,0.012,0
0.252525,0.013,0
0.252525,0.014,0
0.252525,0.015,7.62587e-42
0.252525,0.016,-7.414e-39
0.252525,0.017,3.46674e-36
0.252525,0.018,-1.03801e-33
0.252525,0.019,2.23523e-31
0.252525,0.02,-3.68569e-29
0.252525,0.021,4.8379e-27
0.252525,0.022,-5.18823e-25
0.252525,0.023,4.62922e-23
0.252525,0.024,-3.48169e-21
0.252525,0.025,2.22814e-19
0.252525,0.026,-1.22133e-17
0.252525,0.027,5.7591e-16
0.252525,0.028,-2.34175e-14
0.252525,0.029,8.21541e-13
0.252525,0.03,-2.48334e-11
0.252525,0.031,6.44585e-10
0.252525,0.032,-1.42826e-08
0.252525,0.033,2.67733e-07
0.252525,0.034,-4.18959e-06
0.252525,0.035,5.36676e-05
0.252525,0.036,-0.000546153
0.252525,0.037,0.00422308
0.252525,0.038,-0.0221275
0.252525,0.039,0.0707202
0.252525,0.04,-0.0242372
0.252525,0.041,-0.151644
0.252525,0.042,0.0779748
0.252525,0.043,-0.459271
0.252525,0.044,-0.101112
0.252525,0.045,-0.0243142
0.252525,0.046,-0.0050205
0.252525,0.047,-0.000860691
0.252525,0.048,-0.000122607
0.252525,0.049,-1.47223e-05
0.252525,0.05,-1.37091e-06
0.252525,0.051,-5.96046e-08
0.252525,0.052,4.76837e-07
0.252525,0.053,-5.24521e-06
0.252525,0.054,5.126e-05
0.252525,0.055,-0.00040549
0.252525,0.056,0.00256371
0.252525,0.057,-0.0125338
0.252525,0.058,0.0440803
0.252525,0.059,-0.0976428
0.252525,0.06,0.0913267
0.252525,0.061,0.119432
0.252525,0.062,-0.107495
0.252525,0.063,0.521404
0.252525,0.064,0.152908
0.252525,0.065,0.0393414
0.252525,0.066,0.0109382
0.252525,0.067,0.00256943
0.252525,0.068,0.000500852
0.252525,0.069,8.15743e-05
0.252525,0.07,1.12127e-05
0.252525,0.071,1.31097e-06
0.252525,0.072,1.31063e-07
0.252525,0.073,1.12395e-08
0.252525,0.074,8.28032e-10
0.252525,0.075,5.2406e-11
0.252525,0.076,2.84477e-12
0.252525,0.077,1.3199e-13
0.252525,0.078,5.20445e-15
0.252525,0.079,1.72909e-16
0.252525,0.08,4.78072e-18
0.252525,0.081,1.08074e-19
0.252525,0.082,1.94703e-21
0.252525,0.083,2.68951e-23
0.252525,0.084,2.67562e-25
0.252525,0.085,1.70683e-27
0.252525,0.086,5.24404e-30
0.252525,0.087,0
0.252525,0.088,0
0.252525,0.089,0
0.252525,0.09,0
0.252525,0.091,0
0.252525,0.092,0
0.252525,0.093,0
0.252525,0.094,0
0.252525,0.095,0
0.252525,0.096,0
0.252525,0.097,0
0.252525,0.098,0
0.252525,0.099,0
0.252525,0.1,0
0.262626,0.001,0
0.262626,0.002,0
0.262626,0.003,0
0.262626,0.004,0
0.262626,0.005,0
0.262626,0.006,0
0.262626,0.007,0
0.262626,0.008,0
0.262626,0.009,0
0.262626,0.01,0
0.262626,0.011,0
0.262626,0.012,0
0.262626,0.013,0
0.262626,0.014,-1.9478e-43
0.262626,0.015,1.96938e-40
0.262626,0.016,-9.57471e-38
0.262626,0.017,2.98542e-35
0.262626,0.018,-6.70585e-33
0.262626,0.019,1.15551e-30
0.262626,0.02,-1.58817e-28
0.262626,0.021,1.78729e-26
0.262626,0.022,-1.6775e-24
0.262626,0.023,1.33071e-22
0.262626,0.024,-9.00887e-21
0.262626,0.025,5.24149e-19
0.262626,0.026,-2.63349e-17
0.262626,0.027,1.14601e-15
0.262626,0.028,-4.32501e-14
0.262626,0.029,1.41504e-12
0.262626,0.03,-4.00512e-11
0.262626,0.031,9.76679e-10
0.262626,0.032,-2.03871e-08
0.262626,0.033,3.60786e-07
0.262626,0.034,-5.33812e-06
0.262626,0.035,6.47125e-05
0.262626,0.036,-0.00062325
0.262626,0.037,0.00455687
0.262626,0.038,-0.0224361
0.262626,0.039,0.0669034
0.262626,0.04,-0.0132483
0.262626,0.041,-0.144927
0.262626,0.042,0.0404342
0.262626,0.043,-0.503842
0.262626,0.044,-0.117214
0.262626,0.045,-0.0290117
0.262626,0.046,-0.00626612
0.262626,0.047,-0.00112766
0.262626,0.048,-0.000169218
0.262626,0.049,-2.14577e-05
0.262626,0.05,-2.14577e-06
0.262626,0.051,-1.78814e-07
0.262626,0.052,7.15256e-07
0.262626,0.053,-7.39098e-06
0.262626,0.054,6.77109e-05
0.262626,0.055,-0.000507653
0.262626,0.056,0.00304508
0.262626,0.057,-0.0141259
0.262626,0.058,0.0470111
0.262626,0.059,-0.0970382
0.262626,0.06,0.0804181
0.262626,0.061,0.125488
0.262626,0.062,-0.0814728
0.262626,0.063,0.558495
0.262626,0.064,0.180045
0.262626,0.065,0.0454683
0.262626,0.066,0.0131415
0.262626,0.067,0.00323682
0.262626,0.068,0.000665058
0.262626,0.069,0.000114557
0.262626,0.07,1.67015e-05
0.262626,0.071,2.07798e-06
0.262626,0.072,2.21931e-07
0.262626,0.073,2.04225e-08
0.262626,0.074,1.62265e-09
0.262626,0.075,1.11392e-10
0.262626,0.076,6.60229e-12
0.262626,0.077,3.37106e-13
0.262626,0.078,1.4768e-14
0.262626,0.079,5.51634e-16
0.262626,0.08,1.74116e-17
0.262626,0.081,4.58505e-19
0.262626,0.082,9.89362e-21
0.262626,0.083,1.70464e-22
0.262626,0.084,2.25586e-24
0.262626,0.085,2.1534e-26
0.262626,0.086,1.32002e-28
0.262626,0.087,3.90236e-31
0.262626,0.088,0
0.262626,0.089,0
0.262626,0.09,0
0.262626,0.091,0
0.262626,0.092,0
0.262626,0.093,0
0.262626,0.094,0
0.262626,0.095,0
0.262626,0.096,0
0.262626,0.097,0
0.262626,0.098,0
0.262626,0.099,0
0.262626,0.1,0
0.272727,0.001,0
0.272727,0.002,0
0.272727,0.003,0
0.272727,0.004,0
0.272727,0.005,0
0.272727,0.006,0
0.272727,0.007,0
0.272727,0.008,0
0.272727,0.009,0
0.272727,0.01,0
0.272727,0.011,0
0.272727,0.012,0
0.272727,0.013,5.60519e-45
0.272727,0.014,-5.22404e-42
0.272727,0.015,2.63697e-39
0.272727,0.016,-8.54869e-37
0.272727,0.017,1.99957e-34
0.272727,0.018,-3.59395e-32
0.272727,0.019,5.16187e-30
0.272727,0.02,-6.08249e-28
0.272727,0.021,5.99068e-26
0.272727,0.022,-4.99886e-24
0.272727,0.023,3.56938e-22
0.272727,0.024,-2.19693e-20
0.272727,0.025,1.17166e-18
0.272727,0.026,-5.43303e-17
0.272727,0.027,2.19463e-15
0.272727,0.028,-7.72563e-14
0.272727,0.029,2.36742e-12
0.272727,0.03,-6.29782e-11
0.272727,0.031,1.44761e-09
0.272727,0.032,-2.85495e-08
0.272727,0.033,4.78226e-07
0.272727,0.034,-6.70621e-06
0.272727,0.035,7.71066e-05
0.272727,0.036,-0.000704238
0.272727,0.037,0.00487772
0.272727,0.038,-0.0226008
0.272727,0.039,0.062853
0.272727,0.04,-0.00288363
0.272727,0.041,-0.136584
0.272727,0.042,0.00527907
0.272727,0.043,-0.547877
0.272727,0.044,-0.136611
0.272727,0.045,-0.0343432
0.272727,0.046,-0.00773817
0.272727,0.047,-0.001459
0.272727,0.048,-0.000230014
0.272727,0.049,-3.06964e-05
0.272727,0.05,-3.33786e-06
0.272727,0.051,-2.98023e-07
0.272727,0.052,9.53674e-07
0.272727,0.053,-1.01328e-05
0.272727,0.054,8.83341e-05
0.272727,0.055,-0.000628233
0.272727,0.056,0.0035826
0.272727,0.057,-0.0157954
0.272727,0.058,0.0498092
0.272727,0.059,-0.0957169
0.272727,0.06,0.0692651
0.272727,0.061,0.129968
0.272727,0.062,-0.0570161
0.272727,0.063,0.594653
0.272727,0.064,0.209875
0.272727,0.065,0.0520735
0.272727,0.066,0.0156317
0.272727,0.067,0.00402773
0.272727,0.068,0.000869808
0.272727,0.069,0.000157995
0.272727,0.07,2.43566e-05
0.272727,0.071,3.21366e-06
0.272727,0.072,3.65205e-07
0.272727,0.073,3.58988e-08
0.272727,0.074,3.06031e-09
0.272727,0.075,2.26534e-10
0.272727,0.076,1.45606e-11
0.272727,0.077,8.11579e-13
0.272727,0.078,3.91186e-14
0.272727,0.079,1.62321e-15
0.272727,0.08,5.75996e-17
0.272727,0.081,1.73155e-18
0.272727,0.082,4.35259e-20
0.272727,0.083,8.98318e-22
0.272727,0.084,1.48302e-23
0.272727,0.085,1.88349e-25
0.272727,0.086,1.728e-27
0.272727,0.087,1.01942e-29
0.272727,0.088,2.90395e-32
0.272727,0.089,0
0.272727,0.09,0
0.272727,0.091,0
0.272727,0.092,0
0.272727,0.093,0
0.272727,0.094,0
0.272727,0.095,0
0.272727,0.096,0
0.272727,0.097,0
0.272727,0.098,0
0.272727,0.099,0
0.272727,0.1,0
0.282828,0.001,0
0.282828,0.002,0
0.282828,0.003,0
0.282828,0.004,0
0.282828,0.005,0
0.282828,0.006,0
0.282828,0.007,0
0.282828,0.008,0
0.282828,0.009,0
0.282828,0.01,0
0.282828,0.011,0
0.282828,0.012,0
0.282828,0.013,1.38729e-43
0.282828,0.014,-7.24345e-41
0.282828,0.015,2.43794e-38
0.282828,0.016,-5.92877e-36
0.282828,0.017,1.10963e-33
0.282828,0.018,-1.66235e-31
0.282828,0.019,2.0469e-29
0.282828,0.02,-2.11086e-27
0.282828,0.021,1.84831e-25
0.282828,0.022,-1.38825e-23
0.282828,0.023,9.01216e-22
0.282828,0.024,-5.08465e-20
0.282828,0.025,2.50284e-18
0.282828,0.026,-1.07739e-16
0.282828,0.027,4.06001e-15
0.282828,0.028,-1.3389e-13
0.282828,0.029,3.85735e-12
0.282828,0.03,-9.67635e-11
0.282828,0.031,2.10267e-09
0.282828,0.032,-3.9283e-08
0.282828,0.033,6.24327e-07
0.282828,0.034,-8.31584e-06
0.282828,0.035,9.08677e-05
0.282828,0.036,-0.00078849
0.282828,0.037,0.00518215
0.282828,0.038,-0.0226262
0.282828,0.039,0.0586253
0.282828,0.04,0.00674346
0.282828,0.041,-0.127365
0.282828,0.042,-0.0270319
0.282828,0.043,-0.591553
0.282828,0.044,-0.16068
0.282828,0.045,-0.0404059
0.282828,0.046,-0.00946289
0.282828,0.047,-0.0018658
0.282828,0.048,-0.000308394
0.282828,0.049,-4.32134e-05
0.282828,0.05,-5.06639e-06
0.282828,0.051,-5.36442e-07
0.282828,0.052,1.3113e-06
0.282828,0.053,-1.37091e-05
0.282828,0.054,0.000113606
0.282828,0.055,-0.000769198
0.282828,0.056,0.00417769
0.282828,0.057,-0.0175318
0.282828,0.058,0.0524441
0.282828,0.059,-0.0936968
0.282828,0.06,0.0579697
0.282828,0.061,0.132947
0.282828,0.062,-0.034147
0.282828,0.063,0.629853
0.282828,0.064,0.241954
0.282828,0.065,0.0592156
0.282828,0.066,0.0184155
0.282828,0.067,0.00495516
0.282828,0.068,0.00112193
0.282828,0.069,0.000214332
0.282828,0.07,3.48405e-05
0.282828,0.071,4.85985e-06
0.282828,0.072,5.85598e-07
0.282828,0.073,6.12444e-08
0.282828,0.074,5.5765e-09
0.282828,0.075,4.42833e-10
0.282828,0.076,3.06864e-11
0.282828,0.077,1.85448e-12
0.282828,0.078,9.75607e-14
0.282828,0.079,4.4535e-15
0.282828,0.08,1.75535e-16
0.282828,0.081,5.93217e-18
0.282828,0.082,1.70231e-19
0.282828,0.083,4.09307e-21
0.282828,0.084,8.09498e-23
0.282828,0.085,1.2827e-24
0.282828,0.086,1.56594e-26
0.282828,0.087,1.38286e-28
0.282828,0.088,7.86222e-31
0.282828,0.089,2.16098e-33
0.282828,0.09,0
0.282828,0.091,0
0.282828,0.092,0
0.282828,0.093,0
0.282828,0.094,0
0.282828,0.095,0
0.282828,0.096,0
0.282828,0.097,0
0.282828,0.098,0
0.282828,0.099,0
0.282828,0.1,0
0.292929,0.001,0
0.292929,0.002,0
0.292929,0.003,0
0.292929,0.004,0
0.292929,0.005,0
0.292929,0.006,0
0.292929,0.007,0
0.292929,0.008,0
0.292929,0.009,0
0.292929,0.01,0
0.292929,0.011,0
0.292929,0.012,-4.2039e-45
0.292929,0.013,1.98564e-42
0.292929,0.014,-6.92628e-40
0.292929,0.015,1.7487e-37
0.292929,0.016,-3.40271e-35
0.292929,0.017,5.30809e-33
0.292929,0.018,-6.8173e-31
0.292929,0.019,7.34631e-29
0.292929,0.02,-6.73512e-27
0.292929,0.021,5.30828e-25
0.292929,0.022,-3.62482e-23
0.292929,0.023,2.15707e-21
0.292929,0.024,-1.12331e-19
0.292929,0.025,5.13332e-18
0.292929,0.026,-2.06166e-16
0.292929,0.027,7.27929e-15
0.292929,0.028,-2.2574e-13
0.292929,0.029,6.1347e-12
0.292929,0.03,-1.45548e-10
0.292929,0.031,2.99784e-09
0.292929,0.032,-5.31816e-08
0.292929,0.033,8.03677e-07
0.292929,0.034,-1.0188e-05
0.292929,0.035,0.000105995
0.292929,0.036,-0.000875319
0.292929,0.037,0.00546698
0.292929,0.038,-0.0225181
0.292929,0.039,0.0542728
0.292929,0.04,0.0155553
0.292929,0.041,-0.11778
0.292929,0.042,-0.0559933
0.292929,0.043,0.365057
0.292929,0.044,-0.190543
0.292929,0.045,-0.047325
0.292929,0.046,-0.0114702
0.292929,0.047,-0.00236022
0.292929,0.048,-0.000408232
0.292929,0.049,-5.99027e-05
0.292929,0.05,-7.45058e-06
0.292929,0.051,-8.34465e-07
0.292929,0.052,1.90735e-06
0.292929,0.053,-1.83582e-05
0.292929,0.054,0.000144482
0.292929,0.055,-0.000932455
0.292929,0.056,0.00483119
0.292929,0.057,-0.0193233
0.292929,0.058,0.0548869
0.292929,0.059,-0.0910048
0.292929,0.06,0.046633
0.292929,0.061,0.134503
0.292929,0.062,-0.0128816
0.292929,0.063,-0.335927
0.292929,0.064,0.275797
0.292929,0.065,0.067096
0.292929,0.066,0.0215007
0.292929,0.067,0.00603147
0.292929,0.068,0.00142877
0.292929,0.069,0.000286377
0.292929,0.07,4.89612e-05
0.292929,0.071,7.20014e-06
0.292929,0.072,9.17081e-07
0.292929,0.073,1.01689e-07
0.292929,0.074,9.85038e-09
0.292929,0.075,8.35401e-10
0.292929,0.076,6.20941e-11
0.292929,0.077,4.04496e-12
0.292929,0.078,2.30684e-13
0.292929,0.079,1.14915e-14
0.292929,0.08,4.98219e-16
0.292929,0.081,1.87006e-17
0.292929,0.082,6.03258e-19
0.292929,0.083,1.65589e-20
0.292929,0.084,3.81551e-22
0.292929,0.085,7.24357e-24
0.292929,0.086,1.10344e-25
0.292929,0.087,1.29681e-27
0.292929,0.088,1.10383e-29
0.292929,0.089,6.05624e-32
0.292929,0.09,1.6081e-34
0.292929,0.091,0
0.292929,0.092,0
0.292929,0.093,0
0.292929,0.094,0
0.292929,0.095,0
0.292929,0.096,0
0.292929,0.097,0
0.292929,0.098,0
0.292929,0.099,0
0.292929,0.1,0
0.30303,0.001,0
0.30303,0.002,0
0.30303,0.003,0
0.30303,0.004,0
0.30303,0.005,0
0.30303,0.006,0
0.30303,0.007,0
0.30303,0.008,0
0.30303,0.009,0
0.30303,0.01,0
0.30303,0.011,0
0.30303,0.012,-5.46506e-44
0.30303,0.013,1.96098e-41
0.30303,0.014,-5.13266e-39
0.30303,0.015,1.03685e-36
0.30303,0.016,-1.68159e-34
0.30303,0.017,2.24883e-32
0.30303,0.018,-2.52758e-30
0.30303,0.019,2.42141e-28
0.30303,0.02,-1.99819e-26
0.30303,0.021,1.43181e-24
0.30303,0.022,-8.96268e-23
0.30303,0.023,4.923e-21
0.30303,0.024,-2.3802e-19
0.30303,0.025,1.0149e-17
0.30303,0.026,-3.81956e-16
0.30303,0.027,1.2684e-14
0.30303,0.028,-3.7113e-13
0.30303,0.029,9.54214e-12
0.30303,0.03,-2.14683e-10
0.30303,0.031,4.20126e-09
0.30303,0.032,-7.09235e-08
0.30303,0.033,1.02113e-06
0.30303,0.034,-1.23424e-05
0.30303,0.035,0.000122468
0.30303,0.036,-0.000963991
0.30303,0.037,0.00572937
0.30303,0.038,-0.0222838
0.30303,0.039,0.0498447
0.30303,0.04,0.0235028
0.30303,0.041,-0.108099
0.30303,0.042,-0.081108
0.30303,0.043,0.322016
0.30303,0.044,-0.226302
0.30303,0.045,-0.0552238
0.30303,0.046,-0.0137944
0.30303,0.047,-0.00295556
0.30303,0.048,-0.000533938
0.30303,0.049,-8.19564e-05
0.30303,0.05,-1.07288e-05
0.30303,0.051,-1.3113e-06
0.30303,0.052,2.6226e-06
0.30303,0.053,-2.42591e-05
0.30303,0.054,0.000181675
0.30303,0.055,-0.00111997
0.30303,0.056,0.00554347
0.30303,0.057,-0.0211569
0.30303,0.058,0.0571104
0.30303,0.059,-0.0876755
0.30303,0.06,0.0353546
0.30303,0.061,0.134717
0.30303,0.062,0.0067699
0.30303,0.063,-0.30271
0.30303,0.064,0.310921
0.30303,0.065,0.0760647
0.30303,0.066,0.024903
0.30303,0.067,0.00726846
0.30303,0.068,0.00179811
0.30303,0.069,0.000377325
0.30303,0.07,6.76913e-05
0.30303,0.071,1.04684e-05
0.30303,0.072,1.40549e-06
0.30303,0.073,1.64716e-07
0.30303,0.074,1.69152e-08
0.30303,0.075,1.52604e-09
0.30303,0.076,1.21125e-10
0.30303,0.077,8.46228e-12
0.30303,0.078,5.20132e-13
0.30303,0.079,2.80841e-14
0.30303,0.08,1.32856e-15
0.30303,0.081,5.48471e-17
0.30303,0.082,1.96499e-18
0.30303,0.083,6.06322e-20
0.30303,0.084,1.59497e-21
0.30303,0.085,3.52802e-23
0.30303,0.086,6.43955e-25
0.30303,0.087,9.44448e-27
0.30303,0.088,1.07e-28
0.30303,0.089,8.79021e-31
0.30303,0.09,4.65972e-33
0.30303,0.091,1.19667e-35
0.30303,0.092,0
0.30303,0.093,0
0.30303,0.094,0
0.30303,0.095,0
0.30303,0.096,0
0.30303,0.097,0
0.30303,0.098,0
0.30303,0.099,0
0.30303,0.1,0
0.313131,0.001,0
0.313131,0.002,0
0.313131,0.003,0
0.313131,0.004,0
0.313131,0.005,0
0.313131,0.006,0
0.313131,0.007,0
0.313131,0.008,0
0.313131,0.009,0
0.313131,0.01,0
0.313131,0.011,1.4013e-45
0.313131,0.012,-5.53513e-43
0.313131,0.013,1.49966e-40
0.313131,0.014,-3.14082e-38
0.313131,0.015,5.28814e-36
0.313131,0.016,-7.35227e-34
0.313131,0.017,8.60452e-32
0.313131,0.018,-8.59761e-30
0.313131,0.019,7.41361e-28
0.313131,0.02,-5.56206e-26
0.313131,0.021,3.65348e-24
0.313131,0.022,-2.11097e-22
0.313131,0.023,1.07656e-20
0.313131,0.024,-4.85691e-19
0.313131,0.025,1.9408e-17
0.313131,0.026,-6.87067e-16
0.313131,0.027,2.15315e-14
0.313131,0.028,-5.96197e-13
0.313131,0.029,1.45412e-11
0.313131,0.03,-3.10978e-10
0.313131,0.031,5.79469e-09
0.313131,0.032,-9.3273e-08
0.313131,0.033,1.28177e-06
0.313131,0.034,-1.47969e-05
0.313131,0.035,0.000140249
0.313131,0.036,-0.00105374
0.313131,0.037,0.00596685
0.313131,0.038,-0.0219314
0.313131,0.039,0.0453859
0.313131,0.04,0.0305561
0.313131,0.041,-0.0984052
0.313131,0.042,-0.101956
0.313131,0.043,0.279499
0.313131,0.044,-0.266724
0.313131,0.045,-0.064175
0.313131,0.046,-0.0164737
0.313131,0.047,-0.00366664
0.313131,0.048,-0.000690699
0.313131,0.049,-0.000110745
0.313131,0.05,-1.51992e-05
0.313131,0.051,-2.02656e-06
0.313131,0.052,3.57628e-06
0.313131,0.053,-3.15905e-05
0.313131,0.054,0.00022614
0.313131,0.055,-0.00133353
0.313131,0.056,0.00631416
0.313131,0.057,-0.0230183
0.313131,0.058,0.0590895
0.313131,0.059,-0.0837508
0.313131,0.06,0.0242324
0.313131,0.061,0.133671
0.313131,0.062,0.0248039
0.313131,0.063,-0.270528
0.313131,0.064,0.34687
0.313131,0.065,0.0865734
0.313131,0.066,0.0286505
0.313131,0.067,0.00867782
0.313131,0.068,0.0022381
0.313131,0.069,0.000490761
0.313131,0.07,9.2187e-05
0.313131,0.071,1.49582e-05
0.313131,0.072,2.11165e-06
0.313131,0.073,2.6083e-07
0.313131,0.074,2.83075e-08
0.313131,0.075,2.70717e-09
0.313131,0.076,2.28554e-10
0.313131,0.077,1.70493e-11
0.313131,0.078,1.12374e-12
0.313131,0.079,6.53845e-14
0.313131,0.08,3.35216e-15
0.313131,0.081,1.50984e-16
0.313131,0.082,5.94895e-18
0.313131,0.083,2.03856e-19
0.313131,0.084,6.02815e-21
0.313131,0.085,1.52231e-22
0.313131,0.086,3.23766e-24
0.313131,0.087,5.69006e-26
0.313131,0.088,8.04566e-28
0.313131,0.089,8.79845e-30
0.313131,0.09,6.98444e-32
0.313131,0.091,3.58137e-34
0.313131,0.092,8.90507e-37
0.313131,0.093,0
0.313131,0.094,0
0.313131,0.095,0
0.313131,0.096,0
0.313131,0.097,0
0.313131,0.098,0
0.313131,0.099,0
0.313131,0.1,0
0.323232,0.001,0
0.323232,0.002,0
0.323232,0.003,0
0.323232,0.004,0
0.323232,0.005,0
0.323232,0.006,0
0.323232,0.007,0
0.323232,0.008,0
0.323232,0.009,0
0.323232,0.01,0
0.323232,0.011,1.54143e-44
0.323232,0.012,-4.36364e-42
0.323232,0.013,9.46174e-40
0.323232,0.014,-1.65159e-37
0.323232,0.015,2.38382e-35
0.323232,0.016,-2.90038e-33
0.323232,0.017,3.01757e-31
0.323232,0.018,-2.71389e-29
0.323232,0.019,2.12756e-27
0.323232,0.02,-1.46323e-25
0.323232,0.021,8.87182e-24
0.323232,0.022,-4.75953e-22
0.323232,0.023,2.26505e-20
0.323232,0.024,-9.57722e-19
0.323232,0.025,3.60026e-17
0.323232,0.026,-1.20295e-15
0.323232,0.027,3.56825e-14
0.323232,0.028,-9.37515e-13
0.323232,0.029,2.17431e-11
0.323232,0.03,-4.42966e-10
0.323232,0.031,7.87496e-09
0.323232,0.032,-1.21081e-07
0.323232,0.033,1.59082e-06
0.323232,0.034,-1.75669e-05
0.323232,0.035,0.000159278
0.323232,0.036,-0.00114377
0.323232,0.037,0.00617732
0.323232,0.038,-0.0214697
0.323232,0.039,0.040938
0.323232,0.04,0.0366985
0.323232,0.041,-0.0886831
0.323232,0.042,-0.11827
0.323232,0.043,0.23773
0.323232,0.044,-0.309836
0.323232,0.045,-0.0741762
0.323232,0.046,-0.0195469
0.323232,0.047,-0.00450969
0.323232,0.048,-0.000884235
0.323232,0.049,-0.00014782
0.323232,0.05,-2.11596e-05
0.323232,0.051,-3.03984e-06
0.323232,0.052,4.76837e-06
0.323232,0.053,-4.071e-05
0.323232,0.054,0.000278711
0.323232,0.055,-0.00157493
0.323232,0.056,0.00714219
0.323232,0.057,-0.0248923
0.323232,0.058,0.0608011
0.323232,0.059,-0.0792788
0.323232,0.06,0.0133617
0.323232,0.061,0.13145
0.323232,0.062,0.0412236
0.323232,0.063,-0.239419
0.323232,0.064,0.383238
0.323232,0.065,0.0990966
0.323232,0.066,0.0327825
0.323232,0.067,0.0102719
0.323232,0.068,0.00275716
0.323232,0.069,0.000630659
0.323232,0.07,0.000123806
0.323232,0.071,2.10332e-05
0.323232,0.072,3.11496e-06
0.323232,0.073,4.04508e-07
0.323232,0.074,4.62657e-08
0.323232,0.075,4.67564e-09
0.323232,0.076,4.18412e-10
0.323232,0.077,3.3196e-11
0.323232,0.078,2.33592e-12
0.323232,0.079,1.45729e-13
0.323232,0.08,8.05022e-15
0.323232,0.081,3.92911e-16
0.323232,0.082,1.68887e-17
0.323232,0.083,6.36439e-19
0.323232,0.084,2.08999e-20
0.323232,0.085,5.93301e-22
0.323232,0.086,1.44064e-23
0.323232,0.087,2.95032e-25
0.323232,0.088,4.99933e-27
0.323232,0.089,6.8239e-29
0.323232,0.09,7.21163e-31
0.323232,0.091,5.53812e-33
0.323232,0.092,2.74979e-35
0.323232,0.093,6.62673e-38
0.323232,0.094,0
0.323232,0.095,0
0.323232,0.096,0
0.323232,0.097,0
0.323232,0.098,0
0.323232,0.099,0
0.323232,0.1,0
0.333333,0.001,0
0.333333,0.002,0
0.333333,0.003,0
0.333333,0.004,0
0.333333,0.005,0
0.333333,0.006,0
0.333333,0.007,0
0.333333,0.008,0
0.333333,0.009,0
0.333333,0.01,-1.4013e-45
0.333333,0.011,1.26117e-43
0.333333,0.012,-2.83567e-41
0.333333,0.013,5.1252e-39
0.333333,0.014,-7.66918e-37
0.333333,0.015,9.68673e-35
0.333333,0.016,-1.04773e-32
0.333333,0.017,9.81148e-31
0.333333,0.018,-8.02243e-29
0.333333,0.019,5.76528e-27
0.333333,0.02,-3.66003e-25
0.333333,0.021,2.06049e-23
0.333333,0.022,-1.03156e-21
0.333333,0.023,4.60121e-20
0.333333,0.024,-1.83039e-18
0.333333,0.025,6.49505e-17
0.333333,0.026,-2.05446e-15
0.333333,0.027,5.78367e-14
0.333333,0.028,-1.44537e-12
0.333333,0.029,3.19447e-11
0.333333,0.03,-6.21197e-10
0.333333,0.031,1.05553e-08
0.333333,0.032,-1.55283e-07
0.333333,0.033,1.95358e-06
0.333333,0.034,-2.06654e-05
0.333333,0.035,0.000179481
0.333333,0.036,-0.00123328
0.333333,0.037,0.00635908
0.333333,0.038,-0.0209081
0.333333,0.039,0.0365392
0.333333,0.04,0.0419225
0.333333,0.041,-0.0788935
0.333333,0.042,-0.12999
0.333333,0.043,0.196916
0.333333,0.044,-0.353876
0.333333,0.045,-0.0851897
0.333333,0.046,-0.0230496
0.333333,0.047,-0.0055024
0.333333,0.048,-0.0011211
0.333333,0.049,-0.000195146
0.333333,0.05,-2.90871e-05
0.333333,0.051,-4.41074e-06
0.333333,0.052,6.31809e-06
0.333333,0.053,-5.19156e-05
0.333333,0.054,0.000340581
0.333333,0.055,-0.00184578
0.333333,0.056,0.00802588
0.333333,0.057,-0.0267628
0.333333,0.058,0.0622249
0.333333,0.059,-0.0743126
0.333333,0.06,0.00283456
0.333333,0.061,0.128139
0.333333,0.062,0.0560398
0.333333,0.063,-0.209427
0.333333,0.064,0.419685
0.333333,0.065,0.114048
0.333333,0.066,0.0373411
0.333333,0.067,0.0120644
0.333333,0.068,0.00336402
0.333333,0.069,0.000801379
0.333333,0.07,0.000164127
0.333333,0.071,2.91385e-05
0.333333,0.072,4.51767e-06
0.333333,0.073,6.15372e-07
0.333333,0.074,7.39884e-08
0.333333,0.075,7.8795e-09
0.333333,0.076,7.45071e-10
0.333333,0.077,6.26515e-11
0.333333,0.078,4.68841e-12
0.333333,0.079,3.12235e-13
0.333333,0.08,1.84916e-14
0.333333,0.081,9.72352e-16
0.333333,0.082,4.52863e-17
0.333333,0.083,1.86161e-18
0.333333,0.084,6.72249e-20
0.333333,0.085,2.11923e-21
0.333333,0.086,5.7846e-23
0.333333,0.087,1.35256e-24
0.333333,0.088,2.67084e-26
0.333333,0.089,4.36915e-28
0.333333,0.09,5.76383e-30
0.333333,0.091,5.89325e-32
0.333333,0.092,4.38274e-34
0.333333,0.093,2.10929e-36
0.333333,0.094,4.9313e-39
0.333333,0.095,0
0.333333,0.096,0
0.333333,0.097,0
0.333333,0.098,0
0.333333,0.099,0
0.333333,0.1,0
0.343434,0.001,0
0.343434,0.002,0
0.343434,0.003,0
0.343434,0.004,0
0.343434,0.005,0
0.343434,0.006,0
0.343434,0.007,0
0.343434,0.008,0
0.343434,0.009,0
0.343434,0.01,-5.60519e-45
0.343434,0.011,8.46384e-43
0.343434,0.012,-1.5809e-40
0.343434,0.013,2.44942e-38
0.343434,0.014,-3.20741e-36
0.343434,0.015,3.6014e-34
0.343434,0.016,-3.5061e-32
0.343434,0.017,2.98498e-30
0.343434,0.018,-2.23737e-28
0.343434,0.019,1.48419e-26
0.343434,0.02,-8.74872e-25
0.343434,0.021,4.59637e-23
0.343434,0.022,-2.15686e-21
0.343434,0.023,9.05186e-20
0.343434,0.024,-3.39933e-18
0.343434,0.025,1.14206e-16
0.343434,0.026,-3.42904e-15
0.343434,0.027,9.18391e-14
0.343434,0.028,-2.18779e-12
0.343434,0.029,4.61705e-11
0.343434,0.03,-8.58541e-10
0.343434,0.031,1.39665e-08
0.343434,0.032,-1.96897e-07
0.343434,0.033,2.37535e-06
0.343434,0.034,-2.41024e-05
0.343434,0.035,0.000200761
0.343434,0.036,-0.00132149
0.343434,0.037,0.00651081
0.343434,0.038,-0.0202562
0.343434,0.039,0.0322247
0.343434,0.04,0.0462305
0.343434,0.041,-0.0690253
0.343434,0.042,-0.137289
0.343434,0.043,0.157236
0.343434,0.044,-0.39777
0.343434,0.045,-0.0972343
0.343434,0.046,-0.0270122
0.343434,0.047,-0.00666362
0.343434,0.048,-0.00140858
0.343434,0.049,-0.000254869
0.343434,0.05,-3.95775e-05
0.343434,0.051,-6.31809e-06
0.343434,0.052,8.22544e-06
0.343434,0.053,-6.55055e-05
0.343434,0.054,0.000412464
0.343434,0.055,-0.00214756
0.343434,0.056,0.00896275
0.343434,0.057,-0.0286132
0.343434,0.058,0.0633432
0.343434,0.059,-0.0689095
0.343434,0.06,-0.00726056
0.343434,0.061,0.123824
0.343434,0.062,0.0692698
0.343434,0.063,-0.180598
0.343434,0.064,0.455942
0.343434,0.065,0.131714
0.343434,0.066,0.0423576
0.343434,0.067,0.0140699
0.343434,0.068,0.00406776
0.343434,0.069,0.00100766
0.343434,0.07,0.000214959
0.343434,0.071,3.98117e-05
0.343434,0.072,6.44961e-06
0.343434,0.073,9.19612e-07
0.343434,0.074,1.15967e-07
0.343434,0.075,1.29815e-08
0.343434,0.076,1.29344e-09
0.343434,0.077,1.14917e-10
0.343434,0.078,9.11371e-12
0.343434,0.079,6.45405e-13
0.343434,0.08,4.07988e-14
0.343434,0.081,2.29977e-15
0.343434,0.082,1.15385e-16
0.343434,0.083,5.13898e-18
0.343434,0.084,2.0242e-19
0.343434,0.085,7.01683e-21
0.343434,0.086,2.1269e-22
0.343434,0.087,5.59045e-24
0.343434,0.088,1.26044e-25
0.343434,0.089,2.40294e-27
0.343434,0.09,3.7994e-29
0.343434,0.091,4.84961e-31
0.343434,0.092,4.8023e-33
0.343434,0.093,3.46204e-35
0.343434,0.094,1.61654e-37
0.343434,0.095,3.66964e-40
0.343434,0.096,0
0.343434,0.097,0
0.343434,0.098,0
0.343434,0.099,0
0.343434,0.1,0
0.353535,0.001,0
0.353535,0.002,0
0.353535,0.003,0
0.353535,0.004,0
0.353535,0.005,0
0.353535,0.006,0
0.353535,0.007,0
0.353535,0.008,0
0.353535,0.009,0
0.353535,0.01,-2.66247e-44
0.353535,0.011,4.84989e-42
0.353535,0.012,-7.76986e-40
0.353535,0.013,1.05347e-37
0.353535,0.014,-1.22631e-35
0.353535,0.015,1.23934e-33
0.353535,0.016,-1.09692e-31
0.353535,0.017,8.56088e-30
0.353535,0.018,-5.92316e-28
0.353535,0.019,3.64839e-26
0.353535,0.02,-2.00702e-24
0.353535,0.021,9.8837e-23
0.353535,0.022,-4.36402e-21
0.353535,0.023,1.72909e-19
0.353535,0.024,-6.14852e-18
0.353535,0.025,1.96107e-16
0.353535,0.026,-5.60278e-15
0.353535,0.027,1.43073e-13
0.353535,0.028,-3.25538e-12
0.353535,0.029,6.57187e-11
0.353535,0.03,-1.17051e-09
0.353535,0.031,1.82582e-08
0.353535,0.032,-2.47016e-07
0.353535,0.033,2.86137e-06
0.353535,0.034,-2.78845e-05
0.353535,0.035,0.000223008
0.353535,0.036,-0.0014076
0.353535,0.037,0.00663158
0.353535,0.038,-0.0195237
0.353535,0.039,0.0280269
0.353535,0.04,0.0496366
0.353535,0.041,-0.0591131
0.353535,0.042,-0.140567
0.353535,0.043,0.118861
0.353535,0.044,-0.441067
0.353535,0.045,-0.110492
0.353535,0.046,-0.0314626
0.353535,0.047,-0.00801295
0.353535,0.048,-0.00175488
0.353535,0.049,-0.000329614
0.353535,0.05,-5.32269e-05
0.353535,0.051,-8.82149e-06
0.353535,0.052,1.06096e-05
0.353535,0.053,-8.18968e-05
0.353535,0.054,0.000495672
0.353535,0.055,-0.00248158
0.353535,0.056,0.00994945
0.353535,0.057,-0.0304263
0.353535,0.058,0.0641409
0.353535,0.059,-0.0631297
0.353535,0.06,-0.0168397
0.353535,0.061,0.118589
0.353535,0.062,0.080938
0.353535,0.063,-0.152977
0.353535,0.064,0.491805
0.353535,0.065,0.152224
0.353535,0.066,0.0478406
0.353535,0.067,0.0163031
0.353535,0.068,0.00487784
0.353535,0.069,0.00125462
0.353535,0.07,0.000278363
0.353535,0.071,5.36958e-05
0.353535,0.072,9.07363e-06
0.353535,0.073,1.35169e-06
0.353535,0.074,1.78405e-07
0.353535,0.075,2.09443e-08
0.353535,0.076,2.19337e-09
0.353535,0.077,2.05324e-10
0.353535,0.078,1.72037e-11
0.353535,0.079,1.29105e-12
0.353535,0.08,8.67757e-14
0.353535,0.081,5.22057e-15
0.353535,0.082,2.80757e-16
0.353535,0.083,1.34693e-17
0.353535,0.084,5.74774e-19
0.353535,0.085,2.17319e-20
0.353535,0.086,7.2432e-22
0.353535,0.087,2.11416e-23
0.353535,0.088,5.35842e-25
0.353535,0.089,1.16642e-26
0.353535,0.09,2.14942e-28
0.353535,0.091,3.28849e-30
0.353535,0.092,4.06554e-32
0.353535,0.093,3.9029e-34
0.353535,0.094,2.73004e-36
0.353535,0.095,1.23786e-38
0.353535,0.096,2.73085e-41
0.353535,0.097,0
0.353535,0.098,0
0.353535,0.099,0
0.353535,0.1,0
0.363636,0.001,0
0.363636,0.002,0
0.363636,0.003,0
0.363636,0.004,0
0.363636,0.005,0
0.363636,0.006,0
0.363636,0.007,0
0.363636,0.008,0
0.363636,0.009,1.4013e-45
0.363636,0.01,-1.49939e-43
0.363636,0.011,2.44905e-41
0.363636,0.012,-3.43397e-39
0.363636,0.013,4.13893e-37
0.363636,0.014,-4.33647e-35
0.363636,0.015,3.98436e-33
0.363636,0.016,-3.23271e-31
0.363636,0.017,2.32889e-29
0.363636,0.018,-1.49619e-27
0.363636,0.019,8.60073e-26
0.363636,0.02,-4.43502e-24
0.363636,0.021,2.05514e-22
0.363636,0.022,-8.5674e-21
0.363636,0.023,3.21449e-19
0.363636,0.024,-1.08528e-17
0.363636,0.025,3.29419e-16
0.363636,0.026,-8.9751e-15
0.363636,0.027,2.18958e-13
0.363636,0.028,-4.76717e-12
0.363636,0.029,9.22146e-11
0.363636,0.03,-1.5756e-09
0.363636,0.031,2.35994e-08
0.363636,0.032,-3.06803e-07
0.363636,0.033,3.4167e-06
0.363636,0.034,-3.20147e-05
0.363636,0.035,0.000246097
0.363636,0.036,-0.00149086
0.363636,0.037,0.00672081
0.363636,0.038,-0.0187203
0.363636,0.039,0.0239752
0.363636,0.04,0.0521684
0.363636,0.041,-0.0492319
0.363636,0.042,-0.140396
0.363636,0.043,0.0819966
0.363636,0.044,-0.483703
0.363636,0.045,-0.12541
0.363636,0.046,-0.0364331
0.363636,0.047,-0.00957054
0.363636,0.048,-0.00216895
0.363636,0.049,-0.000422418
0.363636,0.05,-7.08699e-05
0.363636,0.051,-1.2219e-05
0.363636,0.052,1.35899e-05
0.363636,0.053,-0.000101566
0.363636,0.054,0.000591159
0.363636,0.055,-0.00284886
0.363636,0.056,0.0109822
0.363636,0.057,-0.0321845
0.363636,0.058,0.0646064
0.363636,0.059,-0.0570356
0.363636,0.06,-0.0258245
0.363636,0.061,0.112523
0.363636,0.062,0.0910753
0.363636,0.063,-0.126608
0.363636,0.064,0.527134
0.363636,0.065,0.175542
0.363636,0.066,0.0537768
0.363636,0.067,0.0187771
0.363636,0.068,0.005804
0.363636,0.069,0.00154774
0.363636,0.07,0.000356657
0.363636,0.071,7.15508e-05
0.363636,0.072,1.25916e-05
0.363636,0.073,1.95633e-06
0.363636,0.074,2.69744e-07
0.363636,0.075,3.31415e-08
0.363636,0.076,3.63958e-09
0.363636,0.077,3.58078e-10
0.363636,0.078,3.16099e-11
0.363636,0.079,2.506e-12
0.363636,0.08,1.78478e-13
0.363636,0.081,1.14159e-14
0.363636,0.082,6.55193e-16
0.363636,0.083,3.36895e-17
0.363636,0.084,1.54847e-18
0.363636,0.085,6.34242e-20
0.363636,0.086,2.30559e-21
0.363636,0.087,7.3996e-23
0.363636,0.088,2.08264e-24
0.363636,0.089,5.0964e-26
0.363636,0.09,1.07236e-27
0.363636,0.091,1.91218e-29
0.363636,0.092,2.83374e-31
0.363636,0.093,3.39654e-33
0.363636,0.094,3.16399e-35
0.363636,0.095,2.1493e-37
0.363636,0.096,9.47129e-40
0.363636,0.097,2.03188e-42
0.363636,0.098,0
0.363636,0.099,0
0.363636,0.1,0
0.373737,0.001,0
0.373737,0.002,0
0.373737,0.003,0
0.373737,0.004,0
0.373737,0.005,0
0.373737,0.006,0
0.373737,0.007,0
0.373737,0.008,0
0.373737,0.009,4.2039e-45
0.373737,0.01,-7.69313e-43
0.373737,0.011,1.11141e-40
0.373737,0.012,-1.38538e-38
0.373737,0.013,1.5029e-36
0.373737,0.014,-1.43155e-34
0.373737,0.015,1.20574e-32
0.373737,0.016,-9.03031e-31
0.373737,0.017,6.04073e-29
0.373737,0.018,-3.62187e-27
0.373737,0.019,1.95165e-25
0.373737,0.02,-9.47007e-24
0.373737,0.021,4.14343e-22
0.373737,0.022,-1.6358e-20
0.373737,0.023,5.82781e-19
0.373737,0.024,-1.8727e-17
0.373737,0.025,5.42152e-16
0.373737,0.026,-1.41143e-14
0.373737,0.027,3.29565e-13
0.373737,0.028,-6.87738e-12
0.373737,0.029,1.27668e-10
0.373737,0.03,-2.09558e-09
0.373737,0.031,3.01792e-08
0.373737,0.032,-3.7748e-07
0.373737,0.033,4.04613e-06
0.373737,0.034,-3.64925e-05
0.373737,0.035,0.000269888
0.373737,0.036,-0.00157054
0.373737,0.037,0.0067783
0.373737,0.038,-0.0178558
0.373737,0.039,0.0200962
0.373737,0.04,0.0538679
0.373737,0.041,-0.0394807
0.373737,0.042,-0.137458
0.373737,0.043,0.0469046
0.373737,0.044,-0.525794
0.373737,0.045,-0.142764
0.373737,0.046,-0.0419698
0.373737,0.047,-0.0113571
0.373737,0.048,-0.00266063
0.373737,0.049,-0.00053668
0.373737,0.05,-9.34005e-05
0.373737,0.051,-1.66893e-05
0.373737,0.052,1.70469e-05
0.373737,0.053,-0.000124872
0.373737,0.054,0.000700116
0.373737,0.055,-0.00325036
0.373737,0.056,0.0120561
0.373737,0.057,-0.0338704
0.373737,0.058,0.0647308
0.373737,0.059,-0.0506903
0.373737,0.06,-0.0341429
0.373737,0.061,0.105712
0.373737,0.062,0.0997188
0.373737,0.063,-0.101531
0.373737,0.064,0.561829
0.373737,0.065,0.201493
0.373737,0.066,0.0601519
0.373737,0.067,0.0215018
0.373737,0.068,0.00685614
0.373737,0.069,0.00189287
0.373737,0.07,0.000452434
0.373737,0.071,9.42671e-05
0.373737,0.072,1.72508e-05
0.373737,0.073,2.79089e-06
0.373737,0.074,4.01304e-07
0.373737,0.075,5.15031e-08
0.373737,0.076,5.91893e-09
0.373737,0.077,6.10624e-10
0.373737,0.078,5.66487e-11
0.373737,0.079,4.73133e-12
0.373737,0.08,3.55956e-13
0.373737,0.081,2.41232e-14
0.373737,0.082,1.47185e-15
0.373737,0.083,8.07611e-17
0.373737,0.084,3.97825e-18
0.373737,0.085,1.75498e-19
0.373737,0.086,6.91084e-21
0.373737,0.087,2.41901e-22
0.373737,0.088,7.48606e-24
0.373737,0.089,2.03428e-25
0.373737,0.09,4.812e-27
0.373737,0.091,9.79806e-29
0.373737,0.092,1.6924e-30
0.373737,0.093,2.43172e-32
0.373737,0.094,2.82844e-34
0.373737,0.095,2.5589e-36
0.373737,0.096,1.68949e-38
0.373737,0.097,7.24135e-41
0.373737,0.098,1.5134e-43
0.373737,0.099,0
0.373737,0.1,0
0.383838,0.001,0
0.383838,0.002,0
0.383838,0.003,0
0.383838,0.004,0
0.383838,0.005,0
0.383838,0.006,0
0.383838,0.007,0
0.383838,0.008,0
0.383838,0.009,2.24208e-44
0.383838,0.01,-3.57611e-42
0.383838,0.011,4.60102e-40
0.383838,0.012,-5.16204e-38
0.383838,0.013,5.09107e-36
0.383838,0.014,-4.44538e-34
0.383838,0.015,3.45618e-32
0.383838,0.016,-2.40354e-30
0.383838,0.017,1.50055e-28
0.383838,0.018,-8.43377e-27
0.383838,0.019,4.27655e-25
0.383838,0.02,-1.9594e-23
0.383838,0.021,8.1192e-22
0.383838,0.022,-3.04386e-20
0.383838,0.023,1.03223e-18
0.383838,0.024,-3.164e-17
0.383838,0.025,8.75396e-16
0.383838,0.026,-2.18166e-14
0.383838,0.027,4.88378e-13
0.383838,0.028,-9.78339e-12
0.383838,0.029,1.74537e-10
0.383838,0.03,-2.75588e-09
0.383838,0.031,3.82074e-08
0.383838,0.032,-4.60321e-07
0.383838,0.033,4.75414e-06
0.383838,0.034,-4.13132e-05
0.383838,0.035,0.00029423
0.383838,0.036,-0.00164596
0.383838,0.037,0.00680416
0.383838,0.038,-0.0169398
0.383838,0.039,0.0164127
0.383838,0.04,0.0547891
0.383838,0.041,-0.0299647
0.383838,0.042,-0.132455
0.383838,0.043,0.0139221
0.383838,0.044,-0.567499
0.383838,0.045,-0.163637
0.383838,0.046,-0.0481413
0.383838,0.047,-0.0133947
0.383838,0.048,-0.00324053
0.383838,0.049,-0.000676215
0.383838,0.05,-0.000121891
0.383838,0.051,-2.25306e-05
0.383838,0.052,2.12193e-05
0.383838,0.053,-0.000152409
0.383838,0.054,0.000823498
0.383838,0.055,-0.00368649
0.383838,0.056,0.0131661
0.383838,0.057,-0.0354666
0.383838,0.058,0.0645084
0.383838,0.059,-0.0441571
0.383838,0.06,-0.04173
0.383838,0.061,0.098241
0.383838,0.062,0.106911
0.383838,0.063,-0.0777828
0.383838,0.064,0.595822
0.383838,0.065,0.229793
0.383838,0.066,0.066991
0.383838,0.067,0.024484
0.383838,0.068,0.00804398
0.383838,0.069,0.0022962
0.383838,0.07,0.000568563
0.383838,0.071,0.000122877
0.383838,0.072,2.33513e-05
0.383838,0.073,3.92804e-06
0.383838,0.074,5.88075e-07
0.383838,0.075,7.86999e-08
0.383838,0.076,9.4469e-09
0.383838,0.077,1.01982e-09
0.383838,0.078,9.92012e-11
0.383838,0.079,8.70671e-12
0.383838,0.08,6.9004e-13
0.383838,0.081,4.93961e-14
0.383838,0.082,3.19305e-15
0.383838,0.083,1.86244e-16
0.383838,0.084,9.78935e-18
0.383838,0.085,4.62794e-19
0.383838,0.086,1.96269e-20
0.383838,0.087,7.44169e-22
0.383838,0.088,2.51164e-23
0.383838,0.089,7.50449e-25
0.383838,0.09,1.97127e-26
0.383838,0.091,4.51239e-28
0.383838,0.092,8.90039e-30
0.383838,0.093,1.49063e-31
0.383838,0.094,2.07854e-33
0.383838,0.095,2.34814e-35
0.383838,0.096,2.0649e-37
0.383838,0.097,1.32611e-39
0.383838,0.098,5.53233e-42
0.383838,0.099,1.12104e-44
0.383838,0.1,0
0.393939,0.001,0
0.393939,0.002,0
0.393939,0.003,0
0.393939,0.004,0
0.393939,0.005,0
0.393939,0.006,0
0.393939,0.007,0
0.393939,0.008,-1.4013e-45
0.393939,0.009,1.13505e-43
0.393939,0.01,-1.51705e-41
0.393939,0.011,1.75806e-39
0.393939,0.012,-1.79319e-37
0.393939,0.013,1.6212e-35
0.393939,0.014,-1.30671e-33
0.393939,0.015,9.43351e-32
0.393939,0.016,-6.12273e-30
0.393939,0.017,3.58325e-28
0.393939,0.018,-1.89522e-26
0.393939,0.019,9.07452e-25
0.393939,0.02,-3.93781e-23
0.393939,0.021,1.54958e-21
0.393939,0.022,-5.53013e-20
0.393939,0.023,1.78906e-18
0.393939,0.024,-5.2415e-17
0.393939,0.025,1.38847e-15
0.393939,0.026,-3.31812e-14
0.393939,0.027,7.13213e-13
0.393939,0.028,-1.37348e-11
0.393939,0.029,2.35795e-10
0.393939,0.03,-3.58585e-09
0.393939,0.031,4.79138e-08
0.393939,0.032,-5.56633e-07
0.393939,0.033,5.54475e-06
0.393939,0.034,-4.64683e-05
0.393939,0.035,0.000318961
0.393939,0.036,-0.00171648
0.393939,0.037,0.00679882
0.393939,0.038,-0.0159816
0.393939,0.039,0.0129442
0.393939,0.04,0.0549964
0.393939,0.041,-0.0207816
0.393939,0.042,-0.126029
0.393939,0.043,-0.0165478
0.393939,0.044,0.391067
0.393939,0.045,-0.189166
0.393939,0.046,-0.0550421
0.393939,0.047,-0.0157075
0.393939,0.048,-0.00392002
0.393939,0.049,-0.000845373
0.393939,0.05,-0.000157654
0.393939,0.051,-3.00407e-05
0.393939,0.052,2.61068e-05
0.393939,0.053,-0.000184655
0.393939,0.054,0.000962377
0.393939,0.055,-0.00415754
0.393939,0.056,0.0143061
0.393939,0.057,-0.0369558
0.393939,0.058,0.0639369
0.393939,0.059,-0.0374985
0.393939,0.06,-0.0485296
0.393939,0.061,0.0901982
0.393939,0.062,0.112699
0.393939,0.063,-0.0553933
0.393939,0.064,-0.370937
0.393939,0.065,0.260089
0.393939,0.066,0.074404
0.393939,0.067,0.0277297
0.393939,0.068,0.00937685
0.393939,0.069,0.00276422
0.393939,0.07,0.000708202
0.393939,0.071,0.000158568
0.393939,0.072,3.12535e-05
0.393939,0.073,5.45885e-06
0.393939,0.074,8.49651e-07
0.393939,0.075,1.18377e-07
0.393939,0.076,1.4816e-08
0.393939,0.077,1.67047e-09
0.393939,0.078,1.70024e-10
0.393939,0.079,1.5646e-11
0.393939,0.08,1.30299e-12
0.393939,0.081,9.82519e-14
0.393939,0.082,6.70819e-15
0.393939,0.083,4.14511e-16
0.393939,0.084,2.31589e-17
0.393939,0.085,1.16817e-18
0.393939,0.086,5.30884e-20
0.393939,0.087,2.16773e-21
0.393939,0.088,7.92483e-23
0.393939,0.089,2.58234e-24
0.393939,0.09,7.45833e-26
0.393939,0.091,1.8959e-27
0.393939,0.092,4.2041e-29
0.393939,0.093,8.04056e-31
0.393939,0.094,1.3069e-32
0.393939,0.095,1.77005e-34
0.393939,0.096,1.94375e-36
0.393939,0.097,1.66272e-38
0.393939,0.098,1.03946e-40
0.393939,0.099,4.21791e-43
0.393939,0.1,0
0.40404,0.001,0
0.40404,0.002,0
0.40404,0.003,0
0.40404,0.004,0
0.40404,0.005,0
0.40404,0.006,0
0.40404,0.007,0
0.40404,0.008,-4.2039e-45
0.40404,0.009,4.9606e-43
0.40404,0.01,-5.9401e-41
0.40404,0.011,6.25893e-39
0.40404,0.012,-5.85213e-37
0.40404,0.013,4.88388e-35
0.40404,0.014,-3.65523e-33
0.40404,0.015,2.4628e-31
0.40404,0.016,-1.49844e-29
0.40404,0.017,8.2526e-28
0.40404,0.018,-4.1217e-26
0.40404,0.019,1.86921e-24
0.40404,0.02,-7.70334e-23
0.40404,0.021,2.88585e-21
0.40404,0.022,-9.82583e-20
0.40404,0.023,3.03861e-18
0.40404,0.024,-8.5246e-17
0.40404,0.025,2.1657e-15
0.40404,0.026,-4.9705e-14
0.40404,0.027,1.02732e-12
0.40404,0.028,-1.90438e-11
0.40404,0.029,3.15002e-10
0.40404,0.03,-4.61906e-09
0.40404,0.031,5.95486e-08
0.40404,0.032,-6.67747e-07
0.40404,0.033,6.42149e-06
0.40404,0.034,-5.19452e-05
0.40404,0.035,0.000343913
0.40404,0.036,-0.00178153
0.40404,0.037,0.00676299
0.40404,0.038,-0.0149906
0.40404,0.039,0.00970623
0.40404,0.04,0.0545603
0.40404,0.041,-0.0120148
0.40404,0.042,-0.118705
0.40404,0.043,-0.0440628
0.40404,0.044,0.349887
0.40404,0.045,-0.220022
0.40404,0.046,-0.0627804
0.40404,0.047,-0.0183228
0.40404,0.048,-0.00471139
0.40404,0.049,-0.0010491
0.40404,0.05,-0.000202239
0.40404,0.051,-3.96967e-05
0.40404,0.052,3.20673e-05
0.40404,0.053,-0.000222147
0.40404,0.054,0.00111783
0.40404,0.055,-0.00466347
0.40404,0.056,0.0154694
0.40404,0.057,-0.0383216
0.40404,0.058,0.0630172
0.40404,0.059,-0.0307757
0.40404,0.06,-0.0544944
0.40404,0.061,0.08167
0.40404,0.062,0.117135
0.40404,0.063,-0.0343883
0.40404,0.064,-0.338493
0.40404,0.065,0.291988
0.40404,0.066,0.0826115
0.40404,0.067,0.0312486
0.40404,0.068,0.0108636
0.40404,0.069,0.00330365
0.40404,0.07,0.000874797
0.40404,0.071,0.000202695
0.40404,0.072,4.13859e-05
0.40404,0.073,7.49622e-06
0.40404,0.074,1.21135e-06
0.40404,0.075,1.75444e-07
0.40404,0.076,2.28588e-08
0.40404,0.077,2.68709e-09
0.40404,0.078,2.8563e-10
0.40404,0.079,2.75011e-11
0.40404,0.08,2.40115e-12
0.40404,0.081,1.90245e-13
0.40404,0.082,1.36815e-14
0.40404,0.083,8.9287e-16
0.40404,0.084,5.28441e-17
0.40404,0.085,2.83315e-18
0.40404,0.086,1.3737e-19
0.40404,0.087,6.01044e-21
0.40404,0.088,2.36625e-22
0.40404,0.089,8.35162e-24
0.40404,0.09,2.63059e-25
0.40404,0.091,7.35238e-27
0.40404,0.092,1.81051e-28
0.40404,0.093,3.89295e-30
0.40404,0.094,7.22604e-32
0.40404,0.095,1.14085e-33
0.40404,0.096,1.50202e-35
0.40404,0.097,1.60457e-37
0.40404,0.098,1.33618e-39
0.40404,0.099,8.13594e-42
0.40404,0.1,3.08286e-44
0.414141,0.001,2.8026e-45
0.414141,0.002,0
0.414141,0.003,0
0.414141,0.004,0
0.414141,0.005,0
0.414141,0.006,0
0.414141,0.007,0
0.414141,0.008,-1.68156e-44
0.414141,0.009,1.99125e-42
0.414141,0.01,-2.16596e-40
0.414141,0.011,2.09214e-38
0.414141,0.012,-1.8057e-36
0.414141,0.013,1.39929e-34
0.414141,0.014,-9.77413e-33
0.414141,0.015,6.17354e-31
0.414141,0.016,-3.53484e-29
0.414141,0.017,1.83837e-27
0.414141,0.018,-8.69662e-26
0.414141,0.019,3.74575e-24
0.414141,0.02,-1.46967e-22
0.414141,0.021,5.25312e-21
0.414141,0.022,-1.70988e-19
0.414141,0.023,5.06392e-18
0.414141,0.024,-1.36266e-16
0.414141,0.025,3.32529e-15
0.414141,0.026,-7.34004e-14
0.414141,0.027,1.46069e-12
0.414141,0.028,-2.60967e-11
0.414141,0.029,4.16381e-10
0.414141,0.03,-5.89361e-09
0.414141,0.031,7.33812e-08
0.414141,0.032,-7.95001e-07
0.414141,0.033,7.38728e-06
0.414141,0.034,-5.77275e-05
0.414141,0.035,0.000368911
0.414141,0.036,-0.00184058
0.414141,0.037,0.00669768
0.414141,0.038,-0.0139756
0.414141,0.039,0.00671041
0.414141,0.04,0.0535543
0.414141,0.041,-0.00373139
0.414141,0.042,-0.110854
0.414141,0.043,-0.0681882
0.414141,0.044,0.309051
0.414141,0.045,-0.255876
0.414141,0.046,-0.0714472
0.414141,0.047,-0.0212715
0.414141,0.048,-0.00562799
0.414141,0.049,-0.00129282
0.414141,0.05,-0.000257373
0.414141,0.051,-5.20349e-05
0.414141,0.052,3.89814e-05
0.414141,0.053,-0.000265479
0.414141,0.054,0.00129092
0.414141,0.055,-0.00520378
0.414141,0.056,0.0166488
0.414141,0.057,-0.0395484
0.414141,0.058,0.061753
0.414141,0.059,-0.0240477
0.414141,0.06,-0.0595872
0.414141,0.061,0.0727432
0.414141,0.062,0.120274
0.414141,0.063,-0.0147875
0.414141,0.064,-0.306889
0.414141,0.065,0.325091
0.414141,0.066,0.0919388
0.414141,0.067,0.0350577
0.414141,0.068,0.0125127
0.414141,0.069,0.00392137
0.414141,0.07,0.00107208
0.414141,0.071,0.000256788
0.414141,0.072,5.42541e-05
0.414141,0.073,1.01788e-05
0.414141,0.074,1.70554e-06
0.414141,0.075,2.56436e-07
0.414141,0.076,3.47296e-08
0.414141,0.077,4.24962e-09
0.414141,0.078,4.7094e-10
0.414141,0.079,4.7352e-11
0.414141,0.08,4.32553e-12
0.414141,0.081,3.59288e-13
0.414141,0.082,2.71477e-14
0.414141,0.083,1.86603e-15
0.414141,0.084,1.16634e-16
0.414141,0.085,6.62369e-18
0.414141,0.086,3.41338e-19
0.414141,0.087,1.59333e-20
0.414141,0.088,6.72125e-22
0.414141,0.089,2.55456e-23
0.414141,0.09,8.71513e-25
0.414141,0.091,2.65643e-26
0.414141,0.092,7.19241e-28
0.414141,0.093,1.7174e-29
0.414141,0.094,3.58398e-31
0.414141,0.095,6.46203e-33
0.414141,0.096,9.91791e-35
0.414141,0.097,1.27032e-36
0.414141,0.098,1.32112e-38
0.414141,0.099,1.0717e-40
0.414141,0.1,6.34788e-43
0.424242,0.001,5.04467e-44
0.424242,0.002,0
0.424242,0.003,0
0.424242,0.004,0
0.424242,0.005,0
0.424242,0.006,0
0.424242,0.007,1.4013e-45
0.424242,0.008,-6.72623e-44
0.424242,0.009,7.43529e-42
0.424242,0.01,-7.4114e-40
0.424242,0.011,6.60821e-38
0.424242,0.012,-5.29601e-36
0.424242,0.013,3.8303e-34
0.424242,0.014,-2.50813e-32
0.424242,0.015,1.49086e-30
0.424242,0.016,-8.06108e-29
0.424242,0.017,3.97098e-27
0.424242,0.018,-1.78417e-25
0.424242,0.019,7.31647e-24
0.424242,0.02,-2.73911e-22
0.424242,0.021,9.36035e-21
0.424242,0.022,-2.91807e-19
0.424242,0.023,8.29026e-18
0.424242,0.024,-2.14312e-16
0.424242,0.025,5.03071e-15
0.424242,0.026,-1.0694e-13
0.424242,0.027,2.05158e-12
0.424242,0.028,-3.53667e-11
0.424242,0.029,5.44893e-10
0.424242,0.03,-7.45227e-09
0.424242,0.031,8.96993e-08
0.424242,0.032,-9.39721e-07
0.424242,0.033,8.4444e-06
0.424242,0.034,-6.37948e-05
0.424242,0.035,0.000393777
0.424242,0.036,-0.00189318
0.424242,0.037,0.00660411
0.424242,0.038,-0.0129452
0.424242,0.039,0.00396445
0.424242,0.04,0.0520523
0.424242,0.041,0.00401503
0.424242,0.042,-0.102703
0.424242,0.043,-0.0885562
0.424242,0.044,0.268732
0.424242,0.045,-0.2954
0.424242,0.046,-0.0810829
0.424242,0.047,-0.0245866
0.424242,0.048,-0.00668424
0.424242,0.049,-0.00158244
0.424242,0.05,-0.000325024
0.424242,0.051,-6.76513e-05
0.424242,0.052,4.69685e-05
0.424242,0.053,-0.000315309
0.424242,0.054,0.00148237
0.424242,0.055,-0.00577766
0.424242,0.056,0.0178366
0.424242,0.057,-0.0406213
0.424242,0.058,0.0601513
0.424242,0.059,-0.017371
0.424242,0.06,-0.0637815
0.424242,0.061,0.0635043
0.424242,0.062,0.122175
0.424242,0.063,0.00339568
0.424242,0.064,-0.276171
0.424242,0.065,0.359016
0.424242,0.066,0.102776
0.424242,0.067,0.0391833
0.424242,0.068,0.0143329
0.424242,0.069,0.00462439
0.424242,0.07,0.00130405
0.424242,0.071,0.000322568
0.424242,0.072,7.04491e-05
0.424242,0.073,1.36753e-05
0.424242,0.074,2.37315e-06
0.424242,0.075,3.69943e-07
0.424242,0.076,5.20078e-08
0.424242,0.077,6.61447e-09
0.424242,0.078,7.62968e-10
0.424242,0.079,7.99742e-11
0.424242,0.08,7.62883e-12
0.424242,0.081,6.62935e-13
0.424242,0.082,5.25108e-14
0.424242,0.083,3.79213e-15
0.424242,0.084,2.49631e-16
0.424242,0.085,1.49709e-17
0.424242,0.086,8.17166e-19
0.424242,0.087,4.05388e-20
0.424242,0.088,1.82433e-21
0.424242,0.089,7.42922e-23
0.424242,0.09,2.72926e-24
0.424242,0.091,9.01026e-26
0.424242,0.092,2.66047e-27
0.424242,0.093,6.98487e-29
0.424242,0.094,1.61874e-30
0.424242,0.095,3.28142e-32
0.424242,0.096,5.75177e-34
0.424242,0.097,8.58839e-36
0.424242,0.098,1.07095e-37
0.424242,0.099,1.08503e-39
0.424242,0.1,8.57875e-42
0.434343,0.001,6.86636e-43
0.434343,0.002,4.2039e-45
0.434343,0.003,0
0.434343,0.004,0
0.434343,0.005,0
0.434343,0.006,0
0.434343,0.007,2.8026e-45
0.434343,0.008,-2.53635e-43
0.434343,0.009,2.60291e-41
0.434343,0.01,-2.39509e-39
0.434343,0.011,1.98297e-37
0.434343,0.012,-1.48322e-35
0.434343,0.013,1.00563e-33
0.434343,0.014,-6.19714e-32
0.434343,0.015,3.4786e-30
0.434343,0.016,-1.7816e-28
0.434343,0.017,8.33583e-27
0.434343,0.018,-3.56599e-25
0.434343,0.019,1.39539e-23
0.434343,0.02,-4.99474e-22
0.434343,0.021,1.63487e-20
0.434343,0.022,-4.88965e-19
0.434343,0.023,1.33469e-17
0.434343,0.024,-3.3194e-16
0.434343,0.025,7.50515e-15
0.434343,0.026,-1.53833e-13
0.434343,0.027,2.84829e-12
0.434343,0.028,-4.7428e-11
0.434343,0.029,7.06319e-10
0.434343,0.03,-9.34276e-09
0.434343,0.031,1.08807e-07
0.434343,0.032,-1.10321e-06
0.434343,0.033,9.59437e-06
0.434343,0.034,-7.01228e-05
0.434343,0.035,0.000418331
0.434343,0.036,-0.00193894
0.434343,0.037,0.00648372
0.434343,0.038,-0.0119077
0.434343,0.039,0.00147238
0.434343,0.04,0.0501262
0.434343,0.041,0.0111811
0.434343,0.042,-0.0943666
0.434343,0.043,-0.104926
0.434343,0.044,0.229131
0.434343,0.045,-0.336902
0.434343,0.046,-0.0916786
0.434343,0.047,-0.0283003
0.434343,0.048,-0.00789565
0.434343,0.049,-0.00192469
0.434343,0.05,-0.000407517
0.434343,0.051,-8.72016e-05
0.434343,0.052,5.61476e-05
0.434343,0.053,-0.000372231
0.434343,0.054,0.00169313
0.434343,0.055,-0.00638396
0.434343,0.056,0.0190245
0.434343,0.057,-0.0415267
0.434343,0.058,0.0582222
0.434343,0.059,-0.0107992
0.434343,0.06,-0.0670619
0.434343,0.061,0.0540401
0.434343,0.062,0.122899
0.434343,0.063,0.0201541
0.434343,0.064,-0.246387
0.434343,0.065,0.393414
0.434343,0.066,0.115517
0.434343,0.067,0.0436579
0.434343,0.068,0.0163336
0.434343,0.069,0.00541981
0.434343,0.07,0.00157499
0.434343,0.071,0.000401952
0.434343,0.072,9.06564e-05
0.434343,0.073,1.81889e-05
0.434343,0.074,3.26544e-06
0.434343,0.075,5.27146e-07
0.434343,0.076,7.68284e-08
0.434343,0.077,1.01421e-08
0.434343,0.078,1.21588e-09
0.434343,0.079,1.3265e-10
0.434343,0.08,1.31907e-11
0.434343,0.081,1.19692e-12
0.434343,0.082,9.91821e-14
0.434343,0.083,7.50817e-15
0.434343,0.084,5.1925e-16
0.434343,0.085,3.27953e-17
0.434343,0.086,1.89029e-18
0.434343,0.087,9.93223e-20
0.434343,0.088,4.75006e-21
0.434343,0.089,2.06353e-22
0.434343,0.09,8.12215e-24
0.434343,0.091,2.88733e-25
0.434343,0.092,9.23378e-27
0.434343,0.093,2.64376e-28
0.434343,0.094,6.73666e-30
0.434343,0.095,1.51656e-31
0.434343,0.096,2.98875e-33
0.434343,0.097,5.09682e-35
0.434343,0.098,7.40945e-37
0.434343,0.099,9.00132e-39
0.434343,0.1,8.89026e-41
0.444444,0.001,7.26854e-42
0.444444,0.002,5.60519e-44
0.444444,0.003,0
0.444444,0.004,0
0.444444,0.005,0
0.444444,0.006,0
0.444444,0.007,8.40779e-45
0.444444,0.008,-9.08041e-43
0.444444,0.009,8.60173e-41
0.444444,0.01,-7.34959e-39
0.444444,0.011,5.67915e-37
0.444444,0.012,-3.9822e-35
0.444444,0.013,2.54094e-33
0.444444,0.014,-1.4787e-31
0.444444,0.015,7.86231e-30
0.444444,0.016,-3.82472e-28
0.444444,0.017,1.7039e-26
0.444444,0.018,-6.95573e-25
0.444444,0.019,2.60249e-23
0.444444,0.02,-8.92323e-22
0.444444,0.021,2.80233e-20
0.444444,0.022,-8.05348e-19
0.444444,0.023,2.11513e-17
0.444444,0.024,-5.06755e-16
0.444444,0.025,1.10497e-14
0.444444,0.026,-2.18635e-13
0.444444,0.027,3.91119e-12
0.444444,0.028,-6.29711e-11
0.444444,0.029,9.07331e-10
0.444444,0.03,-1.16178e-08
0.444444,0.031,1.31024e-07
0.444444,0.032,-1.28671e-06
0.444444,0.033,1.08379e-05
0.444444,0.034,-7.66839e-05
0.444444,0.035,0.000442394
0.444444,0.036,-0.00197756
0.444444,0.037,0.00633814
0.444444,0.038,-0.0108709
0.444444,0.039,-0.000765257
0.444444,0.04,0.0478446
0.444444,0.041,0.0177305
0.444444,0.042,-0.0858937
0.444444,0.043,-0.117228
0.444444,0.044,0.190432
0.444444,0.045,-0.379008
0.444444,0.046,-0.103229
0.444444,0.047,-0.0324419
0.444444,0.048,-0.00927883
0.444444,0.049,-0.00232673
0.444444,0.05,-0.000507414
0.444444,0.051,-0.00011158
0.444444,0.052,6.65188e-05
0.444444,0.053,-0.000436962
0.444444,0.054,0.0019238
0.444444,0.055,-0.00702107
0.444444,0.056,0.0202042
0.444444,0.057,-0.0422524
0.444444,0.058,0.0559784
0.444444,0.059,-0.00438243
0.444444,0.06,-0.0694244
0.444444,0.061,0.0444368
0.444444,0.062,0.12251
0.444444,0.063,0.0354875
0.444444,0.064,-0.217586
0.444444,0.065,0.427985
0.444444,0.066,0.130502
0.444444,0.067,0.0485133
0.444444,0.068,0.0185252
0.444444,0.069,0.00631487
0.444444,0.07,0.00188941
0.444444,0.071,0.000497058
0.444444,0.072,0.000115665
0.444444,0.073,2.39629e-05
0.444444,0.074,4.44601e-06
0.444444,0.075,7.42438e-07
0.444444,0.076,1.12045e-07
0.444444,0.077,1.5333e-08
0.444444,0.078,1.90785e-09
0.444444,0.079,2.16316e-10
0.444444,0.08,2.23871e-11
0.444444,0.081,2.11752e-12
0.444444,0.082,1.83216e-13
0.444444,0.083,1.45089e-14
0.444444,0.084,1.05178e-15
0.444444,0.085,6.97856e-17
0.444444,0.086,4.23591e-18
0.444444,0.087,2.35017e-19
0.444444,0.088,1.19039e-20
0.444444,0.089,5.49546e-22
0.444444,0.09,2.3074e-23
0.444444,0.091,8.7881e-25
0.444444,0.092,3.02623e-26
0.444444,0.093,9.38428e-28
0.444444,0.094,2.60774e-29
0.444444,0.095,6.45485e-31
0.444444,0.096,1.4127e-32
0.444444,0.097,2.70869e-34
0.444444,0.098,4.49735e-36
0.444444,0.099,6.36971e-38
0.444444,0.1,7.54379e-40
0.454545,0.001,6.30486e-41
0.454545,0.002,5.94151e-43
0.454545,0.003,4.2039e-45
0.454545,0.004,0
0.454545,0.005,0
0.454545,0.006,0
0.454545,0.007,3.08286e-44
0.454545,0.008,-3.06464e-42
0.454545,0.009,2.69788e-40
0.454545,0.01,-2.15143e-38
0.454545,0.011,1.55847e-36
0.454545,0.012,-1.02845e-34
0.454545,0.013,6.19711e-33
0.454545,0.014,-3.41615e-31
0.454545,0.015,1.72528e-29
0.454545,0.016,-7.9915e-28
0.454545,0.017,3.39746e-26
0.454545,0.018,-1.32618e-24
0.454545,0.019,4.75321e-23
0.454545,0.02,-1.56378e-21
0.454545,0.021,4.71931e-20
0.454545,0.022,-1.30509e-18
0.454545,0.023,3.30238e-17
0.454545,0.024,-7.63141e-16
0.454545,0.025,1.60662e-14
0.454545,0.026,-3.07204e-13
0.454545,0.027,5.31503e-12
0.454545,0.028,-8.2819e-11
0.454545,0.029,1.15558e-09
0.454545,0.03,-1.43352e-08
0.454545,0.031,1.56682e-07
0.454545,0.032,-1.49141e-06
0.454545,0.033,1.2175e-05
0.454545,0.034,-8.34472e-05
0.454545,0.035,0.00046579
0.454545,0.036,-0.00200877
0.454545,0.037,0.00616917
0.454545,0.038,-0.00984219
0.454545,0.039,-0.00275103
0.454545,0.04,0.0452724
0.454545,0.041,0.0236326
0.454545,0.042,-0.0773101
0.454545,0.043,-0.125582
0.454545,0.044,0.1528
0.454545,0.045,-0.420923
0.454545,0.046,-0.115819
0.454545,0.047,-0.0370369
0.454545,0.048,-0.0108511
0.454545,0.049,-0.00279653
0.454545,0.05,-0.000627637
0.454545,0.051,-0.00014174
0.454545,0.052,7.80821e-05
0.454545,0.053,-0.000510156
0.454545,0.054,0.00217521
0.454545,0.055,-0.00768697
0.454545,0.056,0.0213667
0.454545,0.057,-0.0427877
0.454545,0.058,0.0534357
0.454545,0.059,0.00183237
0.454545,0.06,-0.0708762
0.454545,0.061,0.0347804
0.454545,0.062,0.121074
0.454545,0.063,0.0494019
0.454545,0.064,-0.189819
0.454545,0.065,0.462484
0.454545,0.066,0.147968
0.454545,0.067,0.0537715
0.454545,0.068,0.0209184
0.454545,0.069,0.00731693
0.454545,0.07,0.00225206
0.454545,0.071,0.000610215
0.454545,0.072,0.000146378
0.454545,0.073,3.12854e-05
0.454545,0.074,5.99308e-06
0.454545,0.075,1.03417e-06
0.454545,0.076,1.6143e-07
0.454545,0.077,2.28733e-08
0.454545,0.078,2.95016e-09
0.454545,0.079,3.47153e-10
0.454545,0.08,3.7337e-11
0.454545,0.081,3.67538e-12
0.454545,0.082,3.31474e-13
0.454545,0.083,2.74076e-14
0.454545,0.084,2.07832e-15
0.454545,0.085,1.44538e-16
0.454545,0.086,9.21617e-18
0.454545,0.087,5.38453e-19
0.454545,0.088,2.87974e-20
0.454545,0.089,1.40795e-21
0.454545,0.09,6.28193e-23
0.454545,0.091,2.55218e-24
0.454545,0.092,9.41574e-26
0.454545,0.093,3.14391e-27
0.454545,0.094,9.46209e-29
0.454545,0.095,2.55416e-30
0.454545,0.096,6.14642e-32
0.454545,0.097,1.30879e-33
0.454545,0.098,2.44329e-35
0.454545,0.099,3.95239e-37
0.454545,0.1,5.45739e-39
0.464646,0.001,4.66068e-40
0.464646,0.002,5.25767e-42
0.464646,0.003,4.76441e-44
0.464646,0.004,0
0.464646,0.005,0
0.464646,0.006,0
0.464646,0.007,1.079e-43
0.464646,0.008,-9.81469e-42
0.464646,0.009,8.06823e-40
0.464646,0.01,-6.03168e-38
0.464646,0.011,4.11203e-36
0.464646,0.012,-2.56258e-34
0.464646,0.013,1.4627e-32
0.464646,0.014,-7.65883e-31
0.464646,0.015,3.6831e-29
0.464646,0.016,-1.62808e-27
0.464646,0.017,6.61861e-26
0.464646,0.018,-2.47499e-24
0.464646,0.019,8.51214e-23
0.464646,0.02,-2.69131e-21
0.464646,0.021,7.81626e-20
0.464646,0.022,-2.08275e-18
0.464646,0.023,5.08389e-17
0.464646,0.024,-1.13447e-15
0.464646,0.025,2.30846e-14
0.464646,0.026,-4.26991e-13
0.464646,0.027,7.15154e-12
0.464646,0.028,-1.07945e-10
0.464646,0.029,1.45975e-09
0.464646,0.03,-1.75579e-08
0.464646,0.031,1.86121e-07
0.464646,0.032,-1.71842e-06
0.464646,0.033,1.36046e-05
0.464646,0.034,-9.03787e-05
0.464646,0.035,0.000488345
0.464646,0.036,-0.0020324
0.464646,0.037,0.00597875
0.464646,0.038,-0.00882844
0.464646,0.039,-0.00449028
0.464646,0.04,0.04247
0.464646,0.041,0.0288632
0.464646,0.042,-0.0686476
0.464646,0.043,-0.130293
0.464646,0.044,0.1164
0.464646,0.045,-0.462332
0.464646,0.046,-0.129715
0.464646,0.047,-0.0421121
0.464646,0.048,-0.0126304
0.464646,0.049,-0.00334275
0.464646,0.05,-0.000771523
0.464646,0.051,-0.000178814
0.464646,0.052,9.09567e-05
0.464646,0.053,-0.00059253
0.464646,0.054,0.00244761
0.464646,0.055,-0.00837928
0.464646,0.056,0.022503
0.464646,0.057,-0.0431234
0.464646,0.058,0.0506123
0.464646,0.059,0.00780201
0.464646,0.06,-0.0714358
0.464646,0.061,0.0251559
0.464646,0.062,0.118658
0.464646,0.063,0.0619094
0.464646,0.064,-0.163132
0.464646,0.065,0.49672
0.464646,0.066,0.16802
0.464646,0.067,0.059439
0.464646,0.068,0.0235238
0.464646,0.069,0.00843354
0.464646,0.07,0.00266793
0.464646,0.071,0.000743962
0.464646,0.072,0.000183816
0.464646,0.073,4.04957e-05
0.464646,0.074,8.00202e-06
0.464646,0.075,1.42551e-06
0.464646,0.076,2.2992e-07
0.464646,0.077,3.36938e-08
0.464646,0.078,4.49934e-09
0.464646,0.079,5.48783e-10
0.464646,0.08,6.12532e-11
0.464646,0.081,6.26587e-12
0.464646,0.082,5.88091e-13
0.464646,0.083,5.06829e-14
0.464646,0.084,4.01268e-15
0.464646,0.085,2.91903e-16
0.464646,0.086,1.95082e-17
0.464646,0.087,1.19725e-18
0.464646,0.088,6.74243e-20
0.464646,0.089,3.48056e-21
0.464646,0.09,1.6446e-22
0.464646,0.091,7.09986e-24
0.464646,0.092,2.794e-25
0.464646,0.093,9.99472e-27
0.464646,0.094,3.2389e-28
0.464646,0.095,9.46911e-30
0.464646,0.096,2.48498e-31
0.464646,0.097,5.81813e-33
0.464646,0.098,1.20624e-34
0.464646,0.099,2.19398e-36
0.464646,0.1,3.46011e-38
0.474747,0.001,3.01802e-39
0.474747,0.002,3.9682e-41
0.474747,0.003,4.37205e-43
0.474747,0.004,4.2039e-45
0.474747,0.005,0
0.474747,0.006,-2.8026e-45
0.474747,0.007,3.53127e-43
0.474747,0.008,-2.9971e-41
0.474747,0.009,2.30988e-39
0.474747,0.01,-1.62517e-37
0.474747,0.011,1.0463e-35
0.474747,0.012,-6.17667e-34
0.474747,0.013,3.34886e-32
0.474747,0.014,-1.66971e-30
0.474747,0.015,7.66295e-29
0.474747,0.016,-3.23919e-27
0.474747,0.017,1.26155e-25
0.474747,0.018,-4.52702e-24
0.474747,0.019,1.49637e-22
0.474747,0.02,-4.55333e-21
0.474747,0.021,1.27432e-19
0.474747,0.022,-3.27593e-18
0.474747,0.023,7.72265e-17
0.474747,0.024,-1.6659e-15
0.474747,0.025,3.27974e-14
0.474747,0.026,-5.87394e-13
0.474747,0.027,9.53229e-12
0.474747,0.028,-1.39489e-10
0.474747,0.029,1.82965e-09
0.474747,0.03,-2.13537e-08
0.474747,0.031,2.19692e-07
0.474747,0.032,-1.96872e-06
0.474747,0.033,1.51249e-05
0.474747,0.034,-9.74418e-05
0.474747,0.035,0.000509895
0.474747,0.036,-0.00204835
0.474747,0.037,0.00576889
0.474747,0.038,-0.007836
0.474747,0.039,-0.00599067
0.474747,0.04,0.0394934
0.474747,0.041,0.0334057
0.474747,0.042,-0.0599551
0.474747,0.043,-0.131807
0.474747,0.044,0.0814312
0.474747,0.045,-0.503207
0.474747,0.046,-0.145442
0.474747,0.047,-0.0477011
0.474747,0.048,-0.0146348
0.474747,0.049,-0.00397468
0.474747,0.05,-0.000942767
0.474747,0.051,-0.000224173
0.474747,0.052,0.000105143
0.474747,0.053,-0.000684857
0.474747,0.054,0.00274146
0.474747,0.055,-0.00909519
0.474747,0.056,0.0236039
0.474747,0.057,-0.0432523
0.474747,0.058,0.0475289
0.474747,0.059,0.0134872
0.474747,0.06,-0.0711321
0.474747,0.061,0.0156475
0.474747,0.062,0.115329
0.474747,0.063,0.0730286
0.474747,0.064,-0.137573
0.474747,0.065,0.530551
0.474747,0.066,0.190632
0.474747,0.067,0.0655128
0.474747,0.068,0.0263506
0.474747,0.069,0.00967232
0.474747,0.07,0.00314221
0.474747,0.071,0.000901052
0.474747,0.072,0.000229132
0.474747,0.073,5.19901e-05
0.474747,0.074,1.05882e-05
0.474747,0.075,1.94549e-06
0.474747,0.076,3.2391e-07
0.474747,0.077,4.90429e-08
0.474747,0.078,6.77293e-09
0.474747,0.079,8.55238e-10
0.474747,0.08,9.89397e-11
0.474747,0.081,1.0503e-11
0.474747,0.082,1.02435e-12
0.474747,0.083,9.18683e-14
0.474747,0.084,7.58085e-15
0.474747,0.085,5.75755e-16
0.474747,0.086,4.0247e-17
0.474747,0.087,2.58877e-18
0.474747,0.088,1.53136e-19
0.474747,0.089,8.3238e-21
0.474747,0.09,4.15255e-22
0.474747,0.091,1.89843e-23
0.474747,0.092,7.93839e-25
0.474747,0.093,3.029e-26
0.474747,0.094,1.05159e-27
0.474747,0.095,3.31027e-29
0.474747,0.096,9.40861e-31
0.474747,0.097,2.4023e-32
0.474747,0.098,5.47635e-34
0.474747,0.099,1.10622e-35
0.474747,0.1,1.96165e-37
0.484848,0.001,1.74673e-38
0.484848,0.002,2.6232e-40
0.484848,0.003,3.36872e-42
0.484848,0.004,3.64338e-44
0.484848,0.005,0
0.484848,0.006,-1.26117e-44
0.484848,0.007,1.10142e-42
0.484848,0.008,-8.75798e-41
0.484848,0.009,6.35281e-39
0.484848,0.01,-4.22103e-37
0.484848,0.011,2.57429e-35
0.484848,0.012,-1.44353e-33
0.484848,0.013,7.45265e-32
0.484848,0.014,-3.54623e-30
0.484848,0.015,1.55637e-28
0.484848,0.016,-6.30296e-27
0.484848,0.017,2.35577e-25
0.484848,0.018,-8.12501e-24
0.484848,0.019,2.58489e-22
0.484848,0.02,-7.58018e-21
0.484848,0.021,2.04685e-19
0.484848,0.022,-5.08231e-18
0.484848,0.023,1.15833e-16
0.484848,0.024,-2.41792e-15
0.484848,0.025,4.61003e-14
0.484848,0.026,-8.00152e-13
0.484848,0.027,1.25919e-11
0.484848,0.028,-1.78779e-10
0.484848,0.029,2.27626e-09
0.484848,0.03,-2.57956e-08
0.484848,0.031,2.57744e-07
0.484848,0.032,-2.2432e-06
0.484848,0.033,1.6733e-05
0.484848,0.034,-0.000104598
0.484848,0.035,0.000530281
0.484848,0.036,-0.00205658
0.484848,0.037,0.00554174
0.484848,0.038,-0.00687069
0.484848,0.039,-0.00726188
0.484848,0.04,0.0363945
0.484848,0.041,0.0372529
0.484848,0.042,-0.0512972
0.484848,0.043,-0.130669
0.484848,0.044,0.0481435
0.484848,0.045,-0.543649
0.484848,0.046,-0.163817
0.484848,0.047,-0.0538532
0.484848,0.048,-0.0168833
0.484848,0.049,-0.00470227
0.484848,0.05,-0.00114542
0.484848,0.051,-0.000279188
0.484848,0.052,0.000120521
0.484848,0.053,-0.000787795
0.484848,0.054,0.003057
0.484848,0.055,-0.00983155
0.484848,0.056,0.0246602
0.484848,0.057,-0.0431689
0.484848,0.058,0.0442085
0.484848,0.059,0.0188524
0.484848,0.06,-0.0700037
0.484848,0.061,0.006338
0.484848,0.062,0.111157
0.484848,0.063,0.0827836
0.484848,0.064,-0.113181
0.484848,0.065,0.563871
0.484848,0.066,0.215659
0.484848,0.067,0.0720007
0.484848,0.068,0.0294059
0.484848,0.069,0.0110408
0.484848,0.07,0.00368028
0.484848,0.071,0.00108445
0.484848,0.072,0.000283616
0.484848,0.073,6.62281e-05
0.484848,0.074,1.38901e-05
0.484848,0.075,2.63012e-06
0.484848,0.076,4.51613e-07
0.484848,0.077,7.05787e-08
0.484848,0.078,1.00699e-08
0.484848,0.079,1.31495e-09
0.484848,0.08,1.57482e-10
0.484848,0.081,1.73266e-11
0.484848,0.082,1.75357e-12
0.484848,0.083,1.63416e-13
0.484848,0.084,1.40323e-14
0.484848,0.085,1.11074e-15
0.484848,0.086,8.10604e-17
0.484848,0.087,5.45343e-18
0.484848,0.088,3.38089e-19
0.484848,0.089,1.93024e-20
0.484848,0.09,1.01391e-21
0.484848,0.091,4.89383e-23
0.484848,0.092,2.16702e-24
0.484848,0.093,8.78578e-26
0.484848,0.094,3.25343e-27
0.484848,0.095,1.09717e-28
0.484848,0.096,3.35765e-30
0.484848,0.097,9.28503e-32
0.484848,0.098,2.30829e-33
0.484848,0.099,5.12695e-35
0.484848,0.1,1.00971e-36
0.494949,0.001,9.17453e-38
0.494949,0.002,1.54926e-39
0.494949,0.003,2.27249e-41
0.494949,0.004,2.84464e-43
0.494949,0.005,2.8026e-45
0.494949,0.006,-3.92364e-44
0.494949,0.007,3.28745e-42
0.494949,0.008,-2.45756e-40
0.494949,0.009,1.68355e-38
0.494949,0.01,-1.05964e-36
0.494949,0.011,6.13867e-35
0.494949,0.012,-3.27786e-33
0.494949,0.013,1.61509e-31
0.494949,0.014,-7.34946e-30
0.494949,0.015,3.09033e-28
0.494949,0.016,-1.20108e-26
0.494949,0.017,4.3148e-25
0.494949,0.018,-1.43241e-23
0.494949,0.019,4.39199e-22
0.494949,0.02,-1.24276e-20
0.494949,0.021,3.24155e-19
0.494949,0.022,-7.78247e-18
0.494949,0.023,1.71661e-16
0.494949,0.024,-3.4707e-15
0.494949,0.025,6.41409e-14
0.494949,0.026,-1.07981e-12
0.494949,0.027,1.64915e-11
0.494949,0.028,-2.2735e-10
0.494949,0.029,2.81178e-09
0.494949,0.03,-3.09609e-08
0.494949,0.031,3.00631e-07
0.494949,0.032,-2.54259e-06
0.494949,0.033,1.84254e-05
0.494949,0.034,-0.000111805
0.494949,0.035,0.000549355
0.494949,0.036,-0.00205713
0.494949,0.037,0.00529945
0.494949,0.038,-0.00593773
0.494949,0.039,-0.00831513
0.494949,0.04,0.0332208
0.494949,0.041,0.0404085
0.494949,0.042,-0.0427471
0.494949,0.043,-0.127451
0.494949,0.044,0.0168486
0.494949,0.045,0.416218
0.494949,0.046,-0.185856
0.494949,0.047,-0.060639
0.494949,0.048,-0.0193963
0.494949,0.049,-0.00553608
0.494949,0.05,-0.00138396
0.494949,0.051,-0.000345647
0.494949,0.052,0.000136971
0.494949,0.053,-0.000901997
0.494949,0.054,0.00339401
0.494949,0.055,-0.0105847
0.494949,0.056,0.0256625
0.494949,0.057,-0.0428697
0.494949,0.058,0.040676
0.494949,0.059,0.0238657
0.494949,0.06,-0.0680985
0.494949,0.061,-0.00269204
0.494949,0.062,0.106212
0.494949,0.063,0.0912035
0.494949,0.064,-0.0899936
0.494949,0.065,-0.403398
0.494949,0.066,0.242862
0.494949,0.067,0.0789536
0.494949,0.068,0.0326955
0.494949,0.069,0.0125465
0.494949,0.07,0.00428771
0.494949,0.071,0.00129734
0.494949,0.072,0.000348703
0.494949,0.073,8.37391e-05
0.494949,0.074,1.80726e-05
0.494949,0.075,3.52375e-06
0.494949,0.076,6.23475e-07
0.494949,0.077,1.00482e-07
0.494949,0.078,1.47966e-08
0.494949,0.079,1.99607e-09
0.494949,0.08,2.47202e-10
0.494949,0.081,2.81547e-11
0.494949,0.082,2.95312e-12
0.494949,0.083,2.8557e-13
0.494949,0.084,2.54794e-14
0.494949,0.085,2.09865e-15
0.494949,0.086,1.59619e-16
0.494949,0.087,1.12106e-17
0.494949,0.088,7.26905e-19
0.494949,0.089,4.34929e-20
0.494949,0.09,2.39954e-21
0.494949,0.091,1.21943e-22
0.494949,0.092,5.70072e-24
0.494949,0.093,2.44744e-25
0.494949,0.094,9.62972e-27
0.494949,0.095,3.46378e-28
0.494949,0.096,1.13559e-29
0.494949,0.097,3.38118e-31
0.494949,0.098,9.10375e-33
0.494949,0.099,2.20512e-34
0.494949,0.1,4.77519e-36
0.50505,0.001,4.42573e-37
0.50505,0.002,8.30028e-39
0.50505,0.003,1.36896e-40
0.50505,0.004,1.96182e-42
0.50505,0.005,2.52234e-44
0.50505,0.006,-1.20512e-43
0.50505,0.007,9.41112e-42
0.50505,0.008,-6.64242e-40
0.50505,0.009,4.31059e-38
0.50505,0.01,-2.57721e-36
0.50505,0.011,1.42174e-34
0.50505,0.012,-7.24541e-33
0.50505,0.013,3.41413e-31
0.50505,0.014,-1.48851e-29
0.50505,0.015,6.00689e-28
0.50505,0.016,-2.24406e-26
0.50505,0.017,7.75996e-25
0.50505,0.018,-2.48294e-23
0.50505,0.019,7.34645e-22
0.50505,0.02,-2.00815e-20
0.50505,0.021,5.06515e-19
0.50505,0.022,-1.17702e-17
0.50505,0.023,2.51496e-16
0.50505,0.024,-4.92948e-15
0.50505,0.025,8.83773e-14
0.50505,0.026,-1.44424e-12
0.50505,0.027,2.14226e-11
0.50505,0.028,-2.8696e-10
0.50505,0.029,3.44969e-09
0.50505,0.03,-3.69314e-08
0.50505,0.031,3.48698e-07
0.50505,0.032,-2.86747e-06
0.50505,0.033,2.01972e-05
0.50505,0.034,-0.000119022
0.50505,0.035,0.00056698
0.50505,0.036,-0.00205008
0.50505,0.037,0.00504424
0.50505,0.038,-0.00504175
0.50505,0.039,-0.00916292
0.50505,0.04,0.0300157
0.50505,0.041,0.0428865
0.50505,0.042,-0.034378
0.50505,0.043,-0.122699
0.50505,0.044,-0.0120881
0.50505,0.045,0.376324
0.50505,0.046,-0.212474
0.50505,0.047,-0.0681486
0.50505,0.048,-0.0221963
0.50505,0.049,-0.00648743
0.50505,0.05,-0.00166345
0.50505,0.051,-0.000425458
0.50505,0.052,0.000154376
0.50505,0.053,-0.00102824
0.50505,0.054,0.00375247
0.50505,0.055,-0.0113506
0.50505,0.056,0.0266018
0.50505,0.057,-0.0423535
0.50505,0.058,0.0369585
0.50505,0.059,0.0284994
0.50505,0.06,-0.0654717
0.50505,0.061,-0.0113645
0.50505,0.062,0.100564
0.50505,0.063,0.0983224
0.50505,0.064,-0.0680431
0.50505,0.065,-0.37132
0.50505,0.066,0.271938
0.50505,0.067,0.0864979
0.50505,0.068,0.036226
0.50505,0.069,0.0141962
0.50505,0.07,0.00497019
0.50505,0.071,0.00154312
0.50505,0.072,0.000425977
0.50505,0.073,0.000105129
0.50505,0.074,2.3331e-05
0.50505,0.075,4.68059e-06
0.50505,0.076,8.5268e-07
0.50505,0.077,1.41592e-07
0.50505,0.078,2.15004e-08
0.50505,0.079,2.99337e-09
0.50505,0.08,3.82948e-10
0.50505,0.081,4.51e-11
0.50505,0.082,4.89676e-12
0.50505,0.083,4.90731e-13
0.50505,0.084,4.54322e-14
0.50505,0.085,3.88814e-15
0.50505,0.086,3.07709e-16
0.50505,0.087,2.25227e-17
0.50505,0.088,1.52454e-18
0.50505,0.089,9.54005e-20
0.50505,0.09,5.51579e-21
0.50505,0.091,2.94405e-22
0.50505,0.092,1.44905e-23
0.50505,0.093,6.56767e-25
0.50505,0.094,2.73633e-26
0.50505,0.095,1.04577e-27
0.50505,0.096,3.65686e-29
0.50505,0.097,1.16643e-30
0.50505,0.098,3.38147e-32
0.50505,0.099,8.8708e-34
0.50505,0.1,2.09491e-35
0.515152,0.001,1.97968e-36
0.515152,0.002,4.08256e-38
0.515152,0.003,7.47828e-40
0.515152,0.004,1.20526e-41
0.515152,0.005,1.7236e-43
0.515152,0.006,-3.53127e-43
0.515152,0.007,2.5938e-41
0.515152,0.008,-1.73396e-39
0.515152,0.009,1.06889e-37
0.515152,0.01,-6.08563e-36
0.515152,0.011,3.20411e-34
0.515152,0.012,-1.5616e-32
0.515152,0.013,7.05034e-31
0.515152,0.014,-2.95013e-29
0.515152,0.015,1.14439e-27
0.515152,0.016,-4.11538e-26
0.515152,0.017,1.37169e-24
0.515152,0.018,-4.23549e-23
0.515152,0.019,1.2107e-21
0.515152,0.02,-3.20053e-20
0.515152,0.021,7.81425e-19
0.515152,0.022,-1.75923e-17
0.515152,0.023,3.64459e-16
0.515152,0.024,-6.93117e-15
0.515152,0.025,1.20645e-13
0.515152,0.026,-1.91523e-12
0.515152,0.027,2.76108e-11
0.515152,0.028,-3.59612e-10
0.515152,0.029,4.20476e-09
0.515152,0.03,-4.37927e-08
0.515152,0.031,4.02287e-07
0.515152,0.032,-3.21823e-06
0.515152,0.033,2.2043e-05
0.515152,0.034,-0.000126205
0.515152,0.035,0.00058303
0.515152,0.036,-0.00203559
0.515152,0.037,0.00477833
0.515152,0.038,-0.00418681
0.515152,0.039,-0.0098186
0.515152,0.04,0.0268183
0.515152,0.041,0.0447114
0.515152,0.042,-0.0262573
0.515152,0.043,-0.116882
0.515152,0.044,-0.0382727
0.515152,0.045,0.336685
0.515152,0.046,-0.244002
0.515152,0.047,-0.0764751
0.515152,0.048,-0.0253087
0.515152,0.049,-0.0075683
0.515152,0.05,-0.00198919
0.515152,0.051,-0.000520766
0.515152,0.052,0.000172496
0.515152,0.053,-0.00116724
0.515152,0.054,0.00413191
0.515152,0.055,-0.0121252
0.515152,0.056,0.0274694
0.515152,0.057,-0.0416206
0.515152,0.058,0.0330843
0.515152,0.059,0.0327295
0.515152,0.06,-0.0621853
0.515152,0.061,-0.0196046
0.515152,0.062,0.0942848
0.515152,0.063,0.104179
0.515152,0.064,-0.0473564
0.515152,0.065,-0.339948
0.515152,0.066,0.302546
0.515152,0.067,0.0948515
0.515152,0.068,0.0400078
0.515152,0.069,0.0159967
0.515152,0.07,0.0057335
0.515152,0.071,0.00182536
0.515152,0.072,0.00051718
0.515152,0.073,0.000131087
0.515152,0.074,2.98945e-05
0.515152,0.075,6.16637e-06
0.515152,0.076,1.15573e-06
0.515152,0.077,1.97581e-07
0.515152,0.078,3.09106e-08
0.515152,0.079,4.43736e-09
0.515152,0.08,5.85847e-10
0.515152,0.081,7.12696e-11
0.515152,0.082,8.00122e-12
0.515152,0.083,8.29999e-13
0.515152,0.084,7.96321e-14
0.515152,0.085,7.07126e-15
0.515152,0.086,5.81444e-16
0.515152,0.087,4.42821e-17
0.515152,0.088,3.12368e-18
0.515152,0.089,2.0405e-19
0.515152,0.09,1.23382e-20
0.515152,0.091,6.90117e-22
0.515152,0.092,3.56744e-23
0.515152,0.093,1.70231e-24
0.515152,0.094,7.48739e-26
0.515152,0.095,3.03002e-27
0.515152,0.096,1.12574e-28
0.515152,0.097,3.82987e-30
0.515152,0.098,1.18941e-31
0.515152,0.099,3.35956e-33
0.515152,0.1,8.59271e-35
0.525253,0.001,8.27626e-36
0.525253,0.002,1.86132e-37
0.525253,0.003,3.74905e-39
0.525253,0.004,6.71096e-41
0.525253,0.005,1.07059e-42
0.525253,0.006,-9.86514e-43
0.525253,0.007,6.90083e-41
0.525253,0.008,-4.38209e-39
0.525253,0.009,2.5724e-37
0.525253,0.01,-1.39782e-35
0.525253,0.011,7.03844e-34
0.525253,0.012,-3.28677e-32
0.525253,0.013,1.42423e-30
0.525253,0.014,-5.72871e-29
0.525253,0.015,2.13922e-27
0.525253,0.016,-7.41534e-26
0.525253,0.017,2.38528e-24
0.525253,0.018,-7.11602e-23
0.525253,0.019,1.96728e-21
0.525253,0.02,-5.0345e-20
0.525253,0.021,1.19098e-18
0.525253,0.022,-2.59997e-17
0.525253,0.023,5.22686e-16
0.525253,0.024,-9.65228e-15
0.525253,0.025,1.63239e-13
0.525253,0.026,-2.51915e-12
0.525253,0.027,3.53206e-11
0.525253,0.028,-4.47576e-10
0.525253,0.029,5.09311e-09
0.525253,0.03,-5.16338e-08
0.525253,0.031,4.61722e-07
0.525253,0.032,-3.5951e-06
0.525253,0.033,2.39564e-05
0.525253,0.034,-0.00013331
0.525253,0.035,0.000597395
0.525253,0.036,-0.00201389
0.525253,0.037,0.00450391
0.525253,0.038,-0.00337632
0.525253,0.039,-0.0102962
0.525253,0.04,0.0236639
0.525253,0.041,0.0459163
0.525253,0.042,-0.0184436
0.525253,0.043,-0.11036
0.525253,0.044,-0.0613237
0.525253,0.045,0.29741
0.525253,0.046,-0.279841
0.525253,0.047,-0.0856868
0.525253,0.048,-0.0287615
0.525253,0.049,-0.00879163
0.525253,0.05,-0.0023672
0.525253,0.051,-0.000634015
0.525253,0.052,0.000190854
0.525253,0.053,-0.00131971
0.525253,0.054,0.00453174
0.525253,0.055,-0.0129037
0.525253,0.056,0.0282564
0.525253,0.057,-0.0406736
0.525253,0.058,0.0290833
0.525253,0.059,0.036536
0.525253,0.06,-0.0583064
0.525253,0.061,-0.0273418
0.525253,0.062,0.087445
0.525253,0.063,0.108814
0.525253,0.064,-0.0279547
0.525253,0.065,-0.309333
0.525253,0.066,0.334331
0.525253,0.067,0.104315
0.525253,0.068,0.0440579
0.525253,0.069,0.0179546
0.525253,0.07,0.00658346
0.525253,0.071,0.00214786
0.525253,0.072,0.000624217
0.525253,0.073,0.000162391
0.525253,0.074,3.80307e-05
0.525253,0.075,8.06024e-06
0.525253,0.076,1.55311e-06
0.525253,0.077,2.73145e-07
0.525253,0.078,4.39907e-08
0.525253,0.079,6.50591e-09
0.525253,0.08,8.85624e-10
0.525253,0.081,1.11181e-10
0.525253,0.082,1.28928e-11
0.525253,0.083,1.38284e-12
0.525253,0.084,1.37327e-13
0.525253,0.085,1.26369e-14
0.525253,0.086,1.07813e-15
0.525253,0.087,8.53082e-17
0.525253,0.088,6.2612e-18
0.525253,0.089,4.2622e-19
0.525253,0.09,2.69024e-20
0.525253,0.091,1.57365e-21
0.525253,0.092,8.52441e-23
0.525253,0.093,4.27199e-24
0.525253,0.094,1.97818e-25
0.525253,0.095,8.45094e-27
0.525253,0.096,3.32459e-28
0.525253,0.097,1.20171e-29
0.525253,0.098,3.98047e-31
0.525253,0.099,1.20443e-32
0.525253,0.1,3.31683e-34
0.535354,0.001,3.25496e-35
0.535354,0.002,7.92827e-37
0.535354,0.003,1.74153e-38
0.535354,0.004,3.42791e-40
0.535354,0.005,6.0382e-42
0.535354,0.006,-2.62463e-42
0.535354,0.007,1.7768e-40
0.535354,0.008,-1.07444e-38
0.535354,0.009,6.0198e-37
0.535354,0.01,-3.12841e-35
0.535354,0.011,1.50935e-33
0.535354,0.012,-6.7649e-32
0.535354,0.013,2.81792e-30
0.535354,0.014,-1.09115e-28
0.535354,0.015,3.92769e-27
0.535354,0.016,-1.314e-25
0.535354,0.017,4.08391e-24
0.535354,0.018,-1.1784e-22
0.535354,0.019,3.15398e-21
0.535354,0.02,-7.82111e-20
0.535354,0.021,1.79427e-18
0.535354,0.022,-3.80142e-17
0.535354,0.023,7.42179e-16
0.535354,0.024,-1.33185e-14
0.535354,0.025,2.19002e-13
0.535354,0.026,-3.28766e-12
0.535354,0.027,4.48595e-11
0.535354,0.028,-5.53398e-10
0.535354,0.029,6.13214e-09
0.535354,0.03,-6.05465e-08
0.535354,0.031,5.27313e-07
0.535354,0.032,-3.9981e-06
0.535354,0.033,2.59302e-05
0.535354,0.034,-0.000140292
0.535354,0.035,0.000609976
0.535354,0.036,-0.00198522
0.535354,0.037,0.00422315
0.535354,0.038,-0.00261312
0.535354,0.039,-0.01061
0.535354,0.04,0.0205835
0.535354,0.041,0.0465412
0.535354,0.042,-0.0109865
0.535354,0.043,-0.103384
0.535354,0.044,-0.0809231
0.535354,0.045,0.258668
0.535354,0.046,-0.318654
0.535354,0.047,-0.0958069
0.535354,0.048,-0.032584
0.535354,0.049,-0.0101712
0.535354,0.05,-0.0028038
0.535354,0.051,-0.000768006
0.535354,0.052,0.000209212
0.535354,0.053,-0.0014863
0.535354,0.054,0.00495112
0.535354,0.055,-0.0136814
0.535354,0.056,0.028955
0.535354,0.057,-0.0395173
0.535354,0.058,0.0249866
0.535354,0.059,0.0399024
0.535354,0.06,-0.0539061
0.535354,0.061,-0.0345102
0.535354,0.062,0.0801165
0.535354,0.063,0.112274
0.535354,0.064,-0.0098539
0.535354,0.065,-0.279529
0.535354,0.066,0.36695
0.535354,0.067,0.115238
0.535354,0.068,0.0484005
0.535354,0.069,0.0200769
0.535354,0.07,0.00752591
0.535354,0.071,0.00251459
0.535354,0.072,0.000749155
0.535354,0.073,0.000199916
0.535354,0.074,4.80501e-05
0.535354,0.075,1.04569e-05
0.535354,0.076,2.07008e-06
0.535354,0.077,3.74257e-07
0.535354,0.078,6.20023e-08
0.535354,0.079,9.43915e-09
0.535354,0.08,1.32367e-09
0.535354,0.081,1.71326e-10
0.535354,0.082,2.05014e-11
0.535354,0.083,2.27123e-12
0.535354,0.084,2.33203e-13
0.535354,0.085,2.22115e-14
0.535354,0.086,1.96368e-15
0.535354,0.087,1.61212e-16
0.535354,0.088,1.22928e-17
0.535354,0.089,8.70648e-19
0.535354,0.09,5.72658e-20
0.535354,0.091,3.49658e-21
0.535354,0.092,1.98076e-22
0.535354,0.093,1.04018e-23
0.535354,0.094,5.05844e-25
0.535354,0.095,2.27505e-26
0.535354,0.096,9.44796e-28
0.535354,0.097,3.61601e-29
0.535354,0.098,1.27256e-30
0.535354,0.099,4.10685e-32
0.535354,0.1,1.21156e-33
0.545455,0.001,1.21098e-34
0.545455,0.002,3.17586e-36
0.545455,0.003,7.55545e-38
0.545455,0.004,1.62186e-39
0.545455,0.005,3.1319e-41
0.545455,0.006,-6.59311e-42
0.545455,0.007,4.43702e-40
0.545455,0.008,-2.5608e-38
0.545455,0.009,1.37218e-36
0.545455,0.01,-6.8328e-35
0.545455,0.011,3.1641e-33
0.545455,0.012,-1.36329e-31
0.545455,0.013,5.46697e-30
0.545455,0.014,-2.04066e-28
0.545455,0.015,7.08962e-27
0.545455,0.016,-2.29177e-25
0.545455,0.017,6.88962e-24
0.545455,0.018,-1.92476e-22
0.545455,0.019,4.99222e-21
0.545455,0.02,-1.20063e-19
0.545455,0.021,2.67342e-18
0.545455,0.022,-5.50129e-17
0.545455,0.023,1.04386e-15
0.545455,0.024,-1.8216e-14
0.545455,0.025,2.91431e-13
0.545455,0.026,-4.25854e-12
0.545455,0.027,5.65829e-11
0.545455,0.028,-6.79926e-10
0.545455,0.029,7.34059e-09
0.545455,0.03,-7.06248e-08
0.545455,0.031,5.99349e-07
0.545455,0.032,-4.42703e-06
0.545455,0.033,2.79563e-05
0.545455,0.034,-0.000147108
0.545455,0.035,0.00062069
0.545455,0.036,-0.00194991
0.545455,0.037,0.00393817
0.545455,0.038,-0.00189945
0.545455,0.039,-0.0107746
0.545455,0.04,0.0176043
0.545455,0.041,0.0466314
0.545455,0.042,-0.00392854
0.545455,0.043,-0.0961087
0.545455,0.044,-0.0968657
0.545455,0.045,0.220642
0.545455,0.046,-0.358969
0.545455,0.047,-0.106832
0.545455,0.048,-0.0368039
0.545455,0.049,-0.0117216
0.545455,0.05,-0.00330603
0.545455,0.051,-0.00092566
0.545455,0.052,0.000226855
0.545455,0.053,-0.00166774
0.545455,0.054,0.00538898
0.545455,0.055,-0.014453
0.545455,0.056,0.0295572
0.545455,0.057,-0.0381582
0.545455,0.058,0.0208262
0.545455,0.059,0.0428164
0.545455,0.06,-0.0490582
0.545455,0.061,-0.0410501
0.545455,0.062,0.0723715
0.545455,0.063,0.114607
0.545455,0.064,0.00693631
0.545455,0.065,-0.250585
0.545455,0.066,0.400085
0.545455,0.067,0.12797
0.545455,0.068,0.0530636
0.545455,0.069,0.022371
0.545455,0.07,0.0085667
0.545455,0.071,0.00292965
0.545455,0.072,0.000894231
0.545455,0.073,0.000244641
0.545455,0.074,6.03106e-05
0.545455,0.075,1.34688e-05
0.545455,0.076,2.73756e-06
0.545455,0.077,5.0844e-07
0.545455,0.078,8.65836e-08
0.545455,0.079,1.35583e-08
0.545455,0.08,1.95707e-09
0.545455,0.081,2.60937e-10
0.545455,0.082,3.21915e-11
0.545455,0.083,3.67998e-12
0.545455,0.084,3.90261e-13
0.545455,0.085,3.84305e-14
0.545455,0.086,3.51655e-15
0.545455,0.087,2.99153e-16
0.545455,0.088,2.36668e-17
0.545455,0.089,1.74144e-18
0.545455,0.09,1.19169e-19
0.545455,0.091,7.58222e-21
0.545455,0.092,4.48337e-22
0.545455,0.093,2.46208e-23
0.545455,0.094,1.25461e-24
0.545455,0.095,5.92579e-26
0.545455,0.096,2.59072e-27
0.545455,0.097,1.04669e-28
0.545455,0.098,3.90023e-30
0.545455,0.099,1.3373e-31
0.545455,0.1,4.20769e-33
0.555556,0.001,4.2822e-34
0.555556,0.002,1.20304e-35
0.555556,0.003,3.08156e-37
0.555556,0.004,7.16427e-39
0.555556,0.005,1.50649e-40
0.555556,0.006,-1.52924e-41
0.555556,0.007,1.07672e-39
0.555556,0.008,-5.94315e-38
0.555556,0.009,3.05143e-36
0.555556,0.01,-1.45842e-34
0.555556,0.011,6.49245e-33
0.555556,0.012,-2.69307e-31
0.555556,0.013,1.04109e-29
0.555556,0.014,-3.75081e-28
0.555556,0.015,1.25917e-26
0.555556,0.016,-3.93728e-25
0.555556,0.017,1.14606e-23
0.555556,0.018,-3.10289e-22
0.555556,0.019,7.80591e-21
0.555556,0.02,-1.82228e-19
0.555556,0.021,3.94144e-18
0.555556,0.022,-7.88346e-17
0.555556,0.023,1.45485e-15
0.555556,0.024,-2.4705e-14
0.555556,0.025,3.84798e-13
0.555556,0.026,-5.47657e-12
0.555556,0.027,7.08988e-11
0.555556,0.028,-8.30322e-10
0.555556,0.029,8.73846e-09
0.555556,0.03,-8.19641e-08
0.555556,0.031,6.78092e-07
0.555556,0.032,-4.8815e-06
0.555556,0.033,3.00259e-05
0.555556,0.034,-0.000153713
0.555556,0.035,0.00062947
0.555556,0.036,-0.00190832
0.555556,0.037,0.003651
0.555556,0.038,-0.00123699
0.555556,0.039,-0.0108043
0.555556,0.04,0.0147492
0.555556,0.041,0.0462356
0.555556,0.042,0.00269334
0.555556,0.043,-0.0886248
0.555556,0.044,-0.109095
0.555556,0.045,0.183501
0.555556,0.046,-0.399676
0.555556,0.047,-0.118791
0.555556,0.048,-0.0414463
0.555556,0.049,-0.0134585
0.555556,0.05,-0.00388128
0.555556,0.051,-0.00111043
0.555556,0.052,0.000243187
0.555556,0.053,-0.00186455
0.555556,0.054,0.005844
0.555556,0.055,-0.0152131
0.555556,0.056,0.0300561
0.555556,0.057,-0.0366046
0.555556,0.058,0.0166345
0.555556,0.059,0.0452691
0.555556,0.06,-0.0438376
0.555556,0.061,-0.0469084
0.555556,0.062,0.0642822
0.555556,0.063,0.115864
0.555556,0.064,0.0224119
0.555556,0.065,-0.222553
0.555556,0.066,0.433456
0.555556,0.067,0.142813
0.555556,0.068,0.0580739
0.555556,0.069,0.0248451
0.555556,0.07,0.00971174
0.555556,0.071,0.00339734
0.555556,0.072,0.00106185
0.555556,0.073,0.00029765
0.555556,0.074,7.52224e-05
0.555556,0.075,1.72289e-05
0.555556,0.076,3.59315e-06
0.555556,0.077,6.85114e-07
0.555556,0.078,1.19845e-07
0.555556,0.079,1.92893e-08
0.555556,0.08,2.86377e-09
0.555556,0.081,3.93007e-10
0.555556,0.082,4.99431e-11
0.555556,0.083,5.88583e-12
0.555556,0.084,6.44068e-13
0.555556,0.085,6.55054e-14
0.555556,0.086,6.197e-15
0.555556,0.087,5.45624e-16
0.555556,0.088,4.47282e-17
0.555556,0.089,3.41453e-18
0.555556,0.09,2.42746e-19
0.555556,0.091,1.60685e-20
0.555556,0.092,9.90048e-22
0.555556,0.093,5.67496e-23
0.555556,0.094,3.024e-24
0.555556,0.095,1.4966e-25
0.555556,0.096,6.87123e-27
0.555556,0.097,2.92247e-28
0.555556,0.098,1.14953e-29
0.555556,0.099,4.17329e-31
0.555556,0.1,1.39507e-32
0.565657,0.001,1.44514e-33
0.565657,0.002,4.33011e-35
0.565657,0.003,1.18817e-36
0.565657,0.004,2.97421e-38
0.565657,0.005,6.76815e-40
0.565657,0.006,-3.08818e-41
0.565657,0.007,2.54354e-39
0.565657,0.008,-1.34519e-37
0.565657,0.009,6.62933e-36
0.565657,0.01,-3.04601e-34
0.565657,0.011,1.30547e-32
0.565657,0.012,-5.22033e-31
0.565657,0.013,1.94788e-29
0.565657,0.014,-6.78146e-28
0.565657,0.015,2.20224e-26
0.565657,0.016,-6.66782e-25
0.565657,0.017,1.88104e-23
0.565657,0.018,-4.93997e-22
0.565657,0.019,1.20639e-20
0.565657,0.02,-2.73589e-19
0.565657,0.021,5.75237e-18
0.565657,0.022,-1.11914e-16
0.565657,0.023,2.01001e-15
0.565657,0.024,-3.32354e-14
0.565657,0.025,5.04286e-13
0.565657,0.026,-6.99444e-12
0.565657,0.027,8.82728e-11
0.565657,0.028,-1.00807e-09
0.565657,0.029,1.0347e-08
0.565657,0.03,-9.46602e-08
0.565657,0.031,7.63773e-07
0.565657,0.032,-5.36086e-06
0.565657,0.033,3.21298e-05
0.565657,0.034,-0.000160066
0.565657,0.035,0.000636265
0.565657,0.036,-0.00186083
0.565657,0.037,0.0033636
0.565657,0.038,-0.000626836
0.565657,0.039,-0.0107133
0.565657,0.04,0.0120375
0.565657,0.041,0.0454042
0.565657,0.042,0.00884609
0.565657,0.043,-0.0809869
0.565657,0.044,-0.117717
0.565657,0.045,0.147401
0.565657,0.046,-0.440162
0.565657,0.047,-0.131825
0.565657,0.048,-0.0465347
0.565657,0.049,-0.0153978
0.565657,0.05,-0.00453764
0.565657,0.051,-0.00132591
0.565657,0.052,0.000257373
0.565657,0.053,-0.0020774
0.565657,0.054,0.00631464
0.565657,0.055,-0.0159563
0.565657,0.056,0.0304451
0.565657,0.057,-0.0348667
0.565657,0.058,0.0124441
0.565657,0.059,0.0472556
0.565657,0.06,-0.0383196
0.565657,0.061,-0.0520399
0.565657,0.062,0.0559212
0.565657,0.063,0.116098
0.565657,0.064,0.0365752
0.565657,0.065,-0.195485
0.565657,0.066,0.466832
0.565657,0.067,0.15998
0.565657,0.068,0.0634499
0.565657,0.069,0.0275079
0.565657,0.07,0.010967
0.565657,0.071,0.00392206
0.565657,0.072,0.00125457
0.565657,0.073,0.000360144
0.565657,0.074,9.32528e-05
0.565657,0.075,2.1893e-05
0.565657,0.076,4.68224e-06
0.565657,0.077,9.15978e-07
0.565657,0.078,1.64482e-07
0.565657,0.079,2.71924e-08
0.565657,0.08,4.1493e-09
0.565657,0.081,5.85647e-10
0.565657,0.082,7.65995e-11
0.565657,0.083,9.29847e-12
0.565657,0.084,1.04894e-12
0.565657,0.085,1.10077e-13
0.565657,0.086,1.0755e-14
0.565657,0.087,9.78988e-16
0.565657,0.088,8.30595e-17
0.565657,0.089,6.57004e-18
0.565657,0.09,4.84575e-19
0.565657,0.091,3.33226e-20
0.565657,0.092,2.136e-21
0.565657,0.093,1.27576e-22
0.565657,0.094,7.09554e-24
0.565657,0.095,3.67208e-25
0.565657,0.096,1.76652e-26
0.565657,0.097,7.89007e-28
0.565657,0.098,3.2671e-29
0.565657,0.099,1.25202e-30
0.565657,0.1,4.43141e-32
0.575758,0.001,4.67111e-33
0.575758,0.002,1.48697e-34
0.575758,0.003,4.35166e-36
0.575758,0.004,1.1669e-37
0.575758,0.005,2.85782e-39
0.575758,0.006,-4.40848e-41
0.575758,0.007,5.85869e-39
0.575758,0.008,-2.97371e-37
0.575758,0.009,1.40888e-35
0.575758,0.01,-6.23236e-34
0.575758,0.011,2.57507e-32
0.575758,0.012,-9.93931e-31
0.575758,0.013,3.5839e-29
0.575758,0.014,-1.20702e-27
0.575758,0.015,3.7956e-26
0.575758,0.016,-1.11384e-24
0.575758,0.017,3.0481e-23
0.575758,0.018,-7.77127e-22
0.575758,0.019,1.84378e-20
0.575758,0.02,-4.06505e-19
0.575758,0.021,8.31441e-18
0.575758,0.022,-1.57446e-16
0.575758,0.023,2.75385e-15
0.575758,0.024,-4.43649e-14
0.575758,0.025,6.5614e-13
0.575758,0.026,-8.87381e-12
0.575758,0.027,1.09233e-10
0.575758,0.028,-1.217e-09
0.575758,0.029,1.21886e-08
0.575758,0.03,-1.08809e-07
0.575758,0.031,8.5659e-07
0.575758,0.032,-5.86426e-06
0.575758,0.033,3.42578e-05
0.575758,0.034,-0.000166126
0.575758,0.035,0.000641038
0.575758,0.036,-0.00180789
0.575758,0.037,0.00307783
0.575758,0.038,-6.95967e-05
0.575758,0.039,-0.0105156
0.575758,0.04,0.00948479
0.575758,0.041,0.0441887
0.575758,0.042,0.0145005
0.575758,0.043,-0.0732396
0.575758,0.044,-0.122992
0.575758,0.045,0.112504
0.575758,0.046,-0.480199
0.575758,0.047,-0.146269
0.575758,0.048,-0.0520955
0.575758,0.049,-0.0175558
0.575758,0.05,-0.00528377
0.575758,0.051,-0.00157619
0.575758,0.052,0.00026834
0.575758,0.053,-0.00230688
0.575758,0.054,0.00679898
0.575758,0.055,-0.016677
0.575758,0.056,0.0307184
0.575758,0.057,-0.0329563
0.575758,0.058,0.00828791
0.575758,0.059,0.0487742
0.575758,0.06,-0.0325785
0.575758,0.061,-0.0564079
0.575758,0.062,0.0473614
0.575758,0.063,0.115362
0.575758,0.064,0.0494337
0.575758,0.065,-0.169429
0.575758,0.066,0.500026
0.575758,0.067,0.17957
0.575758,0.068,0.0692004
0.575758,0.069,0.0303678
0.575758,0.07,0.0123385
0.575758,0.071,0.00450835
0.575758,0.072,0.00147513
0.575758,0.073,0.000433443
0.575758,0.074,0.000114932
0.575758,0.075,2.76431e-05
0.575758,0.076,6.05931e-06
0.575758,0.077,1.21547e-06
0.575758,0.078,2.23917e-07
0.575758,0.079,3.79984e-08
0.575758,0.08,5.95523e-09
0.575758,0.081,8.63861e-10
0.575758,0.082,1.16202e-10
0.575758,0.083,1.45178e-11
0.575758,0.084,1.68685e-12
0.575758,0.085,1.82483e-13
0.575758,0.086,1.83962e-14
0.575758,0.087,1.7294e-15
0.575758,0.088,1.51687e-16
0.575758,0.089,1.24177e-17
0.575758,0.09,9.48971e-19
0.575758,0.091,6.77005e-20
0.575758,0.092,4.50814e-21
0.575758,0.093,2.80115e-22
0.575758,0.094,1.62332e-23
0.575758,0.095,8.76842e-25
0.575758,0.096,4.41083e-26
0.575758,0.097,2.06421e-27
0.575758,0.098,8.97578e-29
0.575758,0.099,3.62097e-30
0.575758,0.1,1.35283e-31
0.585859,0.001,1.45063e-32
0.585859,0.002,4.88927e-34
0.585859,0.003,1.52015e-35
0.585859,0.004,4.34749e-37
0.585859,0.005,1.14029e-38
0.585859,0.006,2.08401e-41
0.585859,0.007,1.31775e-38
0.585859,0.008,-6.42872e-37
0.585859,0.009,2.9324e-35
0.585859,0.01,-1.25058e-33
0.585859,0.011,4.98764e-32
0.585859,0.012,-1.86041e-30
0.585859,0.013,6.48963e-29
0.585859,0.014,-2.11651e-27
0.585859,0.015,6.45101e-26
0.585859,0.016,-1.83648e-24
0.585859,0.017,4.87923e-23
0.585859,0.018,-1.20864e-21
0.585859,0.019,2.788e-20
0.585859,0.02,-5.98005e-19
0.585859,0.021,1.19064e-17
0.585859,0.022,-2.19596e-16
0.585859,0.023,3.74273e-15
0.585859,0.024,-5.87808e-14
0.585859,0.025,8.47833e-13
0.585859,0.026,-1.11864e-11
0.585859,0.027,1.34376e-10
0.585859,0.028,-1.46129e-09
0.585859,0.029,1.42867e-08
0.585859,0.03,-1.24504e-07
0.585859,0.031,9.56702e-07
0.585859,0.032,-6.39061e-06
0.585859,0.033,3.63996e-05
0.585859,0.034,-0.000171852
0.585859,0.035,0.000643769
0.585859,0.036,-0.00174995
0.585859,0.037,0.00279542
0.585859,0.038,0.000434634
0.585859,0.039,-0.0102246
0.585859,0.04,0.007103
0.585859,0.041,0.04264
0.585859,0.042,0.0196318
0.585859,0.043,-0.0654301
0.585859,0.044,-0.125306
0.585859,0.045,0.0790069
0.585859,0.046,-0.519785
0.585859,0.047,-0.162706
0.585859,0.048,-0.0581648
0.585859,0.049,-0.0199493
0.585859,0.05,-0.00612885
0.585859,0.051,-0.00186574
0.585859,0.052,0.000275016
0.585859,0.053,-0.00255352
0.585859,0.054,0.00729513
0.585859,0.055,-0.0173693
0.585859,0.056,0.030871
0.585859,0.057,-0.0308868
0.585859,0.058,0.00419831
0.585859,0.059,0.0498271
0.585859,0.06,-0.026687
0.585859,0.061,-0.0599847
0.585859,0.062,0.0386754
0.585859,0.063,0.113713
0.585859,0.064,0.0610009
0.585859,0.065,-0.144428
0.585859,0.066,0.532893
0.585859,0.067,0.201569
0.585859,0.068,0.0753309
0.585859,0.069,0.0334319
0.585859,0.07,0.0138323
0.585859,0.071,0.00516085
0.585859,0.072,0.00172643
0.585859,0.073,0.000518988
0.585859,0.074,0.000140856
0.585859,0.075,3.46901e-05
0.585859,0.076,7.78935e-06
0.585859,0.077,1.60129e-06
0.585859,0.078,3.0246e-07
0.585859,0.079,5.26534e-08
0.585859,0.08,8.46999e-09
0.585859,0.081,1.26186e-09
0.585859,0.082,1.74441e-10
0.585859,0.083,2.24129e-11
0.585859,0.084,2.68015e-12
0.585859,0.085,2.98629e-13
0.585859,0.086,3.10332e-14
0.585859,0.087,3.01003e-15
0.585859,0.088,2.72656e-16
0.585859,0.089,2.30749e-17
0.585859,0.09,1.82497e-18
0.585859,0.091,1.34897e-19
0.585859,0.092,9.31878e-21
0.585859,0.093,6.01496e-22
0.585859,0.094,3.6263e-23
0.585859,0.095,2.0409e-24
0.585859,0.096,1.07152e-25
0.585859,0.097,5.24345e-27
0.585859,0.098,2.38891e-28
0.585859,0.099,1.012e-29
0.585859,0.1,3.98013e-31
0.59596,0.001,4.34037e-32
0.59596,0.002,1.54415e-33
0.59596,0.003,5.08317e-35
0.59596,0.004,1.54445e-36
0.59596,0.005,4.31975e-38
0.59596,0.006,5.31232e-40
0.59596,0.007,2.89833e-38
0.59596,0.008,-1.36075e-36
0.59596,0.009,5.984e-35
0.59596,0.01,-2.46341e-33
0.59596,0.011,9.4946e-32
0.59596,0.012,-3.42621e-30
0.59596,0.013,1.15739e-28
0.59596,0.014,-3.6588e-27
0.59596,0.015,1.08188e-25
0.59596,0.016,-2.99034e-24
0.59596,0.017,7.71958e-23
0.59596,0.018,-1.85929e-21
0.59596,0.019,4.17284e-20
0.59596,0.02,-8.71352e-19
0.59596,0.021,1.68988e-17
0.59596,0.022,-3.03744e-16
0.59596,0.023,5.04752e-15
0.59596,0.024,-7.73236e-14
0.59596,0.025,1.08826e-12
0.59596,0.026,-1.4015e-11
0.59596,0.027,1.64368e-10
0.59596,0.028,-1.74546e-09
0.59596,0.029,1.66657e-08
0.59596,0.03,-1.41838e-07
0.59596,0.031,1.06422e-06
0.59596,0.032,-6.93861e-06
0.59596,0.033,3.85441e-05
0.59596,0.034,-0.000177209
0.59596,0.035,0.000644455
0.59596,0.036,-0.00168749
0.59596,0.037,0.002518
0.59596,0.038,0.000886218
0.59596,0.039,-0.00985313
0.59596,0.04,0.00490077
0.59596,0.041,0.0408078
0.59596,0.042,0.0242206
0.59596,0.043,-0.0576127
0.59596,0.044,-0.125124
0.59596,0.045,0.0471515
0.59596,0.046,0.440991
0.59596,0.047,-0.181966
0.59596,0.048,-0.0647946
0.59596,0.049,-0.022596
0.59596,0.05,-0.00708252
0.59596,0.051,-0.00219941
0.59596,0.052,0.00027585
0.59596,0.053,-0.00281793
0.59596,0.054,0.00780082
0.59596,0.055,-0.0180277
0.59596,0.056,0.0308988
0.59596,0.057,-0.0286726
0.59596,0.058,0.000207067
0.59596,0.059,0.0504194
0.59596,0.06,-0.0207151
0.59596,0.061,-0.0627528
0.59596,0.062,0.0299361
0.59596,0.063,0.111209
0.59596,0.064,0.0712953
0.59596,0.065,-0.120524
0.59596,0.066,-0.434676
0.59596,0.067,0.225854
0.59596,0.068,0.0818622
0.59596,0.069,0.0367065
0.59596,0.07,0.0154544
0.59596,0.071,0.00588431
0.59596,0.072,0.00201151
0.59596,0.073,0.000618351
0.59596,0.074,0.000171695
0.59596,0.075,4.32775e-05
0.59596,0.076,9.94942e-06
0.59596,0.077,2.09501e-06
0.59596,0.078,4.05504e-07
0.59596,0.079,7.23732e-08
0.59596,0.08,1.19423e-08
0.59596,0.081,1.82608e-09
0.59596,0.082,2.59252e-10
0.59596,0.083,3.4231e-11
0.59596,0.084,4.2095e-12
0.59596,0.085,4.82697e-13
0.59596,0.086,5.16634e-14
0.59596,0.087,5.16541e-15
0.59596,0.088,4.82744e-16
0.59596,0.089,4.21912e-17
0.59596,0.09,3.44953e-18
0.59596,0.091,2.63877e-19
0.59596,0.092,1.88868e-20
0.59596,0.093,1.26466e-21
0.59596,0.094,7.92005e-23
0.59596,0.095,4.63702e-24
0.59596,0.096,2.5366e-25
0.59596,0.097,1.2955e-26
0.59596,0.098,6.17159e-28
0.59596,0.099,2.73928e-29
0.59596,0.1,1.13129e-30
0.606061,0.001,1.2543e-31
0.606061,0.002,4.69735e-33
0.606061,0.003,1.63219e-34
0.606061,0.004,5.25058e-36
0.606061,0.005,1.56005e-37
0.606061,0.006,2.97832e-39
0.606061,0.007,6.24219e-38
0.606061,0.008,-2.82314e-36
0.606061,0.009,1.19842e-34
0.606061,0.01,-4.76783e-33
0.606061,0.011,1.77785e-31
0.606061,0.012,-6.213e-30
0.606061,0.013,2.03442e-28
0.606061,0.014,-6.2395e-27
0.606061,0.015,1.7914e-25
0.606061,0.016,-4.81131e-24
0.606061,0.017,1.20773e-22
0.606061,0.018,-2.83037e-21
0.606061,0.019,6.18458e-20
0.606061,0.02,-1.25805e-18
0.606061,0.021,2.378e-17
0.606061,0.022,-4.16794e-16
0.606061,0.023,6.75675e-15
0.606061,0.024,-1.01015e-13
0.606061,0.025,1.38794e-12
0.606061,0.026,-1.7455e-11
0.606061,0.027,1.99956e-10
0.606061,0.028,-2.07438e-09
0.606061,0.029,1.9351e-08
0.606061,0.03,-1.609e-07
0.606061,0.031,1.17923e-06
0.606061,0.032,-7.50671e-06
0.606061,0.033,4.06804e-05
0.606061,0.034,-0.000182162
0.606061,0.035,0.000643106
0.606061,0.036,-0.001621
0.606061,0.037,0.00224705
0.606061,0.038,0.00128594
0.606061,0.039,-0.00941354
0.606061,0.04,0.00288362
0.606061,0.041,0.0387402
0.606061,0.042,0.0282541
0.606061,0.043,-0.0498459
0.606061,0.044,-0.122942
0.606061,0.045,0.0172333
0.606061,0.046,0.402033
0.606061,0.047,-0.204984
0.606061,0.048,-0.072056
0.606061,0.049,-0.0255149
0.606061,0.05,-0.00815493
0.606061,0.051,-0.00258243
0.606061,0.052,0.000269413
0.606061,0.053,-0.00310057
0.606061,0.054,0.00831354
0.606061,0.055,-0.0186464
0.606061,0.056,0.0307984
0.606061,0.057,-0.0263299
0.606061,0.058,-0.00365496
0.606061,0.059,0.0505601
0.606061,0.06,-0.0147294
0.606061,0.061,-0.0647047
0.606061,0.062,0.0212157
0.606061,0.063,0.107906
0.606061,0.064,0.08034
0.606061,0.065,-0.097753
0.606061,0.066,-0.402767
0.606061,0.067,0.252216
0.606061,0.068,0.088858
0.606061,0.069,0.0401971
0.606061,0.07,0.0172106
0.606061,0.071,0.00668356
0.606061,0.072,0.00233356
0.606061,0.073,0.000733232
0.606061,0.074,0.000208197
0.606061,0.075,5.36846e-05
0.606061,0.076,1.26304e-05
0.606061,0.077,2.72271e-06
0.606061,0.078,5.39752e-07
0.606061,0.079,9.87094e-08
0.606061,0.08,1.66981e-08
0.606061,0.081,2.61897e-09
0.606061,0.082,3.81605e-10
0.606061,0.083,5.1744e-11
0.606061,0.084,6.53891e-12
0.606061,0.085,7.71056e-13
0.606061,0.086,8.49285e-14
0.606061,0.087,8.74538e-15
0.606061,0.088,8.42477e-16
0.606061,0.089,7.59662e-17
0.606061,0.09,6.414e-18
0.606061,0.091,5.07206e-19
0.606061,0.092,3.75686e-20
0.606061,0.093,2.60634e-21
0.606061,0.094,1.69324e-22
0.606061,0.095,1.02978e-23
0.606061,0.096,5.86007e-25
0.606061,0.097,3.11828e-26
0.606061,0.098,1.55038e-27
0.606061,0.099,7.19523e-29
0.606061,0.1,3.11338e-30
0.616162,0.001,3.50868e-31
0.616162,0.002,1.37977e-32
0.616162,0.003,5.04669e-34
0.616162,0.004,1.71362e-35
0.616162,0.005,5.39035e-37
0.616162,0.006,1.2845e-38
0.616162,0.007,1.31825e-37
0.616162,0.008,-5.74677e-36
0.616162,0.009,2.35764e-34
0.616162,0.01,-9.07469e-33
0.616162,0.011,3.27707e-31
0.616162,0.012,-1.11014e-29
0.616162,0.013,3.52682e-28
0.616162,0.014,-1.05029e-26
0.616162,0.015,2.93025e-25
0.616162,0.016,-7.65299e-24
0.616162,0.017,1.86932e-22
0.616162,0.018,-4.26548e-21
0.616162,0.019,9.08021e-20
0.616162,0.02,-1.80042e-18
0.616162,0.021,3.31887e-17
0.616162,0.022,-5.67542e-16
0.616162,0.023,8.98024e-15
0.616162,0.024,-1.3109e-13
0.616162,0.025,1.75923e-12
0.616162,0.026,-2.16152e-11
0.616162,0.027,2.41966e-10
0.616162,0.028,-2.4533e-09
0.616162,0.029,2.23683e-08
0.616162,0.03,-1.81773e-07
0.616162,0.031,1.30173e-06
0.616162,0.032,-8.09316e-06
0.616162,0.033,4.27968e-05
0.616162,0.034,-0.00018668
0.616162,0.035,0.000639747
0.616162,0.036,-0.001551
0.616162,0.037,0.00198393
0.616162,0.038,0.00163497
0.616162,0.039,-0.00891752
0.616162,0.04,0.00105425
0.616162,0.041,0.036483
0.616162,0.042,0.0317266
0.616162,0.043,-0.0421891
0.616162,0.044,-0.119236
0.616162,0.045,-0.010409
0.616162,0.046,0.363303
0.616162,0.047,-0.232469
0.616162,0.048,-0.080034
0.616162,0.049,-0.0287275
0.616162,0.05,-0.00935686
0.616162,0.051,-0.00302047
0.616162,0.052,0.000253797
0.616162,0.053,-0.00340194
0.616162,0.054,0.00883055
0.616162,0.055,-0.0192199
0.616162,0.056,0.0305676
0.616162,0.057,-0.0238752
0.616162,0.058,-0.00735819
0.616162,0.059,0.050261
0.616162,0.06,-0.00879329
0.616162,0.061,-0.0658432
0.616162,0.062,0.0125865
0.616162,0.063,0.103865
0.616162,0.064,0.0881627
0.616162,0.065,-0.076147
0.616162,0.066,-0.371451
0.616162,0.067,0.280385
0.616162,0.068,0.0964491
0.616162,0.069,0.0439108
0.616162,0.07,0.0191063
0.616162,0.071,0.00756345
0.616162,0.072,0.00269594
0.616162,0.073,0.000865463
0.616162,0.074,0.000251191
0.616162,0.075,6.62305e-05
0.616162,0.076,1.59387e-05
0.616162,0.077,3.51583e-06
0.616162,0.078,7.13481e-07
0.616162,0.079,1.33628e-07
0.616162,0.08,2.31612e-08
0.616162,0.081,3.72392e-09
0.616162,0.082,5.56538e-10
0.616162,0.083,7.74473e-11
0.616162,0.084,1.00504e-11
0.616162,0.085,1.21783e-12
0.616162,0.086,1.37936e-13
0.616162,0.087,1.46168e-14
0.616162,0.088,1.45018e-15
0.616162,0.089,1.34786e-16
0.616162,0.09,1.17409e-17
0.616162,0.091,9.58778e-19
0.616162,0.092,7.34113e-20
0.616162,0.093,5.27042e-21
0.616162,0.094,3.54744e-22
0.616162,0.095,2.23803e-23
0.616162,0.096,1.32291e-24
0.616162,0.097,7.32283e-26
0.616162,0.098,3.7933e-27
0.616162,0.099,1.83731e-28
0.616162,0.1,8.3125e-30
0.626263,0.001,9.51959e-31
0.626263,0.002,3.9221e-32
0.626263,0.003,1.50635e-33
0.626263,0.004,5.38407e-35
0.626263,0.005,1.78758e-36
0.626263,0.006,4.89575e-38
0.626263,0.007,2.73373e-37
0.626263,0.008,-1.14883e-35
0.626263,0.009,4.55998e-34
0.626263,0.01,-1.69983e-32
0.626263,0.011,5.95056e-31
0.626263,0.012,-1.95582e-29
0.626263,0.013,6.03349e-28
0.626263,0.014,-1.74608e-26
0.626263,0.015,4.73734e-25
0.626263,0.016,-1.20401e-23
0.626263,0.017,2.86366e-22
0.626263,0.018,-6.36643e-21
0.626263,0.019,1.32114e-19
0.626263,0.02,-2.55487e-18
0.626263,0.021,4.59546e-17
0.626263,0.022,-7.67116e-16
0.626263,0.023,1.18534e-14
0.626263,0.024,-1.6903e-13
0.626263,0.025,2.21659e-12
0.626263,0.026,-2.66195e-11
0.626263,0.027,2.91309e-10
0.626263,0.028,-2.88778e-09
0.626263,0.029,2.57441e-08
0.626263,0.03,-2.04537e-07
0.626263,0.031,1.4317e-06
0.626263,0.032,-8.696e-06
0.626263,0.033,4.48819e-05
0.626263,0.034,-0.000190733
0.626263,0.035,0.000634419
0.626263,0.036,-0.001478
0.626263,0.037,0.00172986
0.626263,0.038,0.00193482
0.626263,0.039,-0.00837607
0.626263,0.04,-0.000587179
0.626263,0.041,0.0340794
0.626263,0.042,0.0346401
0.626263,0.043,-0.0346976
0.626263,0.044,-0.114424
0.626263,0.045,-0.0354179
0.626263,0.046,0.324843
0.626263,0.047,-0.264481
0.626263,0.048,-0.0888085
0.626263,0.049,-0.0322576
0.626263,0.05,-0.0106998
0.626263,0.051,-0.00351959
0.626263,0.052,0.000226855
0.626263,0.053,-0.00372255
0.626263,0.054,0.00934899
0.626263,0.055,-0.0197427
0.626263,0.056,0.030205
0.626263,0.057,-0.0213263
0.626263,0.058,-0.0108746
0.626263,0.059,0.0495369
0.626263,0.06,-0.00296545
0.626263,0.061,-0.0661814
0.626263,0.062,0.0041194
0.626263,0.063,0.0991452
0.626263,0.064,0.0947948
0.626263,0.065,-0.0557322
0.626263,0.066,-0.340786
0.626263,0.067,0.310052
0.626263,0.068,0.104846
0.626263,0.069,0.0478583
0.626263,0.07,0.0211469
0.626263,0.071,0.00852888
0.626263,0.072,0.00310211
0.626263,0.073,0.00101701
0.626263,0.074,0.000301592
0.626263,0.075,8.12773e-05
0.626263,0.076,1.99988e-05
0.626263,0.077,4.51197e-06
0.626263,0.078,9.36853e-07
0.626263,0.079,1.79604e-07
0.626263,0.08,3.18789e-08
0.626263,0.081,5.25139e-09
0.626263,0.082,8.04497e-10
0.626263,0.083,1.14823e-10
0.626263,0.084,1.52918e-11
0.626263,0.085,1.90274e-12
0.626263,0.086,2.21451e-13
0.626263,0.087,2.41305e-14
0.626263,0.088,2.46363e-15
0.626263,0.089,2.3582e-16
0.626263,0.09,2.11731e-17
0.626263,0.091,1.78378e-18
0.626263,0.092,1.41039e-19
0.626263,0.093,1.04669e-20
0.626263,0.094,7.29049e-22
0.626263,0.095,4.7652e-23
0.626263,0.096,2.92187e-24
0.626263,0.097,1.68e-25
0.626263,0.098,9.05268e-27
0.626263,0.099,4.56826e-28
0.626263,0.1,2.157e-29
0.636364,0.001,2.50961e-30
0.636364,0.002,1.08108e-31
0.636364,0.003,4.35006e-33
0.636364,0.004,1.63261e-34
0.636364,0.005,5.7056e-36
0.636364,0.006,1.72596e-37
0.636364,0.007,5.57593e-37
0.636364,0.008,-2.25736e-35
0.636364,0.009,8.67774e-34
0.636364,0.01,-3.13587e-32
0.636364,0.011,1.06513e-30
0.636364,0.012,-3.39954e-29
0.636364,0.013,1.01916e-27
0.636364,0.014,-2.86837e-26
0.636364,0.015,7.57345e-25
0.636364,0.016,-1.87435e-23
0.636364,0.017,4.3437e-22
0.636364,0.018,-9.41435e-21
0.636364,0.019,1.90555e-19
0.636364,0.02,-3.59602e-18
0.636364,0.021,6.31469e-17
0.636364,0.022,-1.0295e-15
0.636364,0.023,1.55421e-14
0.636364,0.024,-2.16605e-13
0.636364,0.025,2.77682e-12
0.636364,0.026,-3.26077e-11
0.636364,0.027,3.48987e-10
0.636364,0.028,-3.38375e-09
0.636364,0.029,2.95051e-08
0.636364,0.03,-2.29263e-07
0.636364,0.031,1.56905e-06
0.636364,0.032,-9.31307e-06
0.636364,0.033,4.6924e-05
0.636364,0.034,-0.000194297
0.636364,0.035,0.000627176
0.636364,0.036,-0.00140253
0.636364,0.037,0.00148589
0.636364,0.038,0.0021873
0.636364,0.039,-0.00779948
0.636364,0.04,-0.00204279
0.636364,0.041,0.0315698
0.636364,0.042,0.0370038
0.636364,0.043,-0.0274213
0.636364,0.044,-0.108841
0.636364,0.045,-0.0574549
0.636364,0.046,0.286773
0.636364,0.047,-0.300247
0.636364,0.048,-0.0984309
0.636364,0.049,-0.0361311
0.636364,0.05,-0.0121958
0.636364,0.051,-0.00408638
0.636364,0.052,0.000186205
0.636364,0.053,-0.00406283
0.636364,0.054,0.00986552
0.636364,0.055,-0.0202097
0.636364,0.056,0.0297101
0.636364,0.057,-0.0187016
0.636364,0.058,-0.014178
0.636364,0.059,0.0484055
0.636364,0.06,0.00269973
0.636364,0.061,-0.065742
0.636364,0.062,-0.0041157
0.636364,0.063,0.093806
0.636364,0.064,0.100271
0.636364,0.065,-0.03653
0.636364,0.066,-0.310831
0.636364,0.067,0.340892
0.636364,0.068,0.114329
0.636364,0.069,0.0520562
0.636364,0.07,0.0233379
0.636364,0.071,0.00958472
0.636364,0.072,0.00355568
0.636364,0.073,0.00118998
0.636364,0.074,0.00036041
0.636364,0.075,9.92346e-05
0.636364,0.076,2.49547e-05
0.636364,0.077,5.75587e-06
0.636364,0.078,1.22227e-06
0.636364,0.079,2.39734e-07
0.636364,0.08,4.35532e-08
0.636364,0.081,7.34665e-09
0.636364,0.082,1.15306e-09
0.636364,0.083,1.68692e-10
0.636364,0.084,2.3041e-11
0.636364,0.085,2.9421e-12
0.636364,0.086,3.51613e-13
0.636364,0.087,3.93685e-14
0.636364,0.088,4.13297e-15
0.636364,0.089,4.07094e-16
0.636364,0.09,3.76422e-17
0.636364,0.091,3.26868e-18
0.636364,0.092,2.66625e-19
0.636364,0.093,2.04326e-20
0.636364,0.094,1.47113e-21
0.636364,0.095,9.95027e-23
0.636364,0.096,6.32093e-24
0.636364,0.097,3.76997e-25
0.636364,0.098,2.11007e-26
0.636364,0.099,1.10762e-27
0.636364,0.1,5.44872e-29
0.646465,0.001,6.43898e-30
0.646465,0.002,2.8947e-31
0.646465,0.003,1.21783e-32
0.646465,0.004,4.78853e-34
0.646465,0.005,1.75717e-35
0.646465,0.006,5.74486e-37
0.646465,0.007,1.12075e-36
0.646465,0.008,-4.36316e-35
0.646465,0.009,1.62603e-33
0.646465,0.01,-5.70139e-32
0.646465,0.011,1.88055e-30
0.646465,0.012,-5.83312e-29
0.646465,0.013,1.70073e-27
0.646465,0.014,-4.65837e-26
0.646465,0.015,1.19778e-24
0.646465,0.016,-2.88852e-23
0.646465,0.017,6.52629e-22
0.646465,0.018,-1.37976e-20
0.646465,0.019,2.72553e-19
0.646465,0.02,-5.02185e-18
0.646465,0.021,8.61354e-17
0.646465,0.022,-1.37217e-15
0.646465,0.023,2.02483e-14
0.646465,0.024,-2.75915e-13
0.646465,0.025,3.45937e-12
0.646465,0.026,-3.97376e-11
0.646465,0.027,4.16092e-10
0.646465,0.028,-3.94743e-09
0.646465,0.029,3.36782e-08
0.646465,0.03,-2.56017e-07
0.646465,0.031,1.71365e-06
0.646465,0.032,-9.94203e-06
0.646465,0.033,4.89118e-05
0.646465,0.034,-0.000197349
0.646465,0.035,0.000618083
0.646465,0.036,-0.00132509
0.646465,0.037,0.00125297
0.646465,0.038,0.00239452
0.646465,0.039,-0.00719736
0.646465,0.04,-0.00331664
0.646465,0.041,0.0289919
0.646465,0.042,0.0388337
0.646465,0.043,-0.0204034
0.646465,0.044,-0.102732
0.646465,0.045,-0.0762444
0.646465,0.046,0.249259
0.646465,0.047,-0.338464
0.646465,0.048,-0.108916
0.646465,0.049,-0.0403743
0.646465,0.05,-0.0138578
0.646465,0.051,-0.00472784
0.646465,0.052,0.000129104
0.646465,0.053,-0.00442326
0.646465,0.054,0.0103768
0.646465,0.055,-0.0206161
0.646465,0.056,0.0290834
0.646465,0.057,-0.0160197
0.646465,0.058,-0.0172445
0.646465,0.059,0.0468873
0.646465,0.06,0.00815225
0.646465,0.061,-0.0645574
0.646465,0.062,-0.0120506
0.646465,0.063,0.0879086
0.646465,0.064,0.10463
0.646465,0.065,-0.0185563
0.646465,0.066,-0.281638
0.646465,0.067,0.372584
0.646465,0.068,0.12522
0.646465,0.069,0.0565267
0.646465,0.07,0.025685
0.646465,0.071,0.0107358
0.646465,0.072,0.00406034
0.646465,0.073,0.0013866
0.646465,0.074,0.000428748
0.646465,0.075,0.000120563
0.646465,0.076,3.09728e-05
0.646465,0.077,7.3005e-06
0.646465,0.078,1.58477e-06
0.646465,0.079,3.17869e-07
0.646465,0.08,5.90784e-08
0.646465,0.081,1.01994e-08
0.646465,0.082,1.63914e-09
0.646465,0.083,2.4567e-10
0.646465,0.084,3.43939e-11
0.646465,0.085,4.50404e-12
0.646465,0.086,5.52373e-13
0.646465,0.087,6.35057e-14
0.646465,0.088,6.85036e-15
0.646465,0.089,6.93809e-16
0.646465,0.09,6.60145e-17
0.646465,0.091,5.9034e-18
0.646465,0.092,4.96322e-19
0.646465,0.093,3.92382e-20
0.646465,0.094,2.91725e-21
0.646465,0.095,2.03956e-22
0.646465,0.096,1.34071e-23
0.646465,0.097,8.28422e-25
0.646465,0.098,4.80963e-26
0.646465,0.099,2.62236e-27
0.646465,0.1,1.34187e-28
0.656566,0.001,1.61027e-29
0.656566,0.002,7.54182e-31
0.656566,0.003,3.31124e-32
0.656566,0.004,1.36127e-33
0.656566,0.005,5.2333e-35
0.656566,0.006,1.82536e-36
0.656566,0.007,2.22508e-36
0.656566,0.008,-8.30191e-35
0.656566,0.009,3.00206e-33
0.656566,0.01,-1.02222e-31
0.656566,0.011,3.27687e-30
0.656566,0.012,-9.88557e-29
0.656566,0.013,2.80517e-27
0.656566,0.014,-7.48273e-26
0.656566,0.015,1.87484e-24
0.656566,0.016,-4.40829e-23
0.656566,0.017,9.7162e-22
0.656566,0.018,-2.00485e-20
0.656566,0.019,3.867e-19
0.656566,0.02,-6.9601e-18
0.656566,0.021,1.16662e-16
0.656566,0.022,-1.81681e-15
0.656566,0.023,2.62167e-14
0.656566,0.024,-3.49443e-13
0.656566,0.025,4.28659e-12
0.656566,0.026,-4.81854e-11
0.656566,0.027,4.93811e-10
0.656566,0.028,-4.58536e-09
0.656566,0.029,3.82901e-08
0.656566,0.03,-2.84852e-07
0.656566,0.031,1.86529e-06
0.656566,0.032,-1.05804e-05
0.656566,0.033,5.08338e-05
0.656566,0.034,-0.000199871
0.656566,0.035,0.000607219
0.656566,0.036,-0.00124621
0.656566,0.037,0.00103188
0.656566,0.038,0.00255875
0.656566,0.039,-0.00657854
0.656566,0.04,-0.00441448
0.656566,0.041,0.0263801
0.656566,0.042,0.0401518
0.656566,0.043,-0.0136817
0.656566,0.044,-0.0962612
0.656566,0.045,-0.0916157
0.656566,0.046,0.21247
0.656566,0.047,-0.377839
0.656566,0.048,-0.120273
0.656566,0.049,-0.0450119
0.656566,0.05,-0.0156992
0.656566,0.051,-0.00545144
0.656566,0.052,5.26905e-05
0.656566,0.053,-0.00480431
0.656566,0.054,0.0108795
0.656566,0.055,-0.0209571
0.656566,0.056,0.0283267
0.656566,0.057,-0.0132997
0.656566,0.058,-0.0200524
0.656566,0.059,0.0450052
0.656566,0.06,0.0133471
0.656566,0.061,-0.0626683
0.656566,0.062,-0.0196192
0.656566,0.063,0.081514
0.656566,0.064,0.107913
0.656566,0.065,-0.00182134
0.656566,0.066,-0.253262
0.656566,0.067,0.40483
0.656566,0.068,0.137843
0.656566,0.069,0.0612951
0.656566,0.07,0.0281944
0.656566,0.071,0.011987
0.656566,0.072,0.00461989
0.656566,0.073,0.00160923
0.656566,0.074,0.000507808
0.656566,0.075,0.000145778
0.656566,0.076,3.82445e-05
0.656566,0.077,9.20826e-06
0.656566,0.078,2.04252e-06
0.656566,0.079,4.18767e-07
0.656566,0.08,7.95869e-08
0.656566,0.081,1.40558e-08
0.656566,0.082,2.31181e-09
0.656566,0.083,3.54771e-10
0.656566,0.084,5.08808e-11
0.656566,0.085,6.8294e-12
0.656566,0.086,8.58945e-13
0.656566,0.087,1.01334e-13
0.656566,0.088,1.12239e-14
0.656566,0.089,1.16801e-15
0.656566,0.09,1.1427e-16
0.656566,0.091,1.05149e-17
0.656566,0.092,9.10385e-19
0.656566,0.093,7.41815e-20
0.656566,0.094,5.6895e-21
0.656566,0.095,4.10742e-22
0.656566,0.096,2.79087e-23
0.656566,0.097,1.78444e-24
0.656566,0.098,1.07328e-25
0.656566,0.099,6.06998e-27
0.656566,0.1,3.22613e-28
0.666667,0.001,3.93044e-29
0.666667,0.002,1.91479e-30
0.666667,0.003,8.75833e-32
0.666667,0.004,3.75753e-33
0.666667,0.005,1.5103e-34
0.666667,0.006,5.57367e-36
0.666667,0.007,4.37628e-36
0.666667,0.008,-1.55607e-34
0.666667,0.009,5.46462e-33
0.666667,0.01,-1.80845e-31
0.666667,0.011,5.63845e-30
0.666667,0.012,-1.65554e-28
0.666667,0.013,4.57528e-27
0.666667,0.014,-1.18932e-25
0.666667,0.015,2.90558e-24
0.666667,0.016,-6.66495e-23
0.666667,0.017,1.43383e-21
0.666667,0.018,-2.88909e-20
0.666667,0.019,5.44398e-19
0.666667,0.02,-9.57624e-18
0.666667,0.021,1.5693e-16
0.666667,0.022,-2.39016e-15
0.666667,0.023,3.37417e-14
0.666667,0.024,-4.401e-13
0.666667,0.025,5.28408e-12
0.666667,0.026,-5.81475e-11
0.666667,0.027,5.83427e-10
0.666667,0.028,-5.30435e-09
0.666667,0.029,4.3367e-08
0.666667,0.03,-3.15816e-07
0.666667,0.031,2.02371e-06
0.666667,0.032,-1.12254e-05
0.666667,0.033,5.26791e-05
0.666667,0.034,-0.00020185
0.666667,0.035,0.000594672
0.666667,0.036,-0.00116638
0.666667,0.037,0.000823262
0.666667,0.038,0.00268251
0.666667,0.039,-0.00595114
0.666667,0.04,-0.00534343
0.666667,0.041,0.0237658
0.666667,0.042,0.0409852
0.666667,0.043,-0.00728993
0.666667,0.044,-0.0895349
0.666667,0.045,-0.103532
0.666667,0.046,0.176565
0.666667,0.047,-0.417457
0.666667,0.048,-0.132564
0.666667,0.049,-0.0500666
0.666667,0.05,-0.0177343
0.666667,0.051,-0.00626528
0.666667,0.052,-4.63724e-05
0.666667,0.053,-0.00520653
0.666667,0.054,0.0113698
0.666667,0.055,-0.0212286
0.666667,0.056,0.0274428
0.666667,0.057,-0.0105609
0.666667,0.058,-0.0225828
0.666667,0.059,0.0427846
0.666667,0.06,0.0182444
0.666667,0.061,-0.060123
0.666667,0.062,-0.0267587
0.666667,0.063,0.0746837
0.666667,0.064,0.110162
0.666667,0.065,0.0136702
0.666667,0.066,-0.225756
0.666667,0.067,0.437361
0.666667,0.068,0.152476
0.666667,0.069,0.0663852
0.666667,0.07,0.0308731
0.666667,0.071,0.0133431
0.666667,0.072,0.00523822
0.666667,0.073,0.00186038
0.666667,0.074,0.000598897
0.666667,0.075,0.000175456
0.666667,0.076,4.69883e-05
0.666667,0.077,1.15522e-05
0.666667,0.078,2.6173e-06
0.666667,0.079,5.48277e-07
0.666667,0.08,1.06504e-07
0.666667,0.081,1.92328e-08
0.666667,0.082,3.23581e-09
0.666667,0.083,5.0818e-10
0.666667,0.084,7.46219e-11
0.666667,0.085,1.02602e-11
0.666667,0.086,1.32262e-12
0.666667,0.087,1.60018e-13
0.666667,0.088,1.81868e-14
0.666667,0.089,1.94328e-15
0.666667,0.09,1.95339e-16
0.666667,0.091,1.84816e-17
0.666667,0.092,1.6465e-18
0.666667,0.093,1.3816e-19
0.666667,0.094,1.09214e-20
0.666667,0.095,8.13357e-22
0.666667,0.096,5.70657e-23
0.666667,0.097,3.77139e-24
0.666667,0.098,2.34721e-25
0.666667,0.099,1.37522e-26
0.666667,0.1,7.58147e-28
0.676768,0.001,9.37538e-29
0.676768,0.002,4.7439e-30
0.676768,0.003,2.257e-31
0.676768,0.004,1.00877e-32
0.676768,0.005,4.2313e-34
0.676768,0.006,1.64285e-35
0.676768,0.007,8.55851e-36
0.676768,0.008,-2.87494e-34
0.676768,0.009,9.81308e-33
0.676768,0.01,-3.15866e-31
0.676768,0.011,9.58533e-30
0.676768,0.012,-2.74108e-28
0.676768,0.013,7.38239e-27
0.676768,0.014,-1.87123e-25
0.676768,0.015,4.46005e-24
0.676768,0.016,-9.98629e-23
0.676768,0.017,2.09802e-21
0.676768,0.018,-4.13017e-20
0.676768,0.019,7.6067e-19
0.676768,0.02,-1.30831e-17
0.676768,0.021,2.09706e-16
0.676768,0.022,-3.12504e-15
0.676768,0.023,4.31761e-14
0.676768,0.024,-5.51291e-13
0.676768,0.025,6.481e-12
0.676768,0.026,-6.98417e-11
0.676768,0.027,6.86322e-10
0.676768,0.028,-6.11145e-09
0.676768,0.029,4.89347e-08
0.676768,0.03,-3.48943e-07
0.676768,0.031,2.18859e-06
0.676768,0.032,-1.18744e-05
0.676768,0.033,5.4437e-05
0.676768,0.034,-0.000203273
0.676768,0.035,0.00058054
0.676768,0.036,-0.00108608
0.676768,0.037,0.000627628
0.676768,0.038,0.00276843
0.676768,0.039,-0.00532255
0.676768,0.04,-0.00611178
0.676768,0.041,0.0211771
0.676768,0.042,0.0413652
0.676768,0.043,-0.0012583
0.676768,0.044,-0.082623
0.676768,0.045,-0.112099
0.676768,0.046,0.141692
0.676768,0.047,-0.456834
0.676768,0.048,-0.145981
0.676768,0.049,-0.055561
0.676768,0.05,-0.0199776
0.676768,0.051,-0.00717777
0.676768,0.052,-0.0001719
0.676768,0.053,-0.00563043
0.676768,0.054,0.0118438
0.676768,0.055,-0.0214269
0.676768,0.056,0.0264353
0.676768,0.057,-0.00782222
0.676768,0.058,-0.0248195
0.676768,0.059,0.0402529
0.676768,0.06,0.0228084
0.676768,0.061,-0.0569762
0.676768,0.062,-0.0334095
0.676768,0.063,0.0674795
0.676768,0.064,0.111423
0.676768,0.065,0.0279191
0.676768,0.066,-0.19917
0.676768,0.067,0.469954
0.676768,0.068,0.169321
0.676768,0.069,0.0718148
0.676768,0.07,0.0337283
0.676768,0.071,0.0148091
0.676768,0.072,0.00591928
0.676768,0.073,0.00214267
0.676768,0.074,0.000703423
0.676768,0.075,0.000210233
0.676768,0.076,5.74531e-05
0.676768,0.077,1.44177e-05
0.676768,0.078,3.33512e-06
0.676768,0.079,7.13546e-07
0.676768,0.08,1.41611e-07
0.676768,0.081,2.61363e-08
0.676768,0.082,4.49601e-09
0.676768,0.083,7.22249e-10
0.676768,0.084,1.08532e-10
0.676768,0.085,1.52784e-11
0.676768,0.086,2.01746e-12
0.676768,0.087,2.50162e-13
0.676768,0.088,2.91567e-14
0.676768,0.089,3.19677e-15
0.676768,0.09,3.29937e-16
0.676768,0.091,3.20732e-17
0.676768,0.092,2.93788e-18
0.676768,0.093,2.53659e-19
0.676768,0.094,2.06485e-20
0.676768,0.095,1.5849e-21
0.676768,0.096,1.14709e-22
0.676768,0.097,7.82779e-24
0.676768,0.098,5.03557e-25
0.676768,0.099,3.05281e-26
0.676768,0.1,1.74349e-27
0.686869,0.001,2.18797e-28
0.686869,0.002,1.14832e-29
0.686869,0.003,5.67439e-31
0.686869,0.004,2.63798e-32
0.686869,0.005,1.15273e-33
0.686869,0.006,4.68947e-35
0.686869,0.007,1.67186e-35
0.686869,0.008,-5.23884e-34
0.686869,0.009,1.73939e-32
0.686869,0.01,-5.4495e-31
0.686869,0.011,1.61067e-29
0.686869,0.012,-4.48887e-28
0.686869,0.013,1.1789e-26
0.686869,0.014,-2.91545e-25
0.686869,0.015,6.78331e-24
0.686869,0.016,-1.48332e-22
0.686869,0.017,3.04484e-21
0.686869,0.018,-5.85903e-20
0.686869,0.019,1.05518e-18
0.686869,0.02,-1.7753e-17
0.686869,0.021,2.78446e-16
0.686869,0.022,-4.06149e-15
0.686869,0.023,5.49399e-14
0.686869,0.024,-6.86973e-13
0.686869,0.025,7.91039e-12
0.686869,0.026,-8.35084e-11
0.686869,0.027,8.03971e-10
0.686869,0.028,-7.01394e-09
0.686869,0.029,5.5018e-08
0.686869,0.03,-3.84257e-07
0.686869,0.031,2.35956e-06
0.686869,0.032,-1.25244e-05
0.686869,0.033,5.60972e-05
0.686869,0.034,-0.000204135
0.686869,0.035,0.00056493
0.686869,0.036,-0.00100578
0.686869,0.037,0.000445354
0.686869,0.038,0.00281925
0.686869,0.039,-0.00469943
0.686869,0.04,-0.00672865
0.686869,0.041,0.0186391
0.686869,0.042,0.0413262
0.686869,0.043,0.00438563
0.686869,0.044,-0.0755788
0.686869,0.045,-0.117558
0.686869,0.046,0.108015
0.686869,0.047,-0.495806
0.686869,0.048,-0.160917
0.686869,0.049,-0.0615228
0.686869,0.05,-0.0224438
0.686869,0.051,-0.0081979
0.686869,0.052,-0.000327826
0.686869,0.053,-0.00607657
0.686869,0.054,0.0122976
0.686869,0.055,-0.0215487
0.686869,0.056,0.0253087
0.686869,0.057,-0.00510257
0.686869,0.058,-0.0267494
0.686869,0.059,0.0374396
0.686869,0.06,0.0270088
0.686869,0.061,-0.0532882
0.686869,0.062,-0.0395167
0.686869,0.063,0.0599638
0.686869,0.064,0.111742
0.686869,0.065,0.0409313
0.686869,0.066,-0.173552
0.686869,0.067,0.502422
0.686869,0.068,0.188478
0.686869,0.069,0.077595
0.686869,0.07,0.0367672
0.686869,0.071,0.0163899
0.686869,0.072,0.00666709
0.686869,0.073,0.00245882
0.686869,0.074,0.000822907
0.686869,0.075,0.000250816
0.686869,0.076,6.99207e-05
0.686869,0.077,1.79035e-05
0.686869,0.078,4.22689e-06
0.686869,0.079,9.23263e-07
0.686869,0.08,1.87126e-07
0.686869,0.081,3.52831e-08
0.686869,0.082,6.20293e-09
0.686869,0.083,1.01878e-09
0.686869,0.084,1.56588e-10
0.686869,0.085,2.25572e-11
0.686869,0.086,3.04949e-12
0.686869,0.087,3.8733e-13
0.686869,0.088,4.62671e-14
0.686869,0.089,5.20193e-15
0.686869,0.09,5.50894e-16
0.686869,0.091,5.49843e-17
0.686869,0.092,5.17467e-18
0.686869,0.093,4.59368e-19
0.686869,0.094,3.84758e-20
0.686869,0.095,3.04114e-21
0.686869,0.096,2.26848e-22
0.686869,0.097,1.59688e-23
0.686869,0.098,1.06069e-24
0.686869,0.099,6.6465e-26
0.686869,0.1,3.92771e-27
0.69697,0.001,5.001e-28
0.69697,0.002,2.71898e-29
0.69697,0.003,1.39358e-30
0.69697,0.004,6.72883e-32
0.69697,0.005,3.0583e-33
0.69697,0.006,1.29958e-34
0.69697,0.007,3.27953e-35
0.69697,0.008,-9.42075e-34
0.69697,0.009,3.04479e-32
0.69697,0.01,-9.29132e-31
0.69697,0.011,2.67643e-29
0.69697,0.012,-7.27387e-28
0.69697,0.013,1.8639e-26
0.69697,0.014,-4.49981e-25
0.69697,0.015,1.02254e-23
0.69697,0.016,-2.18486e-22
0.69697,0.017,4.38414e-21
0.69697,0.018,-8.24993e-20
0.69697,0.019,1.4535e-18
0.69697,0.02,-2.39315e-17
0.69697,0.021,3.67441e-16
0.69697,0.022,-5.24807e-15
0.69697,0.023,6.95309e-14
0.69697,0.024,-8.51724e-13
0.69697,0.025,9.60954e-12
0.69697,0.026,-9.94114e-11
0.69697,0.027,9.37948e-10
0.69697,0.028,-8.01924e-09
0.69697,0.029,6.16407e-08
0.69697,0.03,-4.21768e-07
0.69697,0.031,2.53618e-06
0.69697,0.032,-1.31724e-05
0.69697,0.033,5.765e-05
0.69697,0.034,-0.000204433
0.69697,0.035,0.000547957
0.69697,0.036,-0.000925936
0.69697,0.037,0.00027669
0.69697,0.038,0.00283781
0.69697,0.039,-0.0040877
0.69697,0.04,-0.00720385
0.69697,0.041,0.0161739
0.69697,0.042,0.0409049
0.69697,0.043,0.00961729
0.69697,0.044,-0.0684519
0.69697,0.045,-0.120257
0.69697,0.046,0.075728
0.69697,0.047,0.465615
0.69697,0.048,-0.177997
0.69697,0.049,-0.0679904
0.69697,0.05,-0.025148
0.69697,0.051,-0.00933516
0.69697,0.052,-0.00051868
0.69697,0.053,-0.00654566
0.69697,0.054,0.0127271
0.69697,0.055,-0.0215914
0.69697,0.056,0.024069
0.69697,0.057,-0.00242054
0.69697,0.058,-0.0283625
0.69697,0.059,0.0343759
0.69697,0.06,0.0308195
0.69697,0.061,-0.0491232
0.69697,0.062,-0.0450305
0.69697,0.063,0.052199
0.69697,0.064,0.111169
0.69697,0.065,0.0527183
0.69697,0.066,-0.148946
0.69697,0.067,-0.46538
0.69697,0.068,0.209942
0.69697,0.069,0.0837374
0.69697,0.07,0.0399959
0.69697,0.071,0.0180903
0.69697,0.072,0.0074857
0.69697,0.073,0.00281168
0.69697,0.074,0.000958972
0.69697,0.075,0.00029798
0.69697,0.076,8.47094e-05
0.69697,0.077,2.2124e-05
0.69697,0.078,5.32915e-06
0.69697,0.079,1.18794e-06
0.69697,0.08,2.45791e-07
0.69697,0.081,4.73265e-08
0.69697,0.082,8.49958e-09
0.69697,0.083,1.42662e-09
0.69697,0.084,2.24177e-10
0.69697,0.085,3.30302e-11
0.69697,0.086,4.56927e-12
0.69697,0.087,5.94162e-13
0.69697,0.088,7.2698e-14
0.69697,0.089,8.3768e-15
0.69697,0.09,9.0969e-16
0.69697,0.091,9.31619e-17
0.69697,0.092,9.0019e-18
0.69697,0.093,8.21027e-19
0.69697,0.094,7.07032e-20
0.69697,0.095,5.75002e-21
0.69697,0.096,4.41669e-22
0.69697,0.097,3.20428e-23
0.69697,0.098,2.19552e-24
0.69697,0.099,1.42051e-25
0.69697,0.1,8.67633e-27
0.707071,0.001,1.12064e-27
0.707071,0.002,6.30415e-29
0.707071,0.003,3.34714e-30
0.707071,0.004,1.67628e-31
0.707071,0.005,7.91292e-33
0.707071,0.006,3.50357e-34
0.707071,0.007,6.49675e-35
0.707071,0.008,-1.67264e-33
0.707071,0.009,5.26627e-32
0.707071,0.01,-1.56626e-30
0.707071,0.011,4.39983e-29
0.707071,0.012,-1.16675e-27
0.707071,0.013,2.91874e-26
0.707071,0.014,-6.88236e-25
0.707071,0.015,1.52825e-23
0.707071,0.016,-3.19223e-22
0.707071,0.017,6.26452e-21
0.707071,0.018,-1.15332e-19
0.707071,0.019,1.98867e-18
0.707071,0.02,-3.20557e-17
0.707071,0.021,4.81988e-16
0.707071,0.022,-6.74339e-15
0.707071,0.023,8.75363e-14
0.707071,0.024,-1.05082e-12
0.707071,0.025,1.16203e-11
0.707071,0.026,-1.17839e-10
0.707071,0.027,1.08992e-09
0.707071,0.028,-9.13492e-09
0.707071,0.029,6.88248e-08
0.707071,0.03,-4.61473e-07
0.707071,0.031,2.71797e-06
0.707071,0.032,-1.38153e-05
0.707071,0.033,5.90865e-05
0.707071,0.034,-0.000204166
0.707071,0.035,0.00052974
0.707071,0.036,-0.00084696
0.707071,0.037,0.000121765
0.707071,0.038,0.00282696
0.707071,0.039,-0.00349261
0.707071,0.04,-0.00754765
0.707071,0.041,0.0138003
0.707071,0.042,0.0401396
0.707071,0.043,0.0144157
0.707071,0.044,-0.0612926
0.707071,0.045,-0.120613
0.707071,0.046,0.0450682
0.707071,0.047,0.427348
0.707071,0.048,-0.198046
0.707071,0.049,-0.0750185
0.707071,0.05,-0.0281066
0.707071,0.051,-0.0105996
0.707071,0.052,-0.000749111
0.707071,0.053,-0.00703841
0.707071,0.054,0.0131282
0.707071,0.055,-0.0215527
0.707071,0.056,0.0227225
0.707071,0.057,0.000205874
0.707071,0.058,-0.0296519
0.707071,0.059,0.0310947
0.707071,0.06,0.0342196
0.707071,0.061,-0.0445485
0.707071,0.062,-0.0499071
0.707071,0.063,0.044248
0.707071,0.064,0.109752
0.707071,0.065,0.0632958
0.707071,0.066,-0.125394
0.707071,0.067,-0.433567
0.707071,0.068,0.233609
0.707071,0.069,0.090271
0.707071,0.07,0.0434203
0.707071,0.071,0.0199153
0.707071,0.072,0.00837923
0.707071,0.073,0.00320423
0.707071,0.074,0.00111336
0.707071,0.075,0.000352575
0.707071,0.076,0.000102176
0.707071,0.077,2.72106e-05
0.707071,0.078,6.68486e-06
0.707071,0.079,1.52021e-06
0.707071,0.08,3.20978e-07
0.707071,0.081,6.30887e-08
0.707071,0.082,1.15699e-08
0.707071,0.083,1.98372e-09
0.707071,0.084,3.18547e-10
0.707071,0.085,4.79826e-11
0.707071,0.086,6.7889e-12
0.707071,0.087,9.03312e-13
0.707071,0.088,1.13149e-13
0.707071,0.089,1.33543e-14
0.707071,0.09,1.48625e-15
0.707071,0.091,1.56077e-16
0.707071,0.092,1.5474e-17
0.707071,0.093,1.44901e-18
0.707071,0.094,1.28201e-19
0.707071,0.095,1.07193e-20
0.707071,0.096,8.47172e-22
0.707071,0.097,6.32889e-23
0.707071,0.098,4.46915e-24
0.707071,0.099,2.98273e-25
0.707071,0.1,1.88106e-26
0.717172,0.001,2.4641e-27
0.717172,0.002,1.4327e-28
0.717172,0.003,7.87066e-30
0.717172,0.004,4.08319e-31
0.717172,0.005,1.99916e-32
0.717172,0.006,9.20428e-34
0.717172,0.007,1.30661e-34
0.717172,0.008,-2.93349e-33
0.717172,0.009,9.00389e-32
0.717172,0.01,-2.61154e-30
0.717172,0.011,7.15843e-29
0.717172,0.012,-1.85326e-27
0.717172,0.013,4.52837e-26
0.717172,0.014,-1.04346e-24
0.717172,0.015,2.26523e-23
0.717172,0.016,-4.62774e-22
0.717172,0.017,8.88561e-21
0.717172,0.018,-1.60114e-19
0.717172,0.019,2.70311e-18
0.717172,0.02,-4.26739e-17
0.717172,0.021,6.28595e-16
0.717172,0.022,-8.61783e-15
0.717172,0.023,1.09645e-13
0.717172,0.024,-1.2903e-12
0.717172,0.025,1.39896e-11
0.717172,0.026,-1.39106e-10
0.717172,0.027,1.26164e-09
0.717172,0.028,-1.03686e-08
0.717172,0.029,7.65909e-08
0.717172,0.03,-5.03356e-07
0.717172,0.031,2.90437e-06
0.717172,0.032,-1.445e-05
0.717172,0.033,6.03982e-05
0.717172,0.034,-0.00020334
0.717172,0.035,0.000510405
0.717172,0.036,-0.000769253
0.717172,0.037,-1.94054e-05
0.717172,0.038,0.00278959
0.717172,0.039,-0.0029187
0.717172,0.04,-0.0077706
0.717172,0.041,0.0115342
0.717172,0.042,0.0390691
0.717172,0.043,0.0187641
0.717172,0.044,-0.0541529
0.717172,0.045,-0.119068
0.717172,0.046,0.0163193
0.717172,0.047,0.389323
0.717172,0.048,-0.221906
0.717172,0.049,-0.0826787
0.717172,0.05,-0.0313371
0.717172,0.051,-0.0120015
0.717172,0.052,-0.00102437
0.717172,0.053,-0.00755572
0.717172,0.054,0.0134963
0.717172,0.055,-0.0214313
0.717172,0.056,0.0212768
0.717172,0.057,0.00275934
0.717172,0.058,-0.0306143
0.717172,0.059,0.0276299
0.717172,0.06,0.0371925
0.717172,0.061,-0.0396329
0.717172,0.062,-0.0541096
0.717172,0.063,0.0361738
0.717172,0.064,0.107542
0.717172,0.065,0.0726844
0.717172,0.066,-0.102929
0.717172,0.067,-0.402231
0.717172,0.068,0.259294
0.717172,0.069,0.0972653
0.717172,0.07,0.0470459
0.717172,0.071,0.0218696
0.717172,0.072,0.00935183
0.717172,0.073,0.00363952
0.717172,0.074,0.00128791
0.717172,0.075,0.00041553
0.717172,0.076,0.000122721
0.717172,0.077,3.33137e-05
0.717172,0.078,8.34438e-06
0.717172,0.079,1.93522e-06
0.717172,0.08,4.16817e-07
0.717172,0.081,8.35977e-08
0.717172,0.082,1.56489e-08
0.717172,0.083,2.73967e-09
0.717172,0.084,4.49383e-10
0.717172,0.085,6.91706e-11
0.717172,0.086,1.00049e-11
0.717172,0.087,1.36151e-12
0.717172,0.088,1.74502e-13
0.717172,0.089,2.10842e-14
0.717172,0.09,2.40345e-15
0.717172,0.091,2.5866e-16
0.717172,0.092,2.62958e-17
0.717172,0.093,2.52647e-18
0.717172,0.094,2.29494e-19
0.717172,0.095,1.97143e-20
0.717172,0.096,1.60187e-21
0.717172,0.097,1.23127e-22
0.717172,0.098,8.95295e-24
0.717172,0.099,6.15799e-25
0.717172,0.1,4.00594e-26
0.727273,0.001,5.32114e-27
0.727273,0.002,3.19439e-28
0.727273,0.003,1.81374e-29
0.727273,0.004,9.73566e-31
0.727273,0.005,4.9377e-32
0.727273,0.006,2.35982e-33
0.727273,0.007,2.67827e-34
0.727273,0.008,-5.08414e-33
0.727273,0.009,1.5224e-31
0.727273,0.01,-4.30879e-30
0.727273,0.011,1.1531e-28
0.727273,0.012,-2.91601e-27
0.727273,0.013,6.96312e-26
0.727273,0.014,-1.56869e-24
0.727273,0.015,3.33085e-23
0.727273,0.016,-6.65827e-22
0.727273,0.017,1.25138e-20
0.727273,0.018,-2.20793e-19
0.727273,0.019,3.65101e-18
0.727273,0.02,-5.64714e-17
0.727273,0.021,8.15209e-16
0.727273,0.022,-1.09555e-14
0.727273,0.023,1.36662e-13
0.727273,0.024,-1.57705e-12
0.727273,0.025,1.67694e-11
0.727273,0.026,-1.63551e-10
0.727273,0.027,1.45496e-09
0.727273,0.028,-1.1728e-08
0.727273,0.029,8.49576e-08
0.727273,0.03,-5.47385e-07
0.727273,0.031,3.0948e-06
0.727273,0.032,-1.50735e-05
0.727273,0.033,6.15775e-05
0.727273,0.034,-0.000201963
0.727273,0.035,0.000490081
0.727273,0.036,-0.000693184
0.727273,0.037,-0.000146911
0.727273,0.038,0.00272856
0.727273,0.039,-0.00236986
0.727273,0.04,-0.00788336
0.727273,0.041,0.00938875
0.727273,0.042,0.0377323
0.727273,0.043,0.0226505
0.727273,0.044,-0.0470836
0.727273,0.045,-0.116049
0.727273,0.046,-0.0102008
0.727273,0.047,0.351527
0.727273,0.048,-0.250096
0.727273,0.049,-0.0910508
0.727273,0.05,-0.0348591
0.727273,0.051,-0.0135519
0.727273,0.052,-0.0013501
0.727273,0.053,-0.00809848
0.727273,0.054,0.0138273
0.727273,0.055,-0.0212262
0.727273,0.056,0.0197403
0.727273,0.057,0.00522339
0.727273,0.058,-0.0312492
0.727273,0.059,0.0240167
0.727273,0.06,0.0397259
0.727273,0.061,-0.034446
0.727273,0.062,-0.0576085
0.727273,0.063,0.0280397
0.727273,0.064,0.10459
0.727273,0.065,0.0809083
0.727273,0.066,-0.0815839
0.727273,0.067,-0.371445
0.727273,0.068,0.286749
0.727273,0.069,0.104851
0.727273,0.07,0.05088
0.727273,0.071,0.0239576
0.727273,0.072,0.0104076
0.727273,0.073,0.00412069
0.727273,0.074,0.00148457
0.727273,0.075,0.000487854
0.727273,0.076,0.000146788
0.727273,0.077,4.06049e-05
0.727273,0.078,1.03664e-05
0.727273,0.079,2.451e-06
0.727273,0.08,5.38334e-07
0.727273,0.081,1.10133e-07
0.727273,0.082,2.10356e-08
0.727273,0.083,3.75891e-09
0.727273,0.084,6.29544e-10
0.727273,0.085,9.8978e-11
0.727273,0.086,1.46289e-11
0.727273,0.087,2.03508e-12
0.727273,0.088,2.66758e-13
0.727273,0.089,3.29787e-14
0.727273,0.09,3.84845e-15
0.727273,0.091,4.24209e-16
0.727273,0.092,4.41954e-17
0.727273,0.093,4.35404e-18
0.727273,0.094,4.05792e-19
0.727273,0.095,3.57885e-20
0.727273,0.096,2.98754e-21
0.727273,0.097,2.36089e-22
0.727273,0.098,1.76625e-23
0.727273,0.099,1.25094e-24
0.727273,0.1,8.38652e-26
0.737374,0.001,1.1294e-26
0.737374,0.002,6.99351e-28
0.737374,0.003,4.09979e-29
0.737374,0.004,2.27446e-30
0.737374,0.005,1.19354e-31
0.737374,0.006,5.91214e-33
0.737374,0.007,5.60432e-34
0.737374,0.008,-8.71096e-33
0.737374,0.009,2.54667e-31
0.737374,0.01,-7.03722e-30
0.737374,0.011,1.83964e-28
0.737374,0.012,-4.54653e-27
0.737374,0.013,1.06149e-25
0.737374,0.014,-2.3391e-24
0.737374,0.015,4.86003e-23
0.737374,0.016,-9.50997e-22
0.737374,0.017,1.75021e-20
0.737374,0.018,-3.0249e-19
0.737374,0.019,4.9011e-18
0.737374,0.02,-7.42991e-17
0.737374,0.021,1.05149e-15
0.737374,0.022,-1.38563e-14
0.737374,0.023,1.69521e-13
0.737374,0.024,-1.91891e-12
0.737374,0.025,2.00176e-11
0.737374,0.026,-1.91542e-10
0.737374,0.027,1.6718e-09
0.737374,0.028,-1.32206e-08
0.737374,0.029,9.3941e-08
0.737374,0.03,-5.93513e-07
0.737374,0.031,3.2886e-06
0.737374,0.032,-1.56825e-05
0.737374,0.033,6.26176e-05
0.737374,0.034,-0.000200045
0.737374,0.035,0.000468899
0.737374,0.036,-0.000619091
0.737374,0.037,-0.00026094
0.737374,0.038,0.0026467
0.737374,0.039,-0.00184935
0.737374,0.04,-0.00789659
0.737374,0.041,0.00737426
0.737374,0.042,0.0361672
0.737374,0.043,0.0260684
0.737374,0.044,-0.0401325
0.737374,0.045,-0.111934
0.737374,0.046,-0.0341639
0.737374,0.047,0.31402
0.737374,0.048,-0.282459
0.737374,0.049,-0.100204
0.737374,0.05,-0.0386947
0.737374,0.051,-0.0152624
0.737374,0.052,-0.00173235
0.737374,0.053,-0.00866783
0.737374,0.054,0.0141168
0.737374,0.055,-0.0209372
0.737374,0.056,0.0181221
0.737374,0.057,0.00758231
0.737374,0.058,-0.0315596
0.737374,0.059,0.0202911
0.737374,0.06,0.0418121
0.737374,0.061,-0.0290569
0.737374,0.062,-0.0603828
0.737374,0.063,0.0199087
0.737374,0.064,0.100948
0.737374,0.065,0.0879956
0.737374,0.066,-0.0613838
0.737374,0.067,-0.341274
0.737374,0.068,0.315687
0.737374,0.069,0.11323
0.737374,0.07,0.0549336
0.737374,0.071,0.0261839
0.737374,0.072,0.0115507
0.737374,0.073,0.00465098
0.737374,0.074,0.00170542
0.737374,0.075,0.000570638
0.737374,0.076,0.000174872
0.737374,0.077,4.9279e-05
0.737374,0.078,1.2819e-05
0.737374,0.079,3.08895e-06
0.737374,0.08,6.91621e-07
0.737374,0.081,1.44277e-07
0.737374,0.082,2.81078e-08
0.737374,0.083,5.12463e-09
0.737374,0.084,8.75991e-10
0.737374,0.085,1.40618e-10
0.737374,0.086,2.1228e-11
0.737374,0.087,3.01749e-12
0.737374,0.088,4.04329e-13
0.737374,0.089,5.11208e-14
0.737374,0.09,6.1038e-15
0.737374,0.091,6.88748e-16
0.737374,0.092,7.34935e-17
0.737374,0.093,7.41986e-18
0.737374,0.094,7.09068e-19
0.737374,0.095,6.41616e-20
0.737374,0.096,5.49883e-21
0.737374,0.097,4.46427e-22
0.737374,0.098,3.43367e-23
0.737374,0.099,2.50207e-24
0.737374,0.1,1.72723e-25
0.747475,0.001,2.35778e-26
0.747475,0.002,1.5046e-27
0.747475,0.003,9.09802e-29
0.747475,0.004,5.21121e-30
0.747475,0.005,2.82629e-31
0.747475,0.006,1.44908e-32
0.747475,0.007,1.19589e-33
0.747475,0.008,-1.47595e-32
0.747475,0.009,4.21628e-31
0.747475,0.01,-1.13813e-29
0.747475,0.011,2.90779e-28
0.747475,0.012,-7.02662e-27
0.747475,0.013,1.60472e-25
0.747475,0.014,-3.4604e-24
0.747475,0.015,7.03841e-23
0.747475,0.016,-1.34873e-21
0.747475,0.017,2.43158e-20
0.747475,0.018,-4.1181e-19
0.747475,0.019,6.54019e-18
0.747475,0.02,-9.72085e-17
0.747475,0.021,1.34913e-15
0.747475,0.022,-1.74386e-14
0.747475,0.023,2.09307e-13
0.747475,0.024,-2.32474e-12
0.747475,0.025,2.37979e-11
0.747475,0.026,-2.23472e-10
0.747475,0.027,1.91416e-09
0.747475,0.028,-1.48541e-08
0.747475,0.029,1.03555e-07
0.747475,0.03,-6.41678e-07
0.747475,0.031,3.48509e-06
0.747475,0.032,-1.62739e-05
0.747475,0.033,6.35125e-05
0.747475,0.034,-0.000197603
0.747475,0.035,0.000446993
0.747475,0.036,-0.000547285
0.747475,0.037,-0.000361768
0.747475,0.038,0.00254677
0.747475,0.039,-0.0013598
0.747475,0.04,-0.00782082
0.747475,0.041,0.00549851
0.747475,0.042,0.0344111
0.747475,0.043,0.0290163
0.747475,0.044,-0.0333429
0.747475,0.045,-0.107031
0.747475,0.046,-0.0552667
0.747475,0.047,0.276932
0.747475,0.048,-0.318112
0.747475,0.049,-0.11018
0.747475,0.05,-0.042867
0.747475,0.051,-0.0171453
0.747475,0.052,-0.00217748
0.747475,0.053,-0.00926495
0.747475,0.054,0.0143604
0.747475,0.055,-0.0205649
0.747475,0.056,0.0164318
0.747475,0.057,0.0098213
0.747475,0.058,-0.0315516
0.747475,0.059,0.0164893
0.747475,0.06,0.043447
0.747475,0.061,-0.0235333
0.747475,0.062,-0.0624197
0.747475,0.063,0.0118436
0.747475,0.064,0.0966686
0.747475,0.065,0.0939776
0.747475,0.066,-0.0423494
0.747475,0.067,-0.311779
0.747475,0.068,0.345805
0.747475,0.069,0.122668
0.747475,0.07,0.0592225
0.747475,0.071,0.0285531
0.747475,0.072,0.0127853
0.747475,0.073,0.00523371
0.747475,0.074,0.00195262
0.747475,0.075,0.000665062
0.747475,0.076,0.000207519
0.747475,0.077,5.95562e-05
0.747475,0.078,1.5781e-05
0.747475,0.079,3.87434e-06
0.747475,0.08,8.84022e-07
0.747475,0.081,1.8798e-07
0.747475,0.082,3.73406e-08
0.747475,0.083,6.94363e-09
0.747475,0.084,1.21097e-09
0.747475,0.085,1.98396e-10
0.747475,0.086,3.05783e-11
0.747475,0.087,4.43948e-12
0.747475,0.088,6.07825e-13
0.747475,0.089,7.85567e-14
0.747475,0.09,9.59229e-15
0.747475,0.091,1.10745e-15
0.747475,0.092,1.20968e-16
0.747475,0.093,1.25084e-17
0.747475,0.094,1.22495e-18
0.747475,0.095,1.13653e-19
0.747475,0.096,9.9935e-21
0.747475,0.097,8.32947e-22
0.747475,0.098,6.5817e-23
0.747475,0.099,4.93065e-24
0.747475,0.1,3.50192e-25
0.757576,0.001,4.84476e-26
0.757576,0.002,3.18335e-27
0.757576,0.003,1.98369e-28
0.757576,0.004,1.17198e-29
0.757576,0.005,6.56251e-31
0.757576,0.006,3.47845e-32
0.757576,0.007,2.59345e-33
0.757576,0.008,-2.4737e-32
0.757576,0.009,6.9113e-31
0.757576,0.01,-1.82337e-29
0.757576,0.011,4.55507e-28
0.757576,0.012,-1.07675e-26
0.757576,0.013,2.40647e-25
0.757576,0.014,-5.08025e-24
0.757576,0.015,1.01197e-22
0.757576,0.016,-1.89975e-21
0.757576,0.017,3.35642e-20
0.757576,0.018,-5.57221e-19
0.757576,0.019,8.67724e-18
0.757576,0.02,-1.26492e-16
0.757576,0.021,1.72218e-15
0.757576,0.022,-2.18418e-14
0.757576,0.023,2.57267e-13
0.757576,0.024,-2.80451e-12
0.757576,0.025,2.81803e-11
0.757576,0.026,-2.59762e-10
0.757576,0.027,2.1841e-09
0.757576,0.028,-1.66358e-08
0.757576,0.029,1.1381e-07
0.757576,0.03,-6.91804e-07
0.757576,0.031,3.68353e-06
0.757576,0.032,-1.68447e-05
0.757576,0.033,6.42572e-05
0.757576,0.034,-0.000194653
0.757576,0.035,0.000424495
0.757576,0.036,-0.000478041
0.757576,0.037,-0.000449755
0.757576,0.038,0.00243145
0.757576,0.039,-0.000903299
0.757576,0.04,-0.00766638
0.757576,0.041,0.00376688
0.757576,0.042,0.0324997
0.757576,0.043,0.0314984
0.757576,0.044,-0.0267527
0.757576,0.045,-0.101571
0.757576,0.046,-0.0732701
0.757576,0.047,0.240422
0.757576,0.048,-0.355807
0.757576,0.049,-0.120992
0.757576,0.05,-0.0473989
0.757576,0.051,-0.0192136
0.757576,0.052,-0.00269234
0.757576,0.053,-0.00989133
0.757576,0.054,0.0145539
0.757576,0.055,-0.0201105
0.757576,0.056,0.01468
0.757576,0.057,0.0119268
0.757576,0.058,-0.0312343
0.757576,0.059,0.0126477
0.757576,0.06,0.0446309
0.757576,0.061,-0.017941
0.757576,0.062,-0.0637155
0.757576,0.063,0.00390708
0.757576,0.064,0.091805
0.757576,0.065,0.0988882
0.757576,0.066,-0.0244963
0.757576,0.067,-0.283016
0.757576,0.068,0.376797
0.757576,0.069,0.133468
0.757576,0.07,0.0637675
0.757576,0.071,0.0310701
0.757576,0.072,0.0141153
0.757576,0.073,0.00587223
0.757576,0.074,0.00222843
0.757576,0.075,0.000772391
0.757576,0.076,0.00024533
0.757576,0.077,7.16844e-05
0.757576,0.078,1.9343e-05
0.757576,0.079,4.83687e-06
0.757576,0.08,1.12435e-06
0.757576,0.081,2.4363e-07
0.757576,0.082,4.93281e-08
0.757576,0.083,9.35229e-09
0.757576,0.084,1.66347e-09
0.757576,0.085,2.7804e-10
0.757576,0.086,4.37353e-11
0.757576,0.087,6.48264e-12
0.757576,0.088,9.065e-13
0.757576,0.089,1.19707e-13
0.757576,0.09,1.49414e-14
0.757576,0.091,1.76409e-15
0.757576,0.092,1.97153e-16
0.757576,0.093,2.08682e-17
0.757576,0.094,2.09305e-18
0.757576,0.095,1.99003e-19
0.757576,0.096,1.79417e-20
0.757576,0.097,1.53426e-21
0.757576,0.098,1.24461e-22
0.757576,0.099,9.57871e-24
0.757576,0.1,6.99404e-25
0.767677,0.001,9.80468e-26
0.767677,0.002,6.62807e-27
0.767677,0.003,4.25272e-28
0.767677,0.004,2.58924e-29
0.767677,0.005,1.49545e-30
0.767677,0.006,8.18547e-32
0.767677,0.007,5.6882e-33
0.767677,0.008,-4.10185e-32
0.767677,0.009,1.12204e-30
0.767677,0.01,-2.89459e-29
0.767677,0.011,7.07392e-28
0.767677,0.012,-1.63647e-26
0.767677,0.013,3.58072e-25
0.767677,0.014,-7.40336e-24
0.767677,0.015,1.44482e-22
0.767677,0.016,-2.65818e-21
0.767677,0.017,4.60402e-20
0.767677,0.018,-7.49519e-19
0.767677,0.019,1.14483e-17
0.767677,0.02,-1.63731e-16
0.767677,0.021,2.18749e-15
0.767677,0.022,-2.72292e-14
0.767677,0.023,3.14832e-13
0.767677,0.024,-3.36941e-12
0.767677,0.025,3.32415e-11
0.767677,0.026,-3.0086e-10
0.767677,0.027,2.48374e-09
0.767677,0.028,-1.85727e-08
0.767677,0.029,1.24714e-07
0.767677,0.03,-7.43795e-07
0.767677,0.031,3.88315e-06
0.767677,0.032,-1.73919e-05
0.767677,0.033,6.48476e-05
0.767677,0.034,-0.000191217
0.767677,0.035,0.000401539
0.767677,0.036,-0.000411605
0.767677,0.037,-0.00052533
0.767677,0.038,0.00230331
0.767677,0.039,-0.000481375
0.767677,0.04,-0.00744327
0.767677,0.041,0.00218253
0.767677,0.042,0.0304669
0.767677,0.043,0.0335237
0.767677,0.044,-0.0203955
0.767677,0.045,-0.0957182
0.767677,0.046,-0.0880345
0.767677,0.047,0.204651
0.767677,0.048,-0.394403
0.767677,0.049,-0.132666
0.767677,0.05,-0.0523118
0.767677,0.051,-0.0214809
0.767677,0.052,-0.00328434
0.767677,0.053,-0.0105486
0.767677,0.054,0.0146928
0.767677,0.055,-0.019576
0.767677,0.056,0.0128777
0.767677,0.057,0.0138862
0.767677,0.058,-0.0306196
0.767677,0.059,0.00880325
0.767677,0.06,0.0453675
0.767677,0.061,-0.0123426
0.767677,0.062,-0.0642758
0.767677,0.063,-0.00383919
0.767677,0.064,0.0864102
0.767677,0.065,0.102764
0.767677,0.066,-0.00783455
0.767677,0.067,-0.25504
0.767677,0.068,0.408376
0.767677,0.069,0.145933
0.767677,0.07,0.0685921
0.767677,0.071,0.0337404
0.767677,0.072,0.0155448
0.767677,0.073,0.00656996
0.767677,0.074,0.00253523
0.767677,0.075,0.000893983
0.767677,0.076,0.000288963
0.767677,0.077,8.59421e-05
0.767677,0.078,2.36088e-05
0.767677,0.079,6.01131e-06
0.767677,0.08,1.42315e-06
0.767677,0.081,3.1414e-07
0.767677,0.082,6.48099e-08
0.767677,0.083,1.25238e-08
0.767677,0.084,2.27108e-09
0.767677,0.085,3.87132e-10
0.767677,0.086,6.21242e-11
0.767677,0.087,9.39747e-12
0.767677,0.088,1.34158e-12
0.767677,0.089,1.80937e-13
0.767677,0.09,2.30747e-14
0.767677,0.091,2.78477e-15
0.767677,0.092,3.18267e-16
0.767677,0.093,3.44668e-17
0.767677,0.094,3.53867e-18
0.767677,0.095,3.44581e-19
0.767677,0.096,3.18353e-20
0.767677,0.097,2.7913e-21
0.767677,0.098,2.32311e-22
0.767677,0.099,1.83549e-23
0.767677,0.1,1.37681e-24
0.777778,0.001,1.95546e-25
0.777778,0.002,1.35897e-26
0.777778,0.003,8.97073e-28
0.777778,0.004,5.62366e-29
0.777778,0.005,3.34712e-30
0.777778,0.006,1.88996e-31
0.777778,0.007,1.25511e-32
0.777778,0.008,-6.72995e-32
0.777778,0.009,1.80478e-30
0.777778,0.01,-4.55474e-29
0.777778,0.011,1.08938e-27
0.777778,0.012,-2.46741e-26
0.777778,0.013,5.28782e-25
0.777778,0.014,-1.07117e-23
0.777778,0.015,2.04884e-22
0.777778,0.016,-3.69556e-21
0.777778,0.017,6.27705e-20
0.777778,0.018,-1.0024e-18
0.777778,0.019,1.50226e-17
0.777778,0.02,-2.10851e-16
0.777778,0.021,2.76514e-15
0.777778,0.022,-3.37917e-14
0.777778,0.023,3.83638e-13
0.777778,0.024,-4.03193e-12
0.777778,0.025,3.9065e-11
0.777778,0.026,-3.47241e-10
0.777778,0.027,2.81525e-09
0.777778,0.028,-2.06717e-08
0.777778,0.029,1.36272e-07
0.777778,0.03,-7.97544e-07
0.777778,0.031,4.08317e-06
0.777778,0.032,-1.79127e-05
0.777778,0.033,6.52806e-05
0.777778,0.034,-0.000187318
0.777778,0.035,0.000378256
0.777778,0.036,-0.00034819
0.777778,0.037,-0.000588985
0.777778,0.038,0.00216481
0.777778,0.039,-9.50605e-05
0.777778,0.04,-0.00716112
0.777778,0.041,0.000746662
0.777778,0.042,0.0283447
0.777778,0.043,0.0351056
0.777778,0.044,-0.0143011
0.777778,0.045,-0.0895833
0.777778,0.046,-0.0995431
0.777778,0.047,0.169769
0.777778,0.048,-0.433135
0.777778,0.049,-0.1453
0.777778,0.05,-0.0576254
0.777778,0.051,-0.0239613
0.777778,0.052,-0.00396127
0.777778,0.053,-0.0112386
0.777778,0.054,0.0147728
0.777778,0.055,-0.0189638
0.777778,0.056,0.0110362
0.777778,0.057,0.0156883
0.777778,0.058,-0.029722
0.777778,0.059,0.00499165
0.777778,0.06,0.0456643
0.777778,0.061,-0.00679761
0.777778,0.062,-0.0641149
0.777778,0.063,-0.0113345
0.777778,0.064,0.080538
0.777778,0.065,0.105644
0.777778,0.066,0.00763118
0.777778,0.067,-0.227905
0.777778,0.068,0.440284
0.777778,0.069,0.16033
0.777778,0.07,0.0737184
0.777778,0.071,0.03657
0.777778,0.072,0.0170779
0.777778,0.073,0.00733036
0.777778,0.074,0.00287549
0.777778,0.075,0.00103128
0.777778,0.076,0.000339138
0.777778,0.077,0.00010264
0.777778,0.078,2.86971e-05
0.777778,0.079,7.43818e-06
0.777778,0.08,1.79295e-06
0.777778,0.081,4.03047e-07
0.777778,0.082,8.47017e-08
0.777778,0.083,1.6677e-08
0.777778,0.084,3.08224e-09
0.777778,0.085,5.35642e-10
0.777778,0.086,8.76587e-11
0.777778,0.087,1.35273e-11
0.777778,0.088,1.97076e-12
0.777778,0.089,2.71345e-13
0.777778,0.09,3.53411e-14
0.777778,0.091,4.35775e-15
0.777778,0.092,5.09073e-16
0.777778,0.093,5.63771e-17
0.777778,0.094,5.92191e-18
0.777778,0.095,5.90272e-19
0.777778,0.096,5.58514e-20
0.777778,0.097,5.01808e-21
0.777778,0.098,4.28212e-22
0.777778,0.099,3.47108e-23
0.777778,0.1,2.67296e-24
0.787879,0.001,3.84558e-25
0.787879,0.002,2.74547e-26
0.787879,0.003,1.86311e-27
0.787879,0.004,1.20161e-28
0.787879,0.005,7.36371e-30
0.787879,0.006,4.28524e-31
0.787879,0.007,2.77243e-32
0.787879,0.008,-1.09254e-31
0.787879,0.009,2.87696e-30
0.787879,0.01,-7.10606e-29
0.787879,0.011,1.66408e-27
0.787879,0.012,-3.6917e-26
0.787879,0.013,7.75182e-25
0.787879,0.014,-1.53912e-23
0.787879,0.015,2.88633e-22
0.787879,0.016,-5.10582e-21
0.787879,0.017,8.50765e-20
0.787879,0.018,-1.33313e-18
0.787879,0.019,1.9609e-17
0.787879,0.02,-2.70182e-16
0.787879,0.021,3.47898e-15
0.787879,0.022,-4.17511e-14
0.787879,0.023,4.65546e-13
0.787879,0.024,-4.80597e-12
0.787879,0.025,4.57415e-11
0.787879,0.026,-3.99406e-10
0.787879,0.027,3.18082e-09
0.787879,0.028,-2.29393e-08
0.787879,0.029,1.48485e-07
0.787879,0.03,-8.52925e-07
0.787879,0.031,4.28273e-06
0.787879,0.032,-1.84042e-05
0.787879,0.033,6.55538e-05
0.787879,0.034,-0.000182982
0.787879,0.035,0.000354773
0.787879,0.036,-0.000287975
0.787879,0.037,-0.000641268
0.787879,0.038,0.00201828
0.787879,0.039,0.000255079
0.787879,0.04,-0.00682914
0.787879,0.041,-0.000541331
0.787879,0.042,0.0261629
0.787879,0.043,0.0362622
0.787879,0.044,-0.00849684
0.787879,0.045,-0.0832429
0.787879,0.046,-0.107909
0.787879,0.047,0.135923
0.787879,0.048,-0.471614
0.787879,0.049,-0.159136
0.787879,0.05,-0.0633608
0.787879,0.051,-0.0266694
0.787879,0.052,-0.0047313
0.787879,0.053,-0.0119636
0.787879,0.054,0.0147896
0.787879,0.055,-0.0182776
0.787879,0.056,0.00916719
0.787879,0.057,0.0173231
0.787879,0.058,-0.0285586
0.787879,0.059,0.00124824
0.787879,0.06,0.0455321
0.787879,0.061,-0.00136173
0.787879,0.062,-0.0632558
0.787879,0.063,-0.0185198
0.787879,0.064,0.0742428
0.787879,0.065,0.107569
0.787879,0.066,0.0219014
0.787879,0.067,-0.201661
0.787879,0.068,0.472297
0.787879,0.069,0.176854
0.787879,0.07,0.0791641
0.787879,0.071,0.0395654
0.787879,0.072,0.0187186
0.787879,0.073,0.00815691
0.787879,0.074,0.00325174
0.787879,0.075,0.00118583
0.787879,0.076,0.000396641
0.787879,0.077,0.000122125
0.787879,0.078,3.47429e-05
0.787879,0.079,9.16456e-06
0.787879,0.08,2.2486e-06
0.787879,0.081,5.14622e-07
0.787879,0.082,1.10132e-07
0.787879,0.083,2.20869e-08
0.787879,0.084,4.15906e-09
0.787879,0.085,7.3661e-10
0.787879,0.086,1.22892e-10
0.787879,0.087,1.93394e-11
0.787879,0.088,2.87421e-12
0.787879,0.089,4.03845e-13
0.787879,0.09,5.36961e-14
0.787879,0.091,6.76186e-15
0.787879,0.092,8.07056e-16
0.787879,0.093,9.13555e-17
0.787879,0.094,9.81296e-18
0.787879,0.095,1.0007e-18
0.787879,0.096,9.6921e-20
0.787879,0.097,8.91829e-21
0.787879,0.098,7.79836e-22
0.787879,0.099,6.4813e-23
0.787879,0.1,5.12045e-24
0.79798,0.001,7.46117e-25
0.79798,0.002,5.46834e-26
0.79798,0.003,3.81211e-27
0.79798,0.004,2.52749e-28
0.79798,0.005,1.5935e-29
0.79798,0.006,9.54861e-31
0.79798,0.007,6.10544e-32
0.79798,0.008,-1.75462e-31
0.79798,0.009,4.54641e-30
0.79798,0.01,-1.09952e-28
0.79798,0.011,2.52205e-27
0.79798,0.012,-5.48233e-26
0.79798,0.013,1.12836e-24
0.79798,0.014,-2.19666e-23
0.79798,0.015,4.04024e-22
0.79798,0.016,-7.01168e-21
0.79798,0.017,1.1465e-19
0.79798,0.018,-1.76339e-18
0.79798,0.019,2.54648e-17
0.79798,0.02,-3.44539e-16
0.79798,0.021,4.35718e-15
0.79798,0.022,-5.13644e-14
0.79798,0.023,5.62666e-13
0.79798,0.024,-5.70693e-12
0.79798,0.025,5.3369e-11
0.79798,0.026,-4.57879e-10
0.79798,0.027,3.58268e-09
0.79798,0.028,-2.53814e-08
0.79798,0.029,1.61349e-07
0.79798,0.03,-9.09799e-07
0.79798,0.031,4.48101e-06
0.79798,0.032,-1.88638e-05
0.79798,0.033,6.56662e-05
0.79798,0.034,-0.000178238
0.79798,0.035,0.000331215
0.79798,0.036,-0.00023111
0.79798,0.037,-0.000682772
0.79798,0.038,0.00186592
0.79798,0.039,0.000568903
0.79798,0.04,-0.0064561
0.79798,0.041,-0.00168362
0.79798,0.042,0.0239492
0.79798,0.043,0.0370148
0.79798,0.044,-0.00300744
0.79798,0.045,-0.0767554
0.79798,0.046,-0.113362
0.79798,0.047,0.103275
0.79798,0.048,0.49028
0.79798,0.049,-0.174614
0.79798,0.05,-0.069545
0.79798,0.051,-0.0296202
0.79798,0.052,-0.00560302
0.79798,0.053,-0.0127259
0.79798,0.054,0.0147392
0.79798,0.055,-0.0175212
0.79798,0.056,0.00728285
0.79798,0.057,0.018782
0.79798,0.058,-0.0271482
0.79798,0.059,-0.00239295
0.79798,0.06,0.0449849
0.79798,0.061,0.00391364
0.79798,0.062,-0.0617297
0.79798,0.063,-0.0253378
0.79798,0.064,0.0675788
0.79798,0.065,0.108581
0.79798,0.066,0.0349815
0.79798,0.067,-0.176357
0.79798,0.068,-0.495767
0.79798,0.069,0.195608
0.79798,0.07,0.0849426
0.79798,0.071,0.0427327
0.79798,0.072,0.0204711
0.79798,0.073,0.00905313
0.79798,0.074,0.00366663
0.79798,0.075,0.00135926
0.79798,0.076,0.000462321
0.79798,0.077,0.00014478
0.79798,0.078,4.18991e-05
0.79798,0.079,1.12449e-05
0.79798,0.08,2.80761e-06
0.79798,0.081,6.54005e-07
0.79798,0.082,1.42485e-07
0.79798,0.083,2.90975e-08
0.79798,0.084,5.58072e-09
0.79798,0.085,1.00699e-09
0.79798,0.086,1.71211e-10
0.79798,0.087,2.74666e-11
0.79798,0.088,4.16268e-12
0.79798,0.089,5.96637e-13
0.79798,0.09,8.09533e-14
0.79798,0.091,1.04068e-14
0.79798,0.092,1.2685e-15
0.79798,0.093,1.46701e-16
0.79798,0.094,1.61064e-17
0.79798,0.095,1.67959e-18
0.79798,0.096,1.66427e-19
0.79798,0.097,1.56753e-20
0.79798,0.098,1.40375e-21
0.79798,0.099,1.19549e-22
0.79798,0.1,9.68365e-24
0.808081,0.001,1.4289e-24
0.808081,0.002,1.07438e-25
0.808081,0.003,7.68878e-27
0.808081,0.004,5.23679e-28
0.808081,0.005,3.39408e-29
0.808081,0.006,2.09248e-30
0.808081,0.007,1.33619e-31
0.808081,0.008,-2.7867e-31
0.808081,0.009,7.12444e-30
0.808081,0.01,-1.6877e-28
0.808081,0.011,3.79335e-27
0.808081,0.012,-8.08275e-26
0.808081,0.013,1.6312e-24
0.808081,0.014,-3.11468e-23
0.808081,0.015,5.62053e-22
0.808081,0.016,-9.57252e-21
0.808081,0.017,1.53646e-19
0.808081,0.018,-2.32026e-18
0.808081,0.019,3.2905e-17
0.808081,0.02,-4.37297e-16
0.808081,0.021,5.43293e-15
0.808081,0.022,-6.29277e-14
0.808081,0.023,6.77379e-13
0.808081,0.024,-6.75182e-12
0.808081,0.025,6.2053e-11
0.808081,0.026,-5.23211e-10
0.808081,0.027,4.02304e-09
0.808081,0.028,-2.80035e-08
0.808081,0.029,1.74858e-07
0.808081,0.03,-9.68011e-07
0.808081,0.031,4.67713e-06
0.808081,0.032,-1.92892e-05
0.808081,0.033,6.56175e-05
0.808081,0.034,-0.000173115
0.808081,0.035,0.000307702
0.808081,0.036,-0.00017771
0.808081,0.037,-0.000714127
0.808081,0.038,0.00170975
0.808081,0.039,0.000846661
0.808081,0.04,-0.00605021
0.808081,0.041,-0.00268376
0.808081,0.042,0.0217287
0.808081,0.043,0.037388
0.808081,0.044,0.00214455
0.808081,0.045,-0.070172
0.808081,0.046,-0.116228
0.808081,0.047,0.0720182
0.808081,0.048,0.452525
0.808081,0.049,-0.192389
0.808081,0.05,-0.0762163
0.808081,0.051,-0.0328292
0.808081,0.052,-0.0065856
0.808081,0.053,-0.0135282
0.808081,0.054,0.0146173
0.808081,0.055,-0.0166994
0.808081,0.056,0.00539529
0.808081,0.057,0.0200578
0.808081,0.058,-0.0255121
0.808081,0.059,-0.00589901
0.808081,0.06,0.0440396
0.808081,0.061,0.00898123
0.808081,0.062,-0.0595753
0.808081,0.063,-0.031734
0.808081,0.064,0.0606009
0.808081,0.065,0.108723
0.808081,0.066,0.0468819
0.808081,0.067,-0.152037
0.808081,0.068,-0.46406
0.808081,0.069,0.216599
0.808081,0.07,0.0910698
0.808081,0.071,0.0460778
0.808081,0.072,0.0223394
0.808081,0.073,0.0100226
0.808081,0.074,0.00412286
0.808081,0.075,0.00155328
0.808081,0.076,0.000537099
0.808081,0.077,0.000171031
0.808081,0.078,5.03381e-05
0.808081,0.079,1.37418e-05
0.808081,0.08,3.49056e-06
0.808081,0.081,8.27353e-07
0.808081,0.082,1.8345e-07
0.808081,0.083,3.81369e-08
0.808081,0.084,7.44775e-09
0.808081,0.085,1.36873e-09
0.808081,0.086,2.37084e-10
0.808081,0.087,3.87596e-11
0.808081,0.088,5.98808e-12
0.808081,0.089,8.75199e-13
0.808081,0.09,1.21133e-13
0.808081,0.091,1.58904e-14
0.808081,0.092,1.97723e-15
0.808081,0.093,2.33521e-16
0.808081,0.094,2.61938e-17
0.808081,0.095,2.79188e-18
0.808081,0.096,2.82887e-19
0.808081,0.097,2.72587e-20
0.808081,0.098,2.49863e-21
0.808081,0.099,2.17924e-22
0.808081,0.1,1.8088e-23
0.818182,0.001,2.70239e-24
0.818182,0.002,2.08327e-25
0.818182,0.003,1.5295e-26
0.818182,0.004,1.0694e-27
0.818182,0.005,7.11996e-29
0.818182,0.006,4.5126e-30
0.818182,0.007,2.89936e-31
0.818182,0.008,-4.37396e-31
0.818182,0.009,1.10738e-29
0.818182,0.01,-2.57051e-28
0.818182,0.011,5.66351e-27
0.818182,0.012,-1.18332e-25
0.818182,0.013,2.34241e-24
0.818182,0.014,-4.38845e-23
0.818182,0.015,7.77201e-22
0.818182,0.016,-1.29942e-20
0.818182,0.017,2.04794e-19
0.818182,0.018,-3.03739e-18
0.818182,0.019,4.23138e-17
0.818182,0.02,-5.52495e-16
0.818182,0.021,6.74508e-15
0.818182,0.022,-7.67811e-14
0.818182,0.023,8.12363e-13
0.818182,0.024,-7.95933e-12
0.818182,0.025,7.19067e-11
0.818182,0.026,-5.95973e-10
0.818182,0.027,4.50412e-09
0.818182,0.028,-3.08104e-08
0.818182,0.029,1.89002e-07
0.818182,0.03,-1.02739e-06
0.818182,0.031,4.87023e-06
0.818182,0.032,-1.96779e-05
0.818182,0.033,6.54084e-05
0.818182,0.034,-0.000167645
0.818182,0.035,0.00028435
0.818182,0.036,-0.000127863
0.818182,0.037,-0.000735993
0.818182,0.038,0.00155168
0.818182,0.039,0.00108895
0.818182,0.04,-0.00561921
0.818182,0.041,-0.00354645
0.818182,0.042,0.0195244
0.818182,0.043,0.0374087
0.818182,0.044,0.00693924
0.818182,0.045,-0.0635412
0.818182,0.046,-0.116889
0.818182,0.047,0.0423877
0.818182,0.048,0.415052
0.818182,0.049,-0.213265
0.818182,0.05,-0.0834278
0.818182,0.051,-0.0363132
0.818182,0.052,-0.00768846
0.818182,0.053,-0.0143736
0.818182,0.054,0.01442
0.818182,0.055,-0.0158177
0.818182,0.056,0.00351667
0.818182,0.057,0.0211445
0.818182,0.058,-0.0236726
0.818182,0.059,-0.0092389
0.818182,0.06,0.042716
0.818182,0.061,0.0137986
0.818182,0.062,-0.056838
0.818182,0.063,-0.0376574
0.818182,0.064,0.053364
0.818182,0.065,0.10804
0.818182,0.066,0.0576177
0.818182,0.067,-0.12874
0.818182,0.068,-0.432698
0.818182,0.069,0.239737
0.818182,0.07,0.0975794
0.818182,0.071,0.0496061
0.818182,0.072,0.0243276
0.818182,0.073,0.0110687
0.818182,0.074,0.00462323
0.818182,0.075,0.00176971
0.818182,0.076,0.000621966
0.818182,0.077,0.000201345
0.818182,0.078,6.02542e-05
0.818182,0.079,1.67272e-05
0.818182,0.08,4.32154e-06
0.818182,0.081,1.04201e-06
0.818182,0.082,2.35084e-07
0.818182,0.083,4.97356e-08
0.818182,0.084,9.88702e-09
0.818182,0.085,1.85006e-09
0.818182,0.086,3.2637e-10
0.818182,0.087,5.43564e-11
0.818182,0.088,8.5576e-12
0.818182,0.089,1.27497e-12
0.818182,0.09,1.7994e-13
0.818182,0.091,2.4078e-14
0.818182,0.092,3.05719e-15
0.818182,0.093,3.68583e-16
0.818182,0.094,4.22208e-17
0.818182,0.095,4.59753e-18
0.818182,0.096,4.76134e-19
0.818182,0.097,4.69148e-20
0.818182,0.098,4.3995e-21
0.818182,0.099,3.92756e-22
0.818182,0.1,3.33851e-23
0.828283,0.001,5.04946e-24
0.828283,0.002,3.98862e-25
0.828283,0.003,3.00234e-26
0.828283,0.004,2.15354e-27
0.828283,0.005,1.47187e-28
0.828283,0.006,9.58316e-30
0.828283,0.007,6.22775e-31
0.828283,0.008,-6.77781e-31
0.828283,0.009,1.70771e-29
0.828283,0.01,-3.88574e-28
0.828283,0.011,8.39533e-27
0.828283,0.012,-1.72063e-25
0.828283,0.013,3.342e-24
0.828283,0.014,-6.14518e-23
0.828283,0.015,1.06844e-21
0.828283,0.016,-1.75415e-20
0.828283,0.017,2.71538e-19
0.828283,0.018,-3.95642e-18
0.828283,0.019,5.4157e-17
0.828283,0.02,-6.94939e-16
0.828283,0.021,8.33903e-15
0.828283,0.022,-9.3314e-14
0.828283,0.023,9.70618e-13
0.828283,0.024,-9.34993e-12
0.828283,0.025,8.3051e-11
0.828283,0.026,-6.76757e-10
0.828283,0.027,5.02811e-09
0.828283,0.028,-3.38063e-08
0.828283,0.029,2.03766e-07
0.828283,0.03,-1.08776e-06
0.828283,0.031,5.05943e-06
0.828283,0.032,-2.00279e-05
0.828283,0.033,6.50406e-05
0.828283,0.034,-0.00016186
0.828283,0.035,0.000261268
0.828283,0.036,-8.16257e-05
0.828283,0.037,-0.000749052
0.828283,0.038,0.00139342
0.828283,0.039,0.00129667
0.828283,0.04,-0.00517024
0.828283,0.041,-0.00427738
0.828283,0.042,0.0173566
0.828283,0.043,0.0371057
0.828283,0.044,0.0113598
0.828283,0.045,-0.056911
0.828283,0.046,-0.115751
0.828283,0.047,0.0146568
0.828283,0.048,0.377813
0.828283,0.049,-0.237973
0.828283,0.05,-0.0912453
0.828283,0.051,-0.0400906
0.828283,0.052,-0.0089215
0.828283,0.053,-0.0152654
0.828283,0.054,0.0141435
0.828283,0.055,-0.014882
0.828283,0.056,0.00165915
0.828283,0.057,0.022038
0.828283,0.058,-0.0216538
0.828283,0.059,-0.0123838
0.828283,0.06,0.0410364
0.828283,0.061,0.0183278
0.828283,0.062,-0.0535687
0.828283,0.063,-0.0430604
0.828283,0.064,0.0459238
0.828283,0.065,0.106577
0.828283,0.066,0.0672076
0.828283,0.067,-0.106501
0.828283,0.068,-0.401778
0.828283,0.069,0.264855
0.828283,0.07,0.104544
0.828283,0.071,0.0533234
0.828283,0.072,0.0264398
0.828283,0.073,0.0121952
0.828283,0.074,0.00517056
0.828283,0.075,0.00201044
0.828283,0.076,0.000717985
0.828283,0.077,0.000236236
0.828283,0.078,7.18649e-05
0.828283,0.079,2.02835e-05
0.828283,0.08,5.3286e-06
0.828283,0.081,1.3067e-06
0.828283,0.082,2.99874e-07
0.828283,0.083,6.45479e-08
0.828283,0.084,1.3058e-08
0.828283,0.085,2.48711e-09
0.828283,0.086,4.46715e-10
0.828283,0.087,7.57702e-11
0.828283,0.088,1.21521e-11
0.828283,0.089,1.84492e-12
0.828283,0.09,2.65414e-13
0.828283,0.091,3.62143e-14
0.828283,0.092,4.69024e-15
0.828283,0.093,5.77007e-16
0.828283,0.094,6.74697e-17
0.828283,0.095,7.50272e-18
0.828283,0.096,7.9381e-19
0.828283,0.097,7.9943e-20
0.828283,0.098,7.6658e-21
0.828283,0.099,7.00114e-22
0.828283,0.1,6.09128e-23
0.838384,0.001,9.32553e-24
0.838384,0.002,7.54374e-25
0.838384,0.003,5.81837e-26
0.838384,0.004,4.27882e-27
0.838384,0.005,3.00011e-28
0.838384,0.006,2.00522e-29
0.838384,0.007,1.32284e-30
0.838384,0.008,-1.03525e-30
0.838384,0.009,2.61343e-29
0.838384,0.01,-5.83122e-28
0.838384,0.011,1.23586e-26
0.838384,0.012,-2.4854e-25
0.838384,0.013,4.73823e-24
0.838384,0.014,-8.55381e-23
0.838384,0.015,1.46049e-21
0.838384,0.016,-2.35527e-20
0.838384,0.017,3.58197e-19
0.838384,0.018,-5.12862e-18
0.838384,0.019,6.89979e-17
0.838384,0.02,-8.70327e-16
0.838384,0.021,1.02675e-14
0.838384,0.022,-1.1297e-13
0.838384,0.023,1.15549e-12
0.838384,0.024,-1.0946e-11
0.838384,0.025,9.56145e-11
0.838384,0.026,-7.66174e-10
0.838384,0.027,5.59715e-09
0.838384,0.028,-3.69947e-08
0.838384,0.029,2.19131e-07
0.838384,0.03,-1.14893e-06
0.838384,0.031,5.24385e-06
0.838384,0.032,-2.03373e-05
0.838384,0.033,6.45167e-05
0.838384,0.034,-0.000155796
0.838384,0.035,0.000238558
0.838384,0.036,-3.90266e-05
0.838384,0.037,-0.000754
0.838384,0.038,0.00123654
0.838384,0.039,0.001471
0.838384,0.04,-0.00470994
0.838384,0.041,-0.00488303
0.838384,0.042,0.0152435
0.838384,0.043,0.0365091
0.838384,0.044,0.0153928
0.838384,0.045,-0.0503272
0.838384,0.046,-0.113201
0.838384,0.047,-0.0108739
0.838384,0.048,0.340815
0.838384,0.049,-0.266841
0.838384,0.05,-0.0997366
0.838384,0.051,-0.0441821
0.838384,0.052,-0.0102951
0.838384,0.053,-0.0162073
0.838384,0.054,0.0137836
0.838384,0.055,-0.013899
0.838384,0.056,-0.000165462
0.838384,0.057,0.0227351
0.838384,0.058,-0.0194802
0.838384,0.059,-0.015307
0.838384,0.06,0.0390254
0.838384,0.061,0.0225356
0.838384,0.062,-0.049823
0.838384,0.063,-0.0479005
0.838384,0.064,0.0383358
0.838384,0.065,0.104381
0.838384,0.066,0.0756745
0.838384,0.067,-0.0853515
0.838384,0.068,-0.371377
0.838384,0.069,0.291723
0.838384,0.07,0.112091
0.838384,0.071,0.057237
0.838384,0.072,0.0286797
0.838384,0.073,0.0134055
0.838384,0.074,0.00576777
0.838384,0.075,0.00227747
0.838384,0.076,0.000826296
0.838384,0.077,0.000276264
0.838384,0.078,8.54133e-05
0.838384,0.079,2.45042e-05
0.838384,0.08,6.54434e-06
0.838384,0.081,1.63175e-06
0.838384,0.082,3.80818e-07
0.838384,0.083,8.33771e-08
0.838384,0.084,1.71601e-08
0.838384,0.085,3.32595e-09
0.838384,0.086,6.08042e-10
0.838384,0.087,1.05002e-10
0.838384,0.088,1.71499e-11
0.838384,0.089,2.65234e-12
0.838384,0.09,3.88818e-13
0.838384,0.091,5.40768e-14
0.838384,0.092,7.14135e-15
0.838384,0.093,8.96131e-16
0.838384,0.094,1.06921e-16
0.838384,0.095,1.21368e-17
0.838384,0.096,1.31132e-18
0.838384,0.097,1.34915e-19
0.838384,0.098,1.32225e-20
0.838384,0.099,1.23482e-21
0.838384,0.1,1.09908e-22
0.848485,0.001,1.70297e-23
0.848485,0.002,1.41001e-24
0.848485,0.003,1.1137e-25
0.848485,0.004,8.39196e-27
0.848485,0.005,6.03258e-28
0.848485,0.006,4.13646e-29
0.848485,0.007,2.77692e-30
0.848485,0.008,-1.5549e-30
0.848485,0.009,3.97002e-29
0.848485,0.01,-8.68896e-28
0.848485,0.011,1.80706e-26
0.848485,0.012,-3.56711e-25
0.848485,0.013,6.67684e-24
0.848485,0.014,-1.18375e-22
0.848485,0.015,1.9854e-21
0.848485,0.016,-3.14583e-20
0.848485,0.017,4.70168e-19
0.848485,0.018,-6.61682e-18
0.848485,0.019,8.75141e-17
0.848485,0.02,-1.08539e-15
0.848485,0.021,1.25917e-14
0.848485,0.022,-1.36253e-13
0.848485,0.023,1.37071e-12
0.848485,0.024,-1.27718e-11
0.848485,0.025,1.09733e-10
0.848485,0.026,-8.64847e-10
0.848485,0.027,6.21332e-09
0.848485,0.028,-4.03781e-08
0.848485,0.029,2.35072e-07
0.848485,0.03,-1.21068e-06
0.848485,0.031,5.42263e-06
0.848485,0.032,-2.06045e-05
0.848485,0.033,6.384e-05
0.848485,0.034,-0.000149486
0.848485,0.035,0.000216317
0.848485,0.036,-6.79847e-08
0.848485,0.037,-0.000751542
0.848485,0.038,0.00108246
0.848485,0.039,0.00161335
0.848485,0.04,-0.00424433
0.848485,0.041,-0.00537049
0.848485,0.042,0.0132007
0.848485,0.043,0.0356497
0.848485,0.044,0.0190287
0.848485,0.045,-0.0438322
0.848485,0.046,-0.109586
0.848485,0.047,-0.0339013
0.848485,0.048,0.304138
0.848485,0.049,-0.299521
0.848485,0.05,-0.108953
0.848485,0.051,-0.0486103
0.848485,0.052,-0.0118201
0.848485,0.053,-0.0172033
0.848485,0.054,0.0133368
0.848485,0.055,-0.0128759
0.848485,0.056,-0.0019455
0.848485,0.057,0.0232345
0.848485,0.058,-0.0171774
0.848485,0.059,-0.0179847
0.848485,0.06,0.03671
0.848485,0.061,0.0263933
0.848485,0.062,-0.0456605
0.848485,0.063,-0.0521404
0.848485,0.064,0.0306562
0.848485,0.065,0.101498
0.848485,0.066,0.0830445
0.848485,0.067,-0.0653157
0.848485,0.068,-0.341565
0.848485,0.069,0.320071
0.848485,0.07,0.120416
0.848485,0.071,0.0613578
0.848485,0.072,0.0310512
0.848485,0.073,0.0147031
0.848485,0.074,0.0064178
0.848485,0.075,0.00257285
0.848485,0.076,0.000948113
0.848485,0.077,0.000322044
0.848485,0.078,0.00010117
0.848485,0.079,2.94959e-05
0.848485,0.08,8.00649e-06
0.848485,0.081,2.02932e-06
0.848485,0.082,4.81516e-07
0.848485,0.083,1.07205e-07
0.848485,0.084,2.24416e-08
0.848485,0.085,4.42496e-09
0.848485,0.086,8.23166e-10
0.848485,0.087,1.44683e-10
0.848485,0.088,2.40584e-11
0.848485,0.089,3.78909e-12
0.848485,0.09,5.65823e-13
0.848485,0.091,8.01874e-14
0.848485,0.092,1.07938e-14
0.848485,0.093,1.38106e-15
0.848485,0.094,1.68076e-16
0.848485,0.095,1.94672e-17
0.848485,0.096,2.147e-18
0.848485,0.097,2.25571e-19
0.848485,0.098,2.2585e-20
0.848485,0.099,2.15567e-21
0.848485,0.1,1.96192e-22
0.858586,0.001,3.07618e-23
0.858586,0.002,2.60558e-24
0.858586,0.003,2.10643e-25
0.858586,0.004,1.62544e-26
0.858586,0.005,1.19723e-27
0.858586,0.006,8.41653e-29
0.858586,0.007,5.75927e-30
0.858586,0.008,-2.28805e-30
0.858586,0.009,5.98763e-29
0.858586,0.01,-1.28584e-27
0.858586,0.011,2.62499e-26
0.858586,0.012,-5.08773e-25
0.858586,0.013,9.35285e-24
0.858586,0.014,-1.62894e-22
0.858586,0.015,2.68449e-21
0.858586,0.016,-4.18035e-20
0.858586,0.017,6.14158e-19
0.858586,0.018,-8.49776e-18
0.858586,0.019,1.10518e-16
0.858586,0.02,-1.34803e-15
0.858586,0.021,1.53821e-14
0.858586,0.022,-1.63732e-13
0.858586,0.023,1.6204e-12
0.858586,0.024,-1.48536e-11
0.858586,0.025,1.25552e-10
0.858586,0.026,-9.73417e-10
0.858586,0.027,6.87862e-09
0.858586,0.028,-4.39583e-08
0.858586,0.029,2.51564e-07
0.858586,0.03,-1.2728e-06
0.858586,0.031,5.59492e-06
0.858586,0.032,-2.0828e-05
0.858586,0.033,6.30151e-05
0.858586,0.034,-0.000142967
0.858586,0.035,0.000194634
0.858586,0.036,3.52729e-05
0.858586,0.037,-0.000742381
0.858586,0.038,0.000932412
0.858586,0.039,0.00172531
0.858586,0.04,-0.00377891
0.858586,0.041,-0.00574734
0.858586,0.042,0.0112415
0.858586,0.043,0.0345584
0.858586,0.044,0.0222619
0.858586,0.045,-0.0374645
0.858586,0.046,-0.105188
0.858586,0.047,-0.0541524
0.858586,0.048,0.267912
0.858586,0.049,-0.335058
0.858586,0.05,-0.118918
0.858586,0.051,-0.0533992
0.858586,0.052,-0.0135081
0.858586,0.053,-0.018258
0.858586,0.054,0.0127995
0.858586,0.055,-0.0118204
0.858586,0.056,-0.00366986
0.858586,0.057,0.0235361
0.858586,0.058,-0.0147714
0.858586,0.059,-0.020396
0.858586,0.06,0.0341188
0.858586,0.061,0.0298771
0.858586,0.062,-0.0411428
0.858586,0.063,-0.0557489
0.858586,0.064,0.0229409
0.858586,0.065,0.0979749
0.858586,0.066,0.0893469
0.858586,0.067,-0.0464141
0.858586,0.068,-0.312403
0.858586,0.069,0.349611
0.858586,0.07,0.129771
0.858586,0.071,0.0657012
0.858586,0.072,0.0335584
0.858586,0.073,0.0160915
0.858586,0.074,0.00712364
0.858586,0.075,0.00289873
0.858586,0.076,0.00108473
0.858586,0.077,0.000374239
0.858586,0.078,0.000119435
0.858586,0.079,3.53788e-05
0.858586,0.08,9.7585e-06
0.858586,0.081,2.51371e-06
0.858586,0.082,6.06273e-07
0.858586,0.083,1.37228e-07
0.858586,0.084,2.92102e-08
0.858586,0.085,5.85782e-09
0.858586,0.086,1.10855e-09
0.858586,0.087,1.98259e-10
0.858586,0.088,3.35533e-11
0.858586,0.089,5.3799e-12
0.858586,0.09,8.18108e-13
0.858586,0.091,1.18101e-13
0.858586,0.092,1.61986e-14
0.858586,0.093,2.11255e-15
0.858586,0.094,2.62142e-16
0.858586,0.095,3.09691e-17
0.858586,0.096,3.48505e-18
0.858586,0.097,3.73748e-19
0.858586,0.098,3.82129e-20
0.858586,0.099,3.72606e-21
0.858586,0.1,3.46591e-22
0.868687,0.001,5.49847e-23
0.868687,0.002,4.7621e-24
0.868687,0.003,3.93837e-25
0.868687,0.004,3.11051e-26
0.868687,0.005,2.34619e-27
0.868687,0.006,1.69e-28
0.868687,0.007,1.17998e-29
0.868687,0.008,-3.27967e-30
0.868687,0.009,8.96803e-29
0.868687,0.01,-1.8902e-27
0.868687,0.011,3.78892e-26
0.868687,0.012,-7.21266e-25
0.868687,0.013,1.30259e-23
0.868687,0.014,-2.22925e-22
0.868687,0.015,3.61082e-21
0.868687,0.016,-5.52756e-20
0.868687,0.017,7.98471e-19
0.868687,0.018,-1.08647e-17
0.868687,0.019,1.38978e-16
0.868687,0.02,-1.66753e-15
0.868687,0.021,1.87197e-14
0.868687,0.022,-1.96049e-13
0.868687,0.023,1.90912e-12
0.868687,0.024,-1.72199e-11
0.868687,0.025,1.4322e-10
0.868687,0.026,-1.09253e-09
0.868687,0.027,7.59496e-09
0.868687,0.028,-4.77361e-08
0.868687,0.029,2.68573e-07
0.868687,0.03,-1.33508e-06
0.868687,0.031,5.75989e-06
0.868687,0.032,-2.10067e-05
0.868687,0.033,6.2047e-05
0.868687,0.034,-0.000136272
0.868687,0.035,0.00017359
0.868687,0.036,6.70426e-05
0.868687,0.037,-0.000727217
0.868687,0.038,0.000787496
0.868687,0.039,0.00180866
0.868687,0.04,-0.0033186
0.868687,0.041,-0.00602147
0.868687,0.042,0.00937728
0.868687,0.043,0.033266
0.868687,0.044,0.0250908
0.868687,0.045,-0.0312579
0.868687,0.046,-0.100227
0.868687,0.047,-0.0714197
0.868687,0.048,0.232293
0.868687,0.049,-0.372272
0.868687,0.05,-0.129639
0.868687,0.051,-0.0585721
0.868687,0.052,-0.015371
0.868687,0.053,-0.0193762
0.868687,0.054,0.0121682
0.868687,0.055,-0.0107406
0.868687,0.056,-0.00532788
0.868687,0.057,0.0236412
0.868687,0.058,-0.0122881
0.868687,0.059,-0.0225229
0.868687,0.06,0.0312823
0.868687,0.061,0.0329673
0.868687,0.062,-0.0363334
0.868687,0.063,-0.0587014
0.868687,0.064,0.0152459
0.868687,0.065,0.0938601
0.868687,0.066,0.0946133
0.868687,0.067,-0.0286617
0.868687,0.068,-0.283951
0.868687,0.069,0.380049
0.868687,0.07,0.140445
0.868687,0.071,0.0702867
0.868687,0.072,0.0362056
0.868687,0.073,0.0175742
0.868687,0.074,0.00788831
0.868687,0.075,0.00325733
0.868687,0.076,0.00123751
0.868687,0.077,0.000433572
0.868687,0.078,0.000140539
0.868687,0.079,4.22885e-05
0.868687,0.08,1.18503e-05
0.868687,0.081,3.10163e-06
0.868687,0.082,7.60215e-07
0.868687,0.083,1.74896e-07
0.868687,0.084,3.78459e-08
0.868687,0.085,7.7171e-09
0.868687,0.086,1.48526e-09
0.868687,0.087,2.70213e-10
0.868687,0.088,4.65307e-11
0.868687,0.089,7.59314e-12
0.868687,0.09,1.17548e-12
0.868687,0.091,1.728e-13
0.868687,0.092,2.41421e-14
0.868687,0.093,3.20811e-15
0.868687,0.094,4.05755e-16
0.868687,0.095,4.8875e-17
0.868687,0.096,5.60988e-18
0.868687,0.097,6.1386e-19
0.868687,0.098,6.40642e-20
0.868687,0.099,6.37887e-21
0.868687,0.1,6.06156e-22
0.878788,0.001,9.72851e-23
0.878788,0.002,8.61119e-24
0.878788,0.003,7.28183e-25
0.878788,0.004,5.88337e-26
0.878788,0.005,4.542e-27
0.878788,0.006,3.35038e-28
0.878788,0.007,2.38837e-29
0.878788,0.008,-4.53588e-30
0.878788,0.009,1.33417e-28
0.878788,0.01,-2.76061e-27
0.878788,0.011,5.43519e-26
0.878788,0.012,-1.01649e-24
0.878788,0.013,1.80396e-23
0.878788,0.014,-3.03452e-22
0.878788,0.015,4.83212e-21
0.878788,0.016,-7.27364e-20
0.878788,0.017,1.03334e-18
0.878788,0.018,-1.38304e-17
0.878788,0.019,1.74046e-16
0.878788,0.02,-2.0547e-15
0.878788,0.021,2.26974e-14
0.878788,0.022,-2.33928e-13
0.878788,0.023,2.24188e-12
0.878788,0.024,-1.99013e-11
0.878788,0.025,1.62897e-10
0.878788,0.026,-1.22284e-09
0.878788,0.027,8.36411e-09
0.878788,0.028,-5.17113e-08
0.878788,0.029,2.86064e-07
0.878788,0.03,-1.39726e-06
0.878788,0.031,5.91675e-06
0.878788,0.032,-2.11396e-05
0.878788,0.033,6.09414e-05
0.878788,0.034,-0.000129439
0.878788,0.035,0.000153258
0.878788,0.036,9.53089e-05
0.878788,0.037,-0.000706741
0.878788,0.038,0.000648647
0.878788,0.039,0.00186527
0.878788,0.04,-0.00286778
0.878788,0.041,-0.00620101
0.878788,0.042,0.00761687
0.878788,0.043,0.0318025
0.878788,0.044,0.0275177
0.878788,0.045,-0.0252425
0.878788,0.046,-0.094858
0.878788,0.047,-0.0855916
0.878788,0.048,0.197432
0.878788,0.049,-0.410167
0.878788,0.05,-0.141153
0.878788,0.051,-0.0641513
0.878788,0.052,-0.0174212
0.878788,0.053,-0.0205632
0.878788,0.054,0.0114392
0.878788,0.055,-0.00964528
0.878788,0.056,-0.00690967
0.878788,0.057,0.0235528
0.878788,0.058,-0.00975347
0.878788,0.059,-0.0243508
0.878788,0.06,0.0282326
0.878788,0.061,0.0356491
0.878788,0.062,-0.031296
0.878788,0.063,-0.0609807
0.878788,0.064,0.00762737
0.878788,0.065,0.0892013
0.878788,0.066,0.0988779
0.878788,0.067,-0.0120683
0.878788,0.068,-0.256264
0.878788,0.069,0.411106
0.878788,0.07,0.152729
0.878788,0.071,0.0751363
0.878788,0.072,0.0389978
0.878788,0.073,0.0191545
0.878788,0.074,0.00871483
0.878788,0.075,0.00365096
0.878788,0.076,0.0014079
0.878788,0.077,0.00050082
0.878788,0.078,0.000164849
0.878788,0.079,5.03775e-05
0.878788,0.08,1.43391e-05
0.878788,0.081,3.81256e-06
0.878788,0.082,9.49427e-07
0.878788,0.083,2.21959e-07
0.878788,0.084,4.88154e-08
0.878788,0.085,1.01186e-08
0.878788,0.086,1.98009e-09
0.878788,0.087,3.66354e-10
0.878788,0.088,6.41722e-11
0.878788,0.089,1.06549e-11
0.878788,0.09,1.67871e-12
0.878788,0.091,2.51218e-13
0.878788,0.092,3.57401e-14
0.878788,0.093,4.83762e-15
0.878788,0.094,6.23424e-16
0.878788,0.095,7.65393e-17
0.878788,0.096,8.95729e-18
0.878788,0.097,9.99707e-19
0.878788,0.098,1.06453e-19
0.878788,0.099,1.08192e-20
0.878788,0.1,1.04984e-21
0.888889,0.001,1.70438e-22
0.888889,0.002,1.54116e-23
0.888889,0.003,1.33192e-24
0.888889,0.004,1.10032e-25
0.888889,0.005,8.68976e-27
0.888889,0.006,6.56061e-28
0.888889,0.007,4.77655e-29
0.888889,0.008,-5.95053e-30
0.888889,0.009,1.97195e-28
0.888889,0.01,-4.00646e-27
0.888889,0.011,7.74991e-26
0.888889,0.012,-1.42435e-24
0.888889,0.013,2.48469e-23
0.888889,0.014,-4.10921e-22
0.888889,0.015,6.43453e-21
0.888889,0.016,-9.52628e-20
0.888889,0.017,1.33132e-18
0.888889,0.018,-1.75311e-17
0.888889,0.019,2.17087e-16
0.888889,0.02,-2.52212e-15
0.888889,0.021,2.74211e-14
0.888889,0.022,-2.78174e-13
0.888889,0.023,2.62417e-12
0.888889,0.024,-2.29303e-11
0.888889,0.025,1.84748e-10
0.888889,0.026,-1.365e-09
0.888889,0.027,9.18771e-09
0.888889,0.028,-5.58827e-08
0.888889,0.029,3.03996e-07
0.888889,0.03,-1.45912e-06
0.888889,0.031,6.06472e-06
0.888889,0.032,-2.12261e-05
0.888889,0.033,5.97051e-05
0.888889,0.034,-0.000122502
0.888889,0.035,0.000133703
0.888889,0.036,0.00012016
0.888889,0.037,-0.000681628
0.888889,0.038,0.000516656
0.888889,0.039,0.00189714
0.888889,0.04,-0.00243027
0.888889,0.041,-0.00629416
0.888889,0.042,0.00596733
0.888889,0.043,0.0301971
0.888889,0.044,0.0295488
0.888889,0.045,-0.019445
0.888889,0.046,-0.0891936
0.888889,0.047,-0.0966705
0.888889,0.048,0.163472
0.888889,0.049,-0.448111
0.888889,0.05,-0.153586
0.888889,0.051,-0.0701593
0.888889,0.052,-0.0196715
0.888889,0.053,-0.0218247
0.888889,0.054,0.0106095
0.888889,0.055,-0.00854331
0.888889,0.056,-0.00840592
0.888889,0.057,0.023275
0.888889,0.058,-0.00719303
0.888889,0.059,-0.0258688
0.888889,0.06,0.0250026
0.888889,0.061,0.0379114
0.888889,0.062,-0.026094
0.888889,0.063,-0.0625771
0.888889,0.064,0.000140905
0.888889,0.065,0.0840467
0.888889,0.066,0.102177
0.888889,0.067,0.00336182
0.888889,0.068,-0.229398
0.888889,0.069,0.442529
0.888889,0.07,0.166881
0.888889,0.071,0.0802715
0.888889,0.072,0.0419404
0.888889,0.073,0.0208359
0.888889,0.074,0.00960628
0.888889,0.075,0.00408195
0.888889,0.076,0.00159743
0.888889,0.077,0.000576821
0.888889,0.078,0.000192767
0.888889,0.079,5.98165e-05
0.888889,0.08,1.72901e-05
0.888889,0.081,4.66914e-06
0.888889,0.082,1.1811e-06
0.888889,0.083,2.80524e-07
0.888889,0.084,6.26899e-08
0.888889,0.085,1.32064e-08
0.888889,0.086,2.62701e-09
0.888889,0.087,4.94171e-10
0.888889,0.088,8.80284e-11
0.888889,0.089,1.4867e-11
0.888889,0.09,2.3832e-12
0.888889,0.091,3.62958e-13
0.888889,0.092,5.25656e-14
0.888889,0.093,7.24505e-15
0.888889,0.094,9.51016e-16
0.888889,0.095,1.18965e-16
0.888889,0.096,1.419e-17
0.888889,0.097,1.61473e-18
0.888889,0.098,1.75372e-19
0.888889,0.099,1.81858e-20
0.888889,0.1,1.8012e-21
0.89899,0.001,2.95758e-22
0.89899,0.002,2.73081e-23
0.89899,0.003,2.41093e-24
0.89899,0.004,2.03553e-25
0.89899,0.005,1.64367e-26
0.89899,0.006,1.26945e-27
0.89899,0.007,9.44062e-29
0.89899,0.008,-7.15066e-30
0.89899,0.009,2.89627e-28
0.89899,0.01,-5.77894e-27
0.89899,0.011,1.09858e-25
0.89899,0.012,-1.98473e-24
0.89899,0.013,3.40409e-23
0.89899,0.014,-5.53632e-22
0.89899,0.015,8.52702e-21
0.89899,0.016,-1.24194e-19
0.89899,0.017,1.70775e-18
0.89899,0.018,-2.21301e-17
0.89899,0.019,2.6971e-16
0.89899,0.02,-3.08437e-15
0.89899,0.021,3.30115e-14
0.89899,0.022,-3.29688e-13
0.89899,0.023,3.06199e-12
0.89899,0.024,-2.63421e-11
0.89899,0.025,2.08943e-10
0.89899,0.026,-1.51966e-09
0.89899,0.027,1.00672e-08
0.89899,0.028,-6.02479e-08
0.89899,0.029,3.22324e-07
0.89899,0.03,-1.52041e-06
0.89899,0.031,6.20307e-06
0.89899,0.032,-2.12657e-05
0.89899,0.033,5.83452e-05
0.89899,0.034,-0.000115496
0.89899,0.035,0.000114984
0.89899,0.036,0.0001417
0.89899,0.037,-0.000652532
0.89899,0.038,0.000392171
0.89899,0.039,0.00190631
0.89899,0.04,-0.0020094
0.89899,0.041,-0.00630913
0.89899,0.042,0.00443375
0.89899,0.043,0.0284778
0.89899,0.044,0.0311938
0.89899,0.045,-0.01389
0.89899,0.046,-0.0833122
0.89899,0.047,-0.104776
0.89899,0.048,0.130557
0.89899,0.049,0.514196
0.89899,0.05,-0.167222
0.89899,0.051,-0.0766219
0.89899,0.052,-0.022135
0.89899,0.053,-0.023167
0.89899,0.054,0.0096755
0.89899,0.055,-0.00744408
0.89899,0.056,-0.0098083
0.89899,0.057,0.0228133
0.89899,0.058,-0.00463158
0.89899,0.059,-0.0270692
0.89899,0.06,0.0216268
0.89899,0.061,0.0397478
0.89899,0.062,-0.0207896
0.89899,0.063,-0.063489
0.89899,0.064,-0.00715828
0.89899,0.065,0.078445
0.89899,0.066,0.104548
0.89899,0.067,0.0176289
0.89899,0.068,-0.203403
0.89899,0.069,-0.525903
0.89899,0.07,0.183093
0.89899,0.071,0.0857101
0.89899,0.072,0.0450391
0.89899,0.073,0.0226218
0.89899,0.074,0.0105657
0.89899,0.075,0.00455274
0.89899,0.076,0.00180769
0.89899,0.077,0.000662475
0.89899,0.078,0.000224731
0.89899,0.079,7.07961e-05
0.89899,0.08,2.07774e-05
0.89899,0.081,5.69756e-06
0.89899,0.082,1.4637e-06
0.89899,0.083,3.53113e-07
0.89899,0.084,8.01661e-08
0.89899,0.085,1.71594e-08
0.89899,0.086,3.46884e-09
0.89899,0.087,6.63278e-10
0.89899,0.088,1.20123e-10
0.89899,0.089,2.06308e-11
0.89899,0.09,3.36387e-12
0.89899,0.091,5.21236e-13
0.89899,0.092,7.68231e-14
0.89899,0.093,1.07786e-14
0.89899,0.094,1.44068e-15
0.89899,0.095,1.83563e-16
0.89899,0.096,2.23086e-17
0.89899,0.097,2.58734e-18
0.89899,0.098,2.86503e-19
0.89899,0.099,3.0302e-20
0.89899,0.1,3.06219e-21
0.909091,0.001,5.08491e-22
0.909091,0.002,4.79219e-23
0.909091,0.003,4.32013e-24
0.909091,0.004,3.72602e-25
0.909091,0.005,3.07491e-26
0.909091,0.006,2.42819e-27
0.909091,0.007,1.84446e-28
0.909091,0.008,-7.18626e-30
0.909091,0.009,4.22805e-28
0.909091,0.01,-8.2859e-27
0.909091,0.011,1.54843e-25
0.909091,0.012,-2.75057e-24
0.909091,0.013,4.63955e-23
0.909091,0.014,-7.42227e-22
0.909091,0.015,1.12469e-20
0.909091,0.016,-1.61187e-19
0.909091,0.017,2.18131e-18
0.909091,0.018,-2.78229e-17
0.909091,0.019,3.33806e-16
0.909091,0.02,-3.75828e-15
0.909091,0.021,3.9605e-14
0.909091,0.022,-3.89473e-13
0.909091,0.023,3.5619e-12
0.909091,0.024,-3.01737e-11
0.909091,0.025,2.35661e-10
0.909091,0.026,-1.68748e-09
0.909091,0.027,1.1004e-08
0.909091,0.028,-6.48034e-08
0.909091,0.029,3.41001e-07
0.909091,0.03,-1.58089e-06
0.909091,0.031,6.33112e-06
0.909091,0.032,-2.12583e-05
0.909091,0.033,5.68694e-05
0.909091,0.034,-0.000108455
0.909091,0.035,9.71487e-05
0.909091,0.036,0.000160052
0.909091,0.037,-0.000620084
0.909091,0.038,0.000275707
0.909091,0.039,0.00189487
0.909091,0.04,-0.00160798
0.909091,0.041,-0.00625402
0.909091,0.042,0.0030195
0.909091,0.043,0.026671
0.909091,0.044,0.0324657
0.909091,0.045,-0.00859957
0.909091,0.046,-0.0772748
0.909091,0.047,-0.110135
0.909091,0.048,0.0988496
0.909091,0.049,0.47683
0.909091,0.05,-0.18255
0.909091,0.051,-0.0835739
0.909091,0.052,-0.0248251
0.909091,0.053,-0.0245966
0.909091,0.054,0.00863421
0.909091,0.055,-0.00635725
0.909091,0.056,-0.0111094
0.909091,0.057,0.0221746
0.909091,0.058,-0.0020932
0.909091,0.059,-0.0279481
0.909091,0.06,0.01814
0.909091,0.061,0.0411556
0.909091,0.062,-0.0154429
0.909091,0.063,-0.0637228
0.909091,0.064,-0.0142159
0.909091,0.065,0.0724448
0.909091,0.066,0.106031
0.909091,0.067,0.0307386
0.909091,0.068,-0.178328
0.909091,0.069,-0.494375
0.909091,0.07,0.201474
0.909091,0.071,0.0914671
0.909091,0.072,0.0482997
0.909091,0.073,0.0245158
0.909091,0.074,0.0115962
0.909091,0.075,0.00506581
0.909091,0.076,0.00204035
0.909091,0.077,0.000758743
0.909091,0.078,0.000261222
0.909091,0.079,8.35283e-05
0.909091,0.08,2.48851e-05
0.909091,0.081,6.92803e-06
0.909091,0.082,1.80718e-06
0.909091,0.083,4.42741e-07
0.909091,0.084,1.0209e-07
0.909091,0.085,2.21984e-08
0.909091,0.086,4.55941e-09
0.909091,0.087,8.85951e-10
0.909091,0.088,1.63088e-10
0.909091,0.089,2.84763e-11
0.909091,0.09,4.72152e-12
0.909091,0.091,7.44142e-13
0.909091,0.092,1.11584e-13
0.909091,0.093,1.59322e-14
0.909091,0.094,2.16773e-15
0.909091,0.095,2.81237e-16
0.909091,0.096,3.48129e-17
0.909091,0.097,4.11377e-18
0.909091,0.098,4.64276e-19
0.909091,0.099,5.00642e-20
0.909091,0.1,5.16003e-21
0.919192,0.001,8.66419e-22
0.919192,0.002,8.33107e-23
0.919192,0.003,7.66576e-24
0.919192,0.004,6.75105e-25
0.919192,0.005,5.69127e-26
0.919192,0.006,4.5931e-27
0.919192,0.007,3.56318e-28
0.919192,0.008,-3.92712e-30
0.919192,0.009,6.13617e-28
0.919192,0.01,-1.18114e-26
0.919192,0.011,2.17038e-25
0.919192,0.012,-3.79175e-24
0.919192,0.013,6.2915e-23
0.919192,0.014,-9.9028e-22
0.919192,0.015,1.47664e-20
0.919192,0.016,-2.08287e-19
0.919192,0.017,2.77464e-18
0.919192,0.018,-3.48423e-17
0.919192,0.019,4.1159e-16
0.919192,0.02,-4.5632e-15
0.919192,0.021,4.73559e-14
0.919192,0.022,-4.58638e-13
0.919192,0.023,4.13097e-12
0.919192,0.024,-3.44645e-11
0.919192,0.025,2.65081e-10
0.919192,0.026,-1.86907e-09
0.919192,0.027,1.19991e-08
0.919192,0.028,-6.95445e-08
0.919192,0.029,3.59974e-07
0.919192,0.03,-1.6403e-06
0.919192,0.031,6.44823e-06
0.919192,0.032,-2.12039e-05
0.919192,0.033,5.5286e-05
0.919192,0.034,-0.000101411
0.919192,0.035,8.02389e-05
0.919192,0.036,0.000175351
0.919192,0.037,-0.00058489
0.919192,0.038,0.00016765
0.919192,0.039,0.00186492
0.919192,0.04,-0.00122834
0.919192,0.041,-0.00613682
0.919192,0.042,0.00172634
0.919192,0.043,0.0248019
0.919192,0.044,0.0333806
0.919192,0.045,-0.00359413
0.919192,0.046,-0.0711329
0.919192,0.047,-0.113054
0.919192,0.048,0.0685436
0.919192,0.049,0.439753
0.919192,0.05,-0.200266
0.919192,0.051,-0.0910649
0.919192,0.052,-0.0277558
0.919192,0.053,-0.0261206
0.919192,0.054,0.00748241
0.919192,0.055,-0.00529259
0.919192,0.056,-0.0123028
0.919192,0.057,0.0213667
0.919192,0.058,0.000398993
0.919192,0.059,-0.028505
0.919192,0.06,0.0145773
0.919192,0.061,0.0421357
0.919192,0.062,-0.0101116
0.919192,0.063,-0.0632928
0.919192,0.064,-0.0209791
0.919192,0.065,0.0660952
0.919192,0.066,0.106665
0.919192,0.067,0.042701
0.919192,0.068,-0.154215
0.919192,0.069,-0.46304
0.919192,0.07,0.222039
0.919192,0.071,0.0975614
0.919192,0.072,0.0517277
0.919192,0.073,0.0265213
0.919192,0.074,0.0127007
0.919192,0.075,0.00562366
0.919192,0.076,0.00229717
0.919192,0.077,0.000866652
0.919192,0.078,0.000302764
0.919192,0.079,9.82483e-05
0.919192,0.08,2.97081e-05
0.919192,0.081,8.39529e-06
0.919192,0.082,2.22315e-06
0.919192,0.083,5.52991e-07
0.919192,0.084,1.29483e-07
0.919192,0.085,2.85948e-08
0.919192,0.086,5.96601e-09
0.919192,0.087,1.17781e-09
0.919192,0.088,2.20324e-10
0.919192,0.089,3.91012e-11
0.919192,0.09,6.591e-12
0.919192,0.091,1.0563e-12
0.919192,0.092,1.61103e-13
0.919192,0.093,2.34024e-14
0.919192,0.094,3.24028e-15
0.919192,0.095,4.27925e-16
0.919192,0.096,5.39361e-17
0.919192,0.097,6.49163e-18
0.919192,0.098,7.46452e-19
0.919192,0.099,8.20368e-20
0.919192,0.1,8.62059e-21
0.929293,0.001,1.46348e-21
0.929293,0.002,1.43521e-22
0.929293,0.003,1.34738e-23
0.929293,0.004,1.21113e-24
0.929293,0.005,1.04254e-25
0.929293,0.006,8.59488e-27
0.929293,0.007,6.80816e-28
0.929293,0.008,7.0809e-30
0.929293,0.009,8.85554e-28
0.929293,0.01,-1.67419e-26
0.929293,0.011,3.02572e-25
0.929293,0.012,-5.20011e-24
0.929293,0.013,8.48968e-23
0.929293,0.014,-1.31504e-21
0.929293,0.015,1.93006e-20
0.929293,0.016,-2.68006e-19
0.929293,0.017,3.51508e-18
0.929293,0.018,-4.34649e-17
0.929293,0.019,5.05647e-16
0.929293,0.02,-5.52134e-15
0.929293,0.021,5.64381e-14
0.929293,0.022,-5.38408e-13
0.929293,0.023,4.77689e-12
0.929293,0.024,-3.92563e-11
0.929293,0.025,2.97392e-10
0.929293,0.026,-2.06507e-09
0.929293,0.027,1.30533e-08
0.929293,0.028,-7.44656e-08
0.929293,0.029,3.79188e-07
0.929293,0.03,-1.69839e-06
0.929293,0.031,6.55381e-06
0.929293,0.032,-2.1103e-05
0.929293,0.033,5.36037e-05
0.929293,0.034,-9.43967e-05
0.929293,0.035,6.42877e-05
0.929293,0.036,0.000187744
0.929293,0.037,-0.000547524
0.929293,0.038,6.8268e-05
0.929293,0.039,0.00181855
0.929293,0.04,-0.00087236
0.929293,0.041,-0.00596526
0.929293,0.042,0.000554577
0.929293,0.043,0.0228937
0.929293,0.044,0.033957
0.929293,0.045,0.00110813
0.929293,0.046,-0.0649342
0.929293,0.047,-0.113893
0.929293,0.048,0.0398708
0.929293,0.049,0.402899
0.929293,0.05,-0.221185
0.929293,0.051,-0.0991632
0.929293,0.052,-0.0309421
0.929293,0.053,-0.0277464
0.929293,0.054,0.00621688
0.929293,0.055,-0.00426018
0.929293,0.056,-0.0133832
0.929293,0.057,0.0203989
0.929293,0.058,0.00282311
0.929293,0.059,-0.0287432
0.929293,0.06,0.0109744
0.929293,0.061,0.0426929
0.929293,0.062,-0.00485009
0.929293,0.063,-0.0622211
0.929293,0.064,-0.0273964
0.929293,0.065,0.0594457
0.929293,0.066,0.106492
0.929293,0.067,0.0535303
0.929293,0.068,-0.131106
0.929293,0.069,-0.432019
0.929293,0.07,0.244712
0.929293,0.071,0.10403
0.929293,0.072,0.0553284
0.929293,0.073,0.0286419
0.929293,0.074,0.0138825
0.929293,0.075,0.00622887
0.929293,0.076,0.00257996
0.929293,0.077,0.000987292
0.929293,0.078,0.000349922
0.929293,0.079,0.000115216
0.929293,0.08,3.53533e-05
0.929293,0.081,1.01391e-05
0.929293,0.082,2.72518e-06
0.929293,0.083,6.88112e-07
0.929293,0.084,1.6358e-07
0.929293,0.085,3.66814e-08
0.929293,0.086,7.77244e-09
0.929293,0.087,1.55862e-09
0.929293,0.088,2.96212e-10
0.929293,0.089,5.34187e-11
0.929293,0.09,9.15186e-12
0.929293,0.091,1.49107e-12
0.929293,0.092,2.31243e-13
0.929293,0.093,3.41652e-14
0.929293,0.094,4.8126e-15
0.929293,0.095,6.46776e-16
0.929293,0.096,8.29804e-17
0.929293,0.097,1.01692e-17
0.929293,0.098,1.19098e-18
0.929293,0.099,1.33358e-19
0.929293,0.1,1.42823e-20
0.939394,0.001,2.45117e-21
0.939394,0.002,2.45074e-22
0.939394,0.003,2.3465e-23
0.939394,0.004,2.15198e-24
0.939394,0.005,1.8907e-25
0.939394,0.006,1.59159e-26
0.939394,0.007,1.28698e-27
0.939394,0.008,3.47416e-29
0.939394,0.009,1.27118e-27
0.939394,0.01,-2.35997e-26
0.939394,0.011,4.19595e-25
0.939394,0.012,-7.09574e-24
0.939394,0.013,1.14009e-22
0.939394,0.014,-1.73831e-21
0.939394,0.015,2.51172e-20
0.939394,0.016,-3.43416e-19
0.939394,0.017,4.43554e-18
0.939394,0.018,-5.40177e-17
0.939394,0.019,6.18984e-16
0.939394,0.02,-6.65806e-15
0.939394,0.021,6.70464e-14
0.939394,0.022,-6.30133e-13
0.939394,0.023,5.50793e-12
0.939394,0.024,-4.45926e-11
0.939394,0.025,3.32784e-10
0.939394,0.026,-2.27607e-09
0.939394,0.027,1.41674e-08
0.939394,0.028,-7.95594e-08
0.939394,0.029,3.98584e-07
0.939394,0.03,-1.75491e-06
0.939394,0.031,6.64733e-06
0.939394,0.032,-2.09561e-05
0.939394,0.033,5.18316e-05
0.939394,0.034,-8.74422e-05
0.939394,0.035,4.93204e-05
0.939394,0.036,0.000197388
0.939394,0.037,-0.000508529
0.939394,0.038,-2.22802e-05
0.939394,0.039,0.00175782
0.939394,0.04,-0.000541476
0.939394,0.041,-0.00574682
0.939394,0.042,-0.000496767
0.939394,0.043,0.020968
0.939394,0.044,0.0342158
0.939394,0.045,0.00549139
0.939394,0.046,-0.0587236
0.939394,0.047,-0.113025
0.939394,0.048,0.0130979
0.939394,0.049,0.366229
0.939394,0.05,-0.246007
0.939394,0.051,-0.107953
0.939394,0.052,-0.0344011
0.939394,0.053,-0.0294819
0.939394,0.054,0.00483453
0.939394,0.055,-0.00327015
0.939394,0.056,-0.0143464
0.939394,0.057,0.0192814
0.939394,0.058,0.00515854
0.939394,0.059,-0.0286691
0.939394,0.06,0.00736666
0.939394,0.061,0.0428351
0.939394,0.062,0.000290751
0.939394,0.063,-0.0605368
0.939394,0.064,-0.0334186
0.939394,0.065,0.052546
0.939394,0.066,0.105555
0.939394,0.067,0.0632452
0.939394,0.068,-0.109034
0.939394,0.069,-0.401411
0.939394,0.07,0.26934
0.939394,0.071,0.110945
0.939394,0.072,0.0591076
0.939394,0.073,0.030881
0.939394,0.074,0.0151444
0.939394,0.075,0.00688404
0.939394,0.076,0.00289061
0.939394,0.077,0.00112182
0.939394,0.078,0.00040331
0.939394,0.079,0.000134719
0.939394,0.08,4.19407e-05
0.939394,0.081,1.22051e-05
0.939394,0.082,3.329e-06
0.939394,0.083,8.53121e-07
0.939394,0.084,2.0586e-07
0.939394,0.085,4.68642e-08
0.939394,0.086,1.00827e-08
0.939394,0.087,2.05332e-09
0.939394,0.088,3.96366e-10
0.939394,0.089,7.26188e-11
0.939394,0.09,1.2642e-11
0.939394,0.091,2.09338e-12
0.939394,0.092,3.30035e-13
0.939394,0.093,4.95818e-14
0.939394,0.094,7.10347e-15
0.939394,0.095,9.71201e-16
0.939394,0.096,1.26798e-16
0.939394,0.097,1.58172e-17
0.939394,0.098,1.88616e-18
0.939394,0.099,2.15107e-19
0.939394,0.1,2.34713e-20
0.949495,0.001,4.07183e-21
0.949495,0.002,4.14911e-22
0.949495,0.003,4.05014e-23
0.949495,0.004,3.78821e-24
0.949495,0.005,3.39571e-25
0.949495,0.006,2.91755e-26
0.949495,0.007,2.40763e-27
0.949495,0.008,9.62934e-29
0.949495,0.009,1.81548e-27
0.949495,0.01,-3.30879e-26
0.949495,0.011,5.78892e-25
0.949495,0.012,-9.63492e-24
0.949495,0.013,1.52388e-22
0.949495,0.014,-2.28756e-21
0.949495,0.015,3.25476e-20
0.949495,0.016,-4.3826e-19
0.949495,0.017,5.57542e-18
0.949495,0.018,-6.68865e-17
0.949495,0.019,7.55084e-16
0.949495,0.02,-8.00224e-15
0.949495,0.021,7.93988e-14
0.949495,0.022,-7.35293e-13
0.949495,0.023,6.33297e-12
0.949495,0.024,-5.05194e-11
0.949495,0.025,3.71448e-10
0.949495,0.026,-2.50263e-09
0.949495,0.027,1.53418e-08
0.949495,0.028,-8.48179e-08
0.949495,0.029,4.18099e-07
0.949495,0.03,-1.80963e-06
0.949495,0.031,6.72832e-06
0.949495,0.032,-2.07641e-05
0.949495,0.033,4.99789e-05
0.949495,0.034,-8.05765e-05
0.949495,0.035,3.53549e-05
0.949495,0.036,0.000204449
0.949495,0.037,-0.000468412
0.949495,0.038,-0.000103939
0.949495,0.039,0.00168474
0.949495,0.04,-0.000236734
0.949495,0.041,-0.00548866
0.949495,0.042,-0.00142982
0.949495,0.043,0.0190443
0.949495,0.044,0.0341796
0.949495,0.045,0.00954248
0.949495,0.046,-0.0525434
0.949495,0.047,-0.110809
0.949495,0.048,-0.0114883
0.949495,0.049,0.329767
0.949495,0.05,-0.274985
0.949495,0.051,-0.117523
0.949495,0.052,-0.0381514
0.949495,0.053,-0.0313356
0.949495,0.054,0.00333226
0.949495,0.055,-0.00233281
0.949495,0.056,-0.0151896
0.949495,0.057,0.0180252
0.949495,0.058,0.00738609
0.949495,0.059,-0.0282925
0.949495,0.06,0.00378895
0.949495,0.061,0.0425738
0.949495,0.062,0.00526357
0.949495,0.063,-0.0582762
0.949495,0.064,-0.0389994
0.949495,0.065,0.045446
0.949495,0.066,0.103895
0.949495,0.067,0.0718673
0.949495,0.068,-0.0880291
0.949495,0.069,-0.371299
0.949495,0.07,0.295709
0.949495,0.071,0.118433
0.949495,0.072,0.0630728
0.949495,0.073,0.0332419
0.949495,0.074,0.0164897
0.949495,0.075,0.00759181
0.949495,0.076,0.00323106
0.949495,0.077,0.00127146
0.949495,0.078,0.00046359
0.949495,0.079,0.000157072
0.949495,0.08,4.96046e-05
0.949495,0.081,1.46449e-05
0.949495,0.082,4.05286e-06
0.949495,0.083,1.05392e-06
0.949495,0.084,2.58094e-07
0.949495,0.085,5.96369e-08
0.949495,0.086,1.30252e-08
0.949495,0.087,2.69322e-09
0.949495,0.088,5.27952e-10
0.949495,0.089,9.8245e-11
0.949495,0.09,1.73751e-11
0.949495,0.091,2.92348e-12
0.949495,0.092,4.68431e-13
0.949495,0.093,7.15386e-14
0.949495,0.094,1.04214e-14
0.949495,0.095,1.44914e-15
0.949495,0.096,1.92474e-16
0.949495,0.097,2.44323e-17
0.949495,0.098,2.96559e-18
0.949495,0.099,3.44362e-19
0.949495,0.1,3.82697e-20
0.959596,0.001,6.71023e-21
0.959596,0.002,6.9662e-22
0.959596,0.003,6.93024e-23
0.959596,0.004,6.60847e-24
0.959596,0.005,6.04144e-25
0.959596,0.006,5.29585e-26
0.959596,0.007,4.4587e-27
0.959596,0.008,2.24307e-28
0.959596,0.009,2.58054e-27
0.959596,0.01,-4.61479e-26
0.959596,0.011,7.94669e-25
0.959596,0.012,-1.30202e-23
0.959596,0.013,2.02757e-22
0.959596,0.014,-2.99724e-21
0.959596,0.015,4.20008e-20
0.959596,0.016,-5.57083e-19
0.959596,0.017,6.98183e-18
0.959596,0.018,-8.25241e-17
0.959596,0.019,9.17971e-16
0.959596,0.02,-9.5867e-15
0.959596,0.021,9.37385e-14
0.959596,0.022,-8.55507e-13
0.959596,0.023,7.26154e-12
0.959596,0.024,-5.70847e-11
0.959596,0.025,4.1358e-10
0.959596,0.026,-2.7453e-09
0.959596,0.027,1.65764e-08
0.959596,0.028,-9.02315e-08
0.959596,0.029,4.3767e-07
0.959596,0.03,-1.86229e-06
0.959596,0.031,6.79637e-06
0.959596,0.032,-2.05281e-05
0.959596,0.033,4.80552e-05
0.959596,0.034,-7.38268e-05
0.959596,0.035,2.24019e-05
0.959596,0.036,0.000209099
0.959596,0.037,-0.000427648
0.959596,0.038,-0.000176745
0.959596,0.039,0.00160125
0.959596,0.04,4.12013e-05
0.959596,0.041,-0.00519758
0.959596,0.042,-0.00224768
0.959596,0.043,0.0171407
0.959596,0.044,0.0338721
0.959596,0.045,0.0132511
0.959596,0.046,-0.0464325
0.959596,0.047,-0.107564
0.959596,0.048,-0.0336048
0.959596,0.049,0.293605
0.959596,0.05,-0.307703
0.959596,0.051,-0.127948
0.959596,0.052,-0.0422142
0.959596,0.053,-0.0333166
0.959596,0.054,0.00170684
0.959596,0.055,-0.00145847
0.959596,0.056,-0.0159109
0.959596,0.057,0.0166423
0.959596,0.058,0.00948811
0.959596,0.059,-0.0276262
0.959596,0.06,0.000275493
0.959596,0.061,0.041923
0.959596,0.062,0.0100255
0.959596,0.063,-0.0554812
0.959596,0.064,-0.0440957
0.959596,0.065,0.038196
0.959596,0.066,0.101556
0.959596,0.067,0.079422
0.959596,0.068,-0.0681169
0.959596,0.069,-0.341753
0.959596,0.07,0.323563
0.959596,0.071,0.12668
0.959596,0.072,0.0672345
0.959596,0.073,0.0357282
0.959596,0.074,0.0179211
0.959596,0.075,0.00835483
0.959596,0.076,0.00360333
0.959596,0.077,0.00143749
0.959596,0.078,0.000531475
0.959596,0.079,0.00018262
0.959596,0.08,5.8495e-05
0.959596,0.081,1.75173e-05
0.959596,0.082,4.91778e-06
0.959596,0.083,1.29745e-06
0.959596,0.084,3.22393e-07
0.959596,0.085,7.55977e-08
0.959596,0.086,1.67582e-08
0.959596,0.087,3.51748e-09
0.959596,0.088,7.00075e-10
0.959596,0.089,1.32291e-10
0.959596,0.09,2.37628e-11
0.959596,0.091,4.06171e-12
0.959596,0.092,6.61278e-13
0.959596,0.093,1.02637e-13
0.959596,0.094,1.5199e-14
0.959596,0.095,2.14896e-15
0.959596,0.096,2.90288e-16
0.959596,0.097,3.74864e-17
0.959596,0.098,4.6301e-18
0.959596,0.099,5.47253e-19
0.959596,0.1,6.19226e-20
0.969697,0.001,1.09727e-20
0.969697,0.002,1.16017e-21
0.969697,0.003,1.17588e-22
0.969697,0.004,1.14275e-23
0.969697,0.005,1.06506e-24
0.969697,0.006,9.52159e-26
0.969697,0.007,8.17616e-27
0.969697,0.008,4.79127e-28
0.969697,0.009,3.65191e-27
0.969697,0.01,-6.40339e-26
0.969697,0.011,1.08555e-24
0.969697,0.012,-1.75127e-23
0.969697,0.013,2.68571e-22
0.969697,0.014,-3.91037e-21
0.969697,0.015,5.39796e-20
0.969697,0.016,-7.05383e-19
0.969697,0.017,8.71081e-18
0.969697,0.018,-1.01461e-16
0.969697,0.019,1.11228e-15
0.969697,0.02,-1.14485e-14
0.969697,0.021,1.10336e-13
0.969697,0.022,-9.92542e-13
0.969697,0.023,8.30379e-12
0.969697,0.024,-6.43382e-11
0.969697,0.025,4.59375e-10
0.969697,0.026,-3.00458e-09
0.969697,0.027,1.78713e-08
0.969697,0.028,-9.57896e-08
0.969697,0.029,4.5723e-07
0.969697,0.03,-1.91267e-06
0.969697,0.031,6.85114e-06
0.969697,0.032,-2.02493e-05
0.969697,0.033,4.60703e-05
0.969697,0.034,-6.72185e-05
0.969697,0.035,1.04649e-05
0.969697,0.036,0.000211514
0.969697,0.037,-0.000386671
0.969697,0.038,-0.000240817
0.969697,0.039,0.00150922
0.969697,0.04,0.000292007
0.969697,0.041,-0.00488002
0.969697,0.042,-0.00295432
0.969697,0.043,0.0152729
0.969697,0.044,0.0333183
0.969697,0.045,0.0166102
0.969697,0.046,-0.0404255
0.969697,0.047,-0.103553
0.969697,0.048,-0.0530044
0.969697,0.049,0.257883
0.969697,0.05,-0.343176
0.969697,0.051,-0.139275
0.969697,0.052,-0.0466108
0.969697,0.053,-0.0354347
0.969697,0.054,-4.48227e-05
0.969697,0.055,-0.00065738
0.969697,0.056,-0.0165101
0.969697,0.057,0.0151455
0.969697,0.058,0.0114486
0.969697,0.059,-0.0266857
0.969697,0.06,-0.00314075
0.969697,0.061,0.0409
0.969697,0.062,0.0145376
0.969697,0.063,-0.0521989
0.969697,0.064,-0.0486683
0.969697,0.065,0.0308462
0.969697,0.066,0.098582
0.969697,0.067,0.085937
0.969697,0.068,-0.0493169
0.969697,0.069,-0.312838
0.969697,0.07,0.352624
0.969697,0.071,0.13593
0.969697,0.072,0.0716076
0.969697,0.073,0.0383433
0.969697,0.074,0.0194419
0.969697,0.075,0.00917578
0.969697,0.076,0.00400949
0.969697,0.077,0.00162128
0.969697,0.078,0.000607726
0.969697,0.079,0.000211742
0.969697,0.08,6.87785e-05
0.969697,0.081,2.08888e-05
0.969697,0.082,5.94798e-06
0.969697,0.083,1.5918e-06
0.969697,0.084,4.01266e-07
0.969697,0.085,9.54684e-08
0.969697,0.086,2.14755e-08
0.969697,0.087,4.57487e-09
0.969697,0.088,9.24259e-10
0.969697,0.089,1.77319e-10
0.969697,0.09,3.23429e-11
0.969697,0.091,5.61476e-12
0.969697,0.092,9.28614e-13
0.969697,0.093,1.46446e-13
0.969697,0.094,2.20396e-14
0.969697,0.095,3.16764e-15
0.969697,0.096,4.3507e-16
0.969697,0.097,5.71393e-17
0.969697,0.098,7.17957e-18
0.969697,0.099,8.63496e-19
0.969697,0.1,9.94511e-20
0.979798,0.001,1.78079e-20
0.979798,0.002,1.91705e-21
0.979798,0.003,1.97889e-22
0.979798,0.004,1.95926e-23
0.979798,0.005,1.86099e-24
0.979798,0.006,1.69614e-25
0.979798,0.007,1.48502e-26
0.979798,0.008,9.70729e-28
0.979798,0.009,5.14753e-27
0.979798,0.01,-8.84088e-26
0.979798,0.011,1.47584e-24
0.979798,0.012,-2.34481e-23
0.979798,0.013,3.54199e-22
0.979798,0.014,-5.0805e-21
0.979798,0.015,6.90999e-20
0.979798,0.016,-8.89786e-19
0.979798,0.017,1.08288e-17
0.979798,0.018,-1.24316e-16
0.979798,0.019,1.34332e-15
0.979798,0.02,-1.36296e-14
0.979798,0.021,1.2949e-13
0.979798,0.022,-1.14832e-12
0.979798,0.023,9.47053e-12
0.979798,0.024,-7.23316e-11
0.979798,0.025,5.09027e-10
0.979798,0.026,-3.28091e-09
0.979798,0.027,1.92258e-08
0.979798,0.028,-1.0148e-07
0.979798,0.029,4.76711e-07
0.979798,0.03,-1.96053e-06
0.979798,0.031,6.89235e-06
0.979798,0.032,-1.99293e-05
0.979798,0.033,4.4034e-05
0.979798,0.034,-6.07754e-05
0.979798,0.035,-4.58916e-07
0.979798,0.036,0.000211872
0.979798,0.037,-0.000345882
0.979798,0.038,-0.000296351
0.979798,0.039,0.00141041
0.979798,0.04,0.000515675
0.979798,0.041,-0.00454201
0.979798,0.042,-0.0035544
0.979798,0.043,0.013455
0.979798,0.044,0.0325433
0.979798,0.045,0.0196154
0.979798,0.046,-0.0345533
0.979798,0.047,-0.098982
0.979798,0.048,-0.0695078
0.979798,0.049,0.222762
0.979798,0.05,-0.380242
0.979798,0.051,-0.151539
0.979798,0.052,-0.0513623
0.979798,0.053,-0.0377001
0.979798,0.054,-0.00192624
0.979798,0.055,6.02007e-05
0.979798,0.056,-0.016988
0.979798,0.057,0.0135481
0.979798,0.058,0.0132531
0.979798,0.059,-0.0254893
0.979798,0.06,-0.006428
0.979798,0.061,0.0395241
0.979798,0.062,0.0187654
0.979798,0.063,-0.0484809
0.979798,0.064,-0.0526826
0.979798,0.065,0.0234475
0.979798,0.066,0.0950161
0.979798,0.067,0.0914429
0.979798,0.068,-0.0316436
0.979798,0.069,-0.284616
0.979798,0.07,0.382608
0.979798,0.071,0.14646
0.979798,0.072,0.0762108
0.979798,0.073,0.0410914
0.979798,0.074,0.0210548
0.979798,0.075,0.0100573
0.979798,0.076,0.00445165
0.979798,0.077,0.00182425
0.979798,0.078,0.000693162
0.979798,0.079,0.000244849
0.979798,0.08,8.06401e-05
0.979798,0.081,2.48345e-05
0.979798,0.082,7.17123e-06
0.979798,0.083,1.94643e-06
0.979798,0.084,4.97684e-07
0.979798,0.085,1.20117e-07
0.979798,0.086,2.74141e-08
0.979798,0.087,5.92593e-09
0.979798,0.088,1.21503e-09
0.979798,0.089,2.36612e-10
0.979798,0.09,4.38152e-11
0.979798,0.091,7.72364e-12
0.979798,0.092,1.29735e-12
0.979798,0.093,2.07834e-13
0.979798,0.094,3.17801e-14
0.979798,0.095,4.64191e-15
0.979798,0.096,6.48084e-16
0.979798,0.097,8.65414e-17
0.979798,0.098,1.10589e-17
0.979798,0.099,1.35306e-18
0.979798,0.1,1.58571e-19
0.989899,0.001,2.86894e-20
0.989899,0.002,3.14356e-21
0.989899,0.003,3.30382e-22
0.989899,0.004,3.33142e-23
0.989899,0.005,3.22377e-24
0.989899,0.006,2.99438e-25
0.989899,0.007,2.67221e-26
0.989899,0.008,1.89671e-27
0.989899,0.009,7.23033e-27
0.989899,0.01,-1.21468e-25
0.989899,0.011,1.9971e-24
0.989899,0.012,-3.12554e-23
0.989899,0.013,4.65142e-22
0.989899,0.014,-6.57396e-21
0.989899,0.015,8.81126e-20
0.989899,0.016,-1.11825e-18
0.989899,0.017,1.34144e-17
0.989899,0.018,-1.51808e-16
0.989899,0.019,1.61719e-15
0.989899,0.02,-1.61771e-14
0.989899,0.021,1.51532e-13
0.989899,0.022,-1.32491e-12
0.989899,0.023,1.07732e-11
0.989899,0.024,-8.11181e-11
0.989899,0.025,5.62729e-10
0.989899,0.026,-3.57471e-09
0.989899,0.027,2.06392e-08
0.989899,0.028,-1.07291e-07
0.989899,0.029,4.96041e-07
0.989899,0.03,-2.00566e-06
0.989899,0.031,6.9198e-06
0.989899,0.032,-1.95697e-05
0.989899,0.033,4.1956e-05
0.989899,0.034,-5.45191e-05
0.989899,0.035,-1.03788e-05
0.989899,0.036,0.000210355
0.989899,0.037,-0.00030564
0.989899,0.038,-0.000343606
0.989899,0.039,0.0013065
0.989899,0.04,0.000712484
0.989899,0.041,-0.00418917
0.989899,0.042,-0.00405316
0.989899,0.043,0.0116992
0.989899,0.044,0.0315726
0.989899,0.045,0.0222659
0.989899,0.046,-0.028843
0.989899,0.047,-0.0940012
0.989899,0.048,-0.0830298
0.989899,0.049,0.188399
0.989899,0.05,-0.41793
0.989899,0.051,-0.164798
0.989899,0.052,-0.0564879
0.989899,0.053,-0.0401238
0.989899,0.054,-0.00394088
0.989899,0.055,0.000684023
0.989899,0.056,-0.0173467
0.989899,0.057,0.0118642
0.989899,0.058,0.0148891
0.989899,0.059,-0.0240572
0.989899,0.06,-0.00955629
0.989899,0.061,0.0378175
0.989899,0.062,0.0226789
0.989899,0.063,-0.0443819
0.989899,0.064,-0.0561095
0.989899,0.065,0.0160506
0.989899,0.066,0.0909028
0.989899,0.067,0.0959725
0.989899,0.068,-0.0151064
0.989899,0.069,-0.257143
0.989899,0.07,0.413242
0.989899,0.071,0.158551
0.989899,0.072,0.0810651
0.989899,0.073,0.0439769
0.989899,0.074,0.0227628
0.989899,0.075,0.0110022
0.989899,0.076,0.004932
0.989899,0.077,0.00204787
0.989899,0.078,0.000788652
0.989899,0.079,0.000282389
0.989899,0.08,9.42845e-05
0.989899,0.081,2.94389e-05
0.989899,0.082,8.61929e-06
0.989899,0.083,2.37229e-06
0.989899,0.084,6.15152e-07
0.989899,0.085,1.50586e-07
0.989899,0.086,3.48624e-08
0.989899,0.087,7.64551e-09
0.989899,0.088,1.59063e-09
0.989899,0.089,3.14354e-10
0.989899,0.09,5.90856e-11
0.989899,0.091,1.05738e-11
0.989899,0.092,1.80344e-12
0.989899,0.093,2.93414e-13
0.989899,0.094,4.55755e-14
0.989899,0.095,6.76359e-15
0.989899,0.096,9.59653e-16
0.989899,0.097,1.3026e-16
0.989899,0.098,1.69243e-17
0.989899,0.099,2.10588e-18
0.989899,0.1,2.51061e-19
1,0.001,4.58908e-20
1,0.002,5.11654e-21
1,0.003,5.47326e-22
1,0.004,5.61905e-23
1,0.005,5.53777e-24
1,0.006,5.2403e-25
1,0.007,4.76514e-26
1,0.008,3.60763e-27
1,0.009,1.01261e-26
1,0.01,-1.66094e-25
1,0.011,2.69021e-24
1,0.012,-4.14811e-23
1,0.013,6.08296e-22
1,0.014,-8.47267e-21
1,0.015,1.11931e-19
1,0.016,-1.40029e-18
1,0.017,1.65601e-17
1,0.018,-1.84772e-16
1,0.019,1.94081e-15
1,0.02,-1.91437e-14
1,0.021,1.76826e-13
1,0.022,-1.52456e-12
1,0.023,1.22239e-11
1,0.024,-9.07527e-11
1,0.025,6.20673e-10
1,0.026,-3.88633e-09
1,0.027,2.21103e-08
1,0.028,-1.13207e-07
1,0.029,5.15149e-07
1,0.03,-2.04785e-06
1,0.031,6.93336e-06
1,0.032,-1.91725e-05
1,0.033,3.98461e-05
1,0.034,-4.84691e-05
1,0.035,-1.93098e-05
1,0.036,0.000207143
1,0.037,-0.000266269
1,0.038,-0.000382898
1,0.039,0.00119906
1,0.04,0.000882964
1,0.041,-0.00382668
1,0.042,-0.00445631
1,0.043,0.0100159
1,0.044,0.0304315
1,0.045,0.0245637
1,0.046,-0.023319
1,0.047,-0.08872
1,0.048,-0.0935941
1,0.049,0.154942
1,0.05,0.54438
1,0.051,-0.179198
1,0.052,-0.0620062
1,0.053,-0.0427171
1,0.054,-0.00609237
1,0.055,0.00120401
1,0.056,-0.0175896
1,0.057,0.0101078
1,0.058,0.016346
1,0.059,-0.0224118
1,0.06,-0.0124977
1,0.061,0.0358044
1,0.062,0.026252
1,0.063,-0.039959
1,0.064,-0.0589254
1,0.065,0.00870609
1,0.066,0.0862863
1,0.067,0.0995601
1,0.068,0.000290394
1,0.069,-0.230475
1,0.07,-0.555724
1,0.071,0.172456
1,0.072,0.0861912
1,0.073,0.0470047
1,0.074,0.0245689
1,0.075,0.0120131
1,0.076,0.00545275
1,0.077,0.0022937
1,0.078,0.000895123
1,0.079,0.000324846
1,0.08,0.000109937
1,0.081,3.47966e-05
1,0.082,1.03284e-05
1,0.083,2.88212e-06
1,0.084,7.57796e-07
1,0.085,1.88117e-07
1,0.086,4.41703e-08
1,0.087,9.82577e-09
1,0.088,2.07385e-09
1,0.089,4.15859e-10
1,0.09,7.93227e-11
1,0.091,1.44082e-11
1,0.092,2.49472e-12
1,0.093,4.12124e-13
1,0.094,6.50115e-14
1,0.095,9.80029e-15
1,0.096,1.41277e-15
1,0.097,1.94879e-16
1,0.098,2.57373e-17
1,0.099,3.25605e-18
1,0.1,3.94777e-19
0.13539,-0.215075,7.28965e-20
-0.249478,-0.0101875,8.26767e-21
1.13505e-43,9.11118e-39,8.99911e-22
0,0,9.40344e-23
2.63582e-36,-1.71009e+20,9.43538e-24
4.44464e-41,3.29515e-41,9.09317e-25
-1.72066e+20,2.63582e-36,8.42281e-26
3.29515e-41,4.44464e-41,6.71839e-27
-1.71009e+20,0,1.41496e-26
3.29515e-41,0,-2.26058e-25
-1.71009e+20,0,3.60777e-24
3.29515e-41,0,-5.48185e-23
2.63582e-36,2.63582e-36,7.92277e-22
4.44464e-41,4.44464e-41,-1.08774e-20
-1.69952e+20,-1.71009e+20,1.41661e-19
3.29515e-41,3.29515e-41,-1.74727e-18
0,0,2.03746e-17
0,0,-2.24173e-16
0,0,2.32208e-15
0,0,-2.25886e-14
1.12104e-43,0.00578234,2.05773e-13
0,-0.156127,-1.74971e-12
8.41003e-41,-0.00900726,1.38355e-11
0,0.124881,-1.01291e-10
0.001,-0.0288119,6.83042e-10
0.002,-0.00258044,-4.21605e-09
0.003,0.15085,2.36378e-08
0.004,-0.0118946,-1.19214e-07
0.005,0.119285,5.33963e-07
0.006,-0.112147,-2.0869e-06
0.007,0.0485758,6.93295e-06
0.008,-0.094511,-1.87397e-05
0.009,-0.226524,3.77139e-05
0.01,-0.094608,-4.26431e-05
0.011,0.196769,-2.72721e-05
0.012,0.136196,0.000202415
0.013,0.0508879,-0.000228056
0.014,-0.104299,-0.000414595
0.015,0.18407,0.00108953
0.016,-0.0456586,0.00102787
0.017,0.281179,-0.00345932
0.018,0.0165555,-0.00476989
0.019,0.0476094,0.00841369
0.02,-0.0538193,0.0291446
0.021,-0.0916602,0.0265138
0.022,-0.046876,-0.0180033
0.023,-0.0474672,-0.0832183
0.024,0.12111,-0.101333
0.025,-0.0379674,0.122544
0.026,0.0849123,0.506995
0.027,-0.0756595,-0.195016
0.028,-0.0633805,-0.0679369
0.029,-0.0829171,-0.0454916
0.03,-0.0243455,-0.00838453
0.031,-0.0108003,0.00161016
0.032,-0.13922,-0.0177214
0.033,0.111435,0.00829339
0.034,-0.0366411,0.0176144
0.035,0.0165585,-0.0205769
0.036,-0.135816,-0.0152264
0.037,0.121074,0.0335109
0.038,0.142746,0.0294634
0.039,0.123611,-0.0352707
0.04,-0.11143,-0.0611132
0.041,-0.212412,0.00146484
0.042,-0.00702513,0.0812113
0.043,-0.0261007,0.102242
0.044,0.0629286,0.0145476
0.045,-0.298629,-0.204662
0.046,0.247647,-0.524511
0.047,-0.0592432,0.188367
0.048,0.00405392,0.0916073
0.049,-0.0946249,0.0501803
0.05,-0.0531893,0.026476
0.051,-0.0822083,0.0130926
0.052,0.0542572,0.00601616
0.053,-0.0586091,0.00256334
0.054,-0.102307,0.00101356
0.055,-0.0475191,0.000372744
0.056,0.107118,0.000127847
0.057,-0.0569559,4.10136e-05
0.058,0.0430804,1.23396e-05
0.059,-0.0124904,3.49058e-06
0.06,0.0719226,9.30452e-07
0.061,0.0100882,2.34193e-07
0.062,-0.155132,5.57609e-08
0.063,-0.0118155,1.25799e-08
0.064,0.125638,2.69313e-09
0.065,-0.0299627,5.47849e-10
0.066,-0.00120409,1.06027e-10
0.067,0.149111,1.95437e-11
0.068,-0.0118001,3.43455e-12
0.069,0.115328,5.75982e-13
0.07,-0.110643,9.22546e-14
0.071,0.0484959,1.41234e-14
0.072,-0.0959715,2.06809e-15
0.073,-0.227203,2.89837e-16
0.074,-0.0945964,3.88992e-17
0.075,0.197028,5.00221e-18
0.076,0.134444,6.16626e-19
0.127,-0.00808571,1.15012e-19
0.128,0.125356,1.32655e-20
0.129,-0.0316827,1.4688e-21
0.13,-0.00784914,1.56168e-22
0.131,0.158883,1.5949e-23
0.132,-0.0162844,1.5649e-24
0.133,0.123153,1.4761e-25
0.134,-0.116231,1.22962e-26
0.135,0.0472912,1.97422e-26
0.136,-0.0989901,-3.0627e-25
0.137,-0.232615,4.81729e-24
0.138,-0.0939346,-7.21434e-23
0.139,0.202791,1.02781e-21
0.14,0.13701,-1.39117e-20
0.141,0.0517504,1.78638e-19
0.142,-0.103649,-2.17269e-18
0.143,0.180861,2.49851e-17
0.144,-0.0426836,-2.7112e-16
0.145,0.283401,2.76993e-15
0.146,0.0186583,-2.65774e-14
0.147,0.047603,2.3881e-13
0.148,-0.0561945,-2.00293e-12
0.149,-0.0933275,1.56212e-11
0.15,-0.0479573,-1.12791e-10
0.001,-0.0439817,7.50018e-10
0.002,0.12057,-4.56412e-09
0.003,-0.0348585,2.52199e-08
0.004,0.0867323,-1.25295e-07
0.005,-0.0775388,5.52411e-07
0.006,-0.0667869,-2.12264e-06
0.007,-0.0766939,6.91858e-06
0.008,-0.0271293,-1.82736e-05
0.009,-0.00626762,3.5569e-05
0.01,-0.138101,-3.70566e-05
0.011,0.117268,-3.4291e-05
0.012,-0.0473568,0.000196345
0.013,0.0176543,-0.00019125
0.014,-0.135821,-0.0004391
0.015,0.122652,0.000979242
0.016,0.144826,0.00114815
0.017,0.128266,-0.0030914
0.018,-0.115046,-0.0050002
0.019,-0.219358,0.00689962
0.02,-0.0124348,0.0277359
0.021,-0.0187786,0.028124
0.022,0.0573013,-0.0129159
0.023,-0.300611,-0.0775578
0.024,0.24804,-0.106476
0.025,-0.0569963,0.0913696
0.026,0.00595946,0.470014
0.027,-0.088559,-0.21269
0.028,-0.0503267,-0.0743041
0.029,-0.0782739,-0.0484591
0.03,0.0586138,-0.0108214
0.031,-0.058341,0.00189281
0.032,-0.103992,-0.0177479
0.033,-0.0404764,0.00643575
0.034,0.110195,0.0186871
0.035,-0.0517351,-0.0185776
0.036,0.04392,-0.0177196
0.037,-0.0358756,0.0309651
0.038,0.0835536,0.0322959
0.039,-0.00854607,-0.0303761
0.04,-0.159718,-0.0626625
0.041,0.00266089,-0.00562292
0.042,0.121625,0.0757225
0.043,-0.0293106,0.104055
0.044,-0.016496,0.0276706
0.045,0.168985,-0.179754
0.046,-0.0194672,-0.493305
0.047,0.140246,0.206398
0.048,-0.124113,0.0973296
0.049,0.0472238,0.0535089
0.05,-0.0936684,0.0284873
0.051,-0.23179,0.0142435
0.052,-0.0932733,0.00662451
0.053,0.203146,0.00285846
0.054,0.143054,0.001145
0.055,0.0539297,0.000426648
0.056,-0.0994406,0.000148286
0.057,0.170399,4.82081e-05
0.058,-0.0504648,1.46997e-05
0.059,0.292505,4.21457e-06
0.06,0.0291039,1.13878e-06
0.061,0.0467792,2.9057e-07
0.062,-0.0606625,7.01437e-08
0.063,-0.0926508,1.60461e-08
0.064,-0.0481058,3.48374e-09
0.065,-0.0423275,7.18795e-10
0.066,0.132255,1.41118e-10
0.067,-0.0401595,2.63915e-11
0.068,0.090565,4.70645e-12
0.069,-0.0671939,8.01079e-13
0.07,-0.0808043,1.3025e-13
0.071,-0.0624569,2.0246e-14
0.072,-0.0322002,3.01069e-15
0.073,0.0011825,4.28586e-16
0.074,-0.143537,5.844e-17
0.075,0.127526,7.63687e-18
0.076,-0.0639125,9.56892e-19
0.127,-0.0885391,1.80264e-19
0.128,-0.0445675,2.11388e-20
0.129,-0.0483423,2.38024e-21
0.13,0.138595,2.57436e-22
0.131,-0.0506883,2.67514e-23
0.132,0.0861368,2.67155e-24
0.133,-0.0576369,2.5654e-25
0.134,-0.0809593,2.21751e-26
0.135,-0.0688828,2.75291e-26
0.136,-0.0285633,-4.13095e-25
0.137,-0.00396105,6.40504e-24
0.138,-0.150081,-9.45583e-23
0.139,0.12012,1.32818e-21
0.14,-0.0496816,-1.77263e-20
0.141,0.0231997,2.24467e-19
0.142,-0.122979,-2.69254e-18
0.143,0.113937,3.05399e-17
0.144,0.129027,-3.26889e-16
0.145,0.133962,3.29447e-15
0.146,-0.103766,-3.11834e-14
0.147,-0.208945,2.76415e-13
0.148,-0.0170191,-2.28702e-12
0.149,-0.024879,1.75951e-11
0.15,0.0494585,-1.2531e-10
0.001,-0.300551,8.21773e-10
0.002,0.257619,-4.93069e-09
0.003,-0.0435953,2.68544e-08
0.004,-0.00272249,-1.31433e-07
0.005,-0.0911487,5.7042e-07
0.006,-0.0710293,-2.15489e-06
0.007,-0.0578198,6.89032e-06
0.008,0.0581125,-1.77764e-05
0.009,-0.0396698,3.34206e-05
0.01,-0.104881,-3.1723e-05
0.011,-0.0504606,-4.0396e-05
0.012,0.10307,0.000189107
0.013,-0.0551844,-0.000156067
0.014,0.0579954,-0.000456852
0.015,0.0217336,0.000869414
0.016,0.0682339,0.00124491
0.017,-0.00340091,-0.00272683
0.018,-0.161959,-0.00515369
0.019,-0.0124967,0.00547909
0.02,0.115984,0.0262286
0.021,-0.0175369,0.0294049
0.022,0.0151482,-0.00807512
0.023,0.113194,-0.0717905
0.024,0.00524759,-0.109323
0.025,0.105917,0.0616168
0.026,-0.0946358,0.43343
0.027,0.0556034,-0.232789
0.028,-0.061816,-0.0811387
0.029,-0.190448,-0.0516319
0.03,-0.0954677,-0.0134072
0.031,0.159704,0.00204229
0.032,0.128843,-0.0176765
0.033,0.0457562,0.00454938
0.034,-0.101824,0.0195588
0.035,0.193908,-0.0164399
0.036,-0.0668504,-0.0199569
0.037,0.271205,0.0281962
0.038,0.0106683,0.0347364
0.039,0.0366646,-0.025334
0.04,-0.0434514,-0.06357
0.041,-0.0803235,-0.0125074
0.042,-0.037356,0.0698647
0.043,-0.0650429,0.105038
0.044,0.121156,0.0396695
0.045,-0.0598699,-0.155794
0.046,0.0700742,-0.462261
0.047,-0.0590553,0.226573
0.048,-0.0581995,0.103379
0.049,-0.108785,0.0569959
0.05,-0.00793108,0.0306057
0.051,-0.026661,0.0154684
0.052,-0.149449,0.00728012
0.053,0.0808537,0.00318079
0.054,0.00586102,0.00129053
0.055,0.0150349,0.000487166
0.056,-0.129629,0.000171552
0.057,0.105443,5.65116e-05
0.058,0.127109,1.74614e-05
0.059,0.101386,5.07351e-06
0.06,-0.0872938,1.38936e-06
0.061,-0.176328,3.59329e-07
0.062,0.0211858,8.79309e-08
0.063,-0.0507691,2.03932e-08
0.064,0.0917298,4.48932e-09
0.065,-0.291109,9.39329e-10
0.066,0.240623,1.87041e-10
0.067,-0.069833,3.54837e-11
0.068,-0.0122629,6.42006e-12
0.069,-0.102109,1.10886e-12
0.07,-0.0709916,1.82984e-13
0.071,-0.0734359,2.8873e-14
0.072,0.0594447,4.35932e-15
0.073,-0.04265,6.30204e-16
0.074,-0.106801,8.72843e-17
0.075,-0.0617103,1.15883e-17
0.076,0.0990954,1.47552e-18
0.127,-0.0569108,2.80722e-19
0.128,0.134199,3.34601e-20
0.129,-0.285857,3.83048e-21
0.13,0.211609,4.21307e-22
0.131,-0.107803,4.4534e-23
0.132,-0.00888466,4.52525e-24
0.133,-0.113392,4.4225e-25
0.134,-0.0436703,3.94785e-26
0.135,-0.115967,3.84039e-26
0.136,0.0476212,-5.54746e-25
0.137,-0.0749203,8.48079e-24
0.138,-0.100926,-1.23445e-22
0.139,-0.0625837,1.70981e-21
0.14,0.103384,-2.25048e-20
0.141,-0.070854,2.81075e-19
0.142,0.0156201,-3.32572e-18
0.143,0.0203695,3.72117e-17
0.144,0.0429998,-3.92943e-16
0.145,0.07606,3.9071e-15
0.146,-0.131788,-3.64875e-14
0.147,-0.051651,3.1911e-13
0.148,0.145054,-2.60494e-12
0.149,-0.0439455,1.97717e-11
0.15,0.0263539,-1.38907e-10
0.001,0.127283,8.98471e-10
0.002,-0.00942236,-5.31583e-09
0.003,0.0580703,2.85388e-08
0.004,-0.0927833,-1.37611e-07
0.005,0.0467944,5.87918e-07
0.006,-0.130113,-2.1835e-06
0.007,-0.248016,6.84832e-06
0.008,-0.0965401,-1.72506e-05
0.009,0.212064,3.12776e-05
0.01,0.113287,-2.66534e-05
0.011,0.0422533,-4.56208e-05
0.012,-0.118372,0.000180867
0.013,0.218321,-0.000122685
0.014,-0.00692892,-0.000468315
0.015,0.241966,0.000761134
0.016,-0.0171975,0.00131942
0.017,0.0509651,-0.00236908
0.018,-0.039358,-0.00523688
0.019,-0.0969452,0.00415607
0.02,-0.0503409,0.0246448
0.021,-0.049223,0.0303691
0.022,0.0712734,-0.00349747
0.023,-0.00950511,-0.0659627
0.024,0.0764563,-0.110215
0.025,-0.118845,0.0335148
0.026,-0.0164376,0.39721
0.027,-0.124273,-0.255884
0.028,-0.0078544,-0.0884778
0.029,-0.031168,-0.0550229
0.03,-0.111939,-0.0161465
0.031,0.0809209,0.00204933
0.032,0.00588218,-0.017515
0.033,-0.00222423,0.00264859
0.034,-0.168054,0.0202258
0.035,0.13625,-0.0141903
0.036,0.17701,-0.0219213
0.037,0.090987,0.0252351
0.038,-0.128198,0.0367757
0.039,-0.213383,-0.0202021
0.04,0.0256334,-0.0638394
0.041,-0.0303495,-0.0191396
0.042,0.107369,0.0636832
0.043,-0.292351,0.105229
0.044,0.215443,0.0505586
0.045,-0.105262,-0.132822
0.046,0.0172361,-0.431504
0.047,-0.0883878,0.248829
0.048,-0.0154839,0.109794
0.049,-0.124838,0.0606465
0.05,0.0819825,0.0328343
0.051,-0.0833515,0.01677
0.052,-0.116175,0.00798534
0.053,-0.0298235,0.00353211
0.054,0.12092,0.00145132
0.055,-0.048161,0.000554949
0.056,-0.0241533,0.00019797
0.057,-0.0887854,6.60699e-05
0.058,0.0853846,2.06841e-05
0.059,0.026718,6.08959e-06
0.06,-0.135457,1.68987e-06
0.061,-0.000724047,4.42923e-07
0.062,0.139099,1.09855e-07
0.063,-0.0543159,2.5826e-08
0.064,-0.0408259,5.76364e-09
0.065,0.225013,1.22275e-09
0.066,-0.0552891,2.469e-10
0.067,0.162961,4.75055e-11
0.068,-0.165938,8.71873e-12
0.069,0.0371238,1.52778e-12
0.07,-0.139235,2.55827e-13
0.071,-0.293532,4.09684e-14
0.072,-0.086885,6.27892e-15
0.073,0.258666,9.21598e-16
0.074,0.140003,1.29623e-16
0.075,0.0512771,1.748e-17
0.076,-0.086766,2.26121e-18
0.127,-0.0128303,4.34426e-19
0.128,-0.084532,5.26182e-20
0.129,0.243035,6.1226e-21
0.13,-0.0783982,6.84641e-22
0.131,0.311644,7.35952e-23
0.132,-0.230262,7.60697e-24
0.133,0.055457,7.56392e-25
0.134,-0.00914703,6.94783e-26
0.135,-0.219697,5.36595e-26
0.136,-0.0858675,-7.41779e-25
0.137,0.187395,1.11837e-23
0.138,0.170235,-1.60531e-22
0.139,0.042083,2.19291e-21
0.14,-0.0140567,-2.84699e-20
0.141,0.0546188,3.50763e-19
0.142,-0.159404,-4.09445e-18
0.143,0.310095,4.52005e-17
0.144,0.175992,-4.70948e-16
0.145,-0.0280419,4.62059e-15
0.146,-0.0838641,-4.25794e-14
0.147,-0.0556145,3.67459e-13
0.148,-0.040482,-2.95985e-12
0.149,-0.0634939,2.21663e-11
0.15,0.21119,-1.53639e-10
0.001,-0.126904,9.80265e-10
0.002,0.124194,-5.71955e-09
0.003,0.0979901,3.02704e-08
0.004,-0.288762,-1.43809e-07
0.005,0.103107,6.04834e-07
0.006,-0.0356938,-2.20834e-06
0.007,0.103163,6.7928e-06
0.008,-0.206126,-1.66988e-05
0.009,0.179361,2.91486e-05
0.01,-0.259479,-2.18572e-05
0.011,0.00721079,-5.00023e-05
0.012,-0.0337632,0.000171784
0.013,0.0579618,-9.12531e-05
0.014,0.106322,-0.000473971
0.015,0.247441,0.000655368
0.016,-0.149467,0.00137303
0.017,-0.232369,-0.0020212
0.018,-0.0903058,-0.0052563
0.019,0.16361,0.00293315
0.02,-0.0544455,0.0230051
0.021,-0.356522,0.0310319
0.022,0.224108,0.000802581
0.023,0.00615458,-0.0601171
0.024,-0.00616241,-0.109504
0.025,0.029211,0.00732189
0.026,-0.124757,0.361341
0.027,0.0367913,-0.282327
0.028,0.0831234,-0.0963606
0.029,-0.0237545,-0.0586458
0.03,-0.0718421,-0.019044
0.031,-0.0381126,0.00190461
0.032,0.0719266,-0.0172729
0.033,-0.0336763,0.000747561
0.034,0.132184,0.0206859
0.035,-0.134301,-0.0118558
0.036,0.104713,-0.0235988
0.037,-0.264111,0.0221134
0.038,-0.210844,0.0384088
0.039,0.136578,-0.0150363
0.04,0.0328032,-0.063482
0.041,0.0227642,-0.0254718
0.042,-0.148294,0.0572231
0.043,0.213447,0.10467
0.044,-0.104532,0.0603557
0.045,0.311161,-0.110872
0.046,-0.13819,-0.401136
0.047,0.0631694,0.273024
0.048,0.0574739,0.116648
0.049,-0.118475,0.0644665
0.05,-0.12934,0.0351762
0.051,0.127758,0.018151
0.052,0.199423,0.00874252
0.053,0.0579198,0.00391423
0.054,-0.0659114,0.00162858
0.055,0.133241,0.000630692
0.056,-0.161092,0.000227895
0.057,0.372317,7.70446e-05
0.058,0.106757,2.44346e-05
0.059,0.00817019,7.28819e-06
0.06,-0.0558298,2.04918e-06
0.061,-0.073129,5.44237e-07
0.062,-0.0218423,1.3679e-07
0.063,-0.0254177,3.25923e-08
0.064,0.226857,7.37276e-09
0.065,-0.139787,1.58563e-09
0.066,0.0764163,3.2462e-10
0.067,0.0915431,6.33358e-11
0.068,-0.221607,1.1789e-11
0.069,0.0966077,2.09544e-12
0.07,-0.0629481,3.55977e-13
0.071,0.112866,5.78446e-14
0.072,-0.274475,8.99741e-15
0.073,0.221582,1.34053e-15
0.074,-0.201297,1.91427e-16
0.075,0.0841634,2.62145e-17
0.076,-0.0598938,3.44439e-18
0.127,-0.103055,6.68182e-19
0.128,0.189629,8.22201e-20
0.129,-0.245485,9.72171e-21
0.13,-0.0488055,1.10494e-21
0.131,0.135962,1.20755e-22
0.132,-0.108574,1.26928e-23
0.133,-0.112521,1.28375e-24
0.134,0.0266645,1.21e-25
0.135,0.00880927,7.51877e-26
0.136,-0.348705,-9.87696e-25
0.137,0.0358687,1.46896e-23
0.138,0.114521,-2.07965e-22
0.139,0.128477,2.80227e-21
0.14,-0.0528641,-3.58907e-20
0.141,-0.027087,4.36272e-19
0.142,-0.108119,-5.02486e-18
0.143,-0.0530588,5.47377e-17
0.144,0.234077,-5.62805e-16
0.145,0.0977034,5.44931e-15
0.146,0.0683606,-4.95578e-14
0.147,-0.311664,4.22075e-13
0.148,0.0893659,-3.35509e-12
0.149,-0.168535,2.47945e-11
0.15,0.28482,-1.69568e-10
0.001,0.0504398,1.0673e-09
0.002,-0.302182,-6.14178e-09
0.003,0.151447,3.2046e-08
0.004,-0.339901,-1.50009e-07
0.005,0.268403,6.21098e-07
0.006,0.0575984,-2.22929e-06
0.007,0.0936891,6.72401e-06
0.008,0.0789624,-1.61236e-05
0.009,-0.130575,2.70419e-05
0.01,-0.134607,-1.73416e-05
0.011,-0.0494191,-5.35805e-05
0.012,0.414694,0.000162014
0.013,0.370166,-6.18861e-05
0.014,-0.0208211,-0.000474313
0.015,-0.356341,0.000552969
0.016,-0.331356,0.00140719
0.017,0.0732492,-0.00168585
0.018,-0.111287,-0.00521842
0.019,0.123335,0.00181169
0.02,-0.00438335,0.0213292
0.021,-0.190756,0.0314101
0.022,0.0651972,0.00481268
0.023,0.0684936,-0.0542928
0.024,0.148394,-0.107524
0.025,0.139166,-0.0166899
0.026,0.408641,0.32586
0.027,0.349353,-0.312019
0.028,-0.154912,-0.104819
0.029,-0.306702,-0.0625153
0.03,0.107066,-0.0221047
0.031,0.0481429,0.00159919
0.032,-0.113185,-0.0169602
0.033,0.299545,-0.00114006
0.034,-0.315434,0.020939
0.035,0.302613,-0.00946307
0.036,-0.0811055,-0.0249789
0.037,-0.0925276,0.018864
0.038,0.0896334,0.0396338
0.039,0.00396981,-0.00989044
0.04,0.106848,-0.0625159
0.041,-0.179408,-0.0314577
0.042,0.140357,0.0505301
0.043,-0.314536,0.103399
0.044,-0.143696,0.0690825
0.045,0.14724,-0.0899749
0.046,-0.0300445,-0.371244
0.047,-0.273765,0.298958
0.048,0.108956,0.124062
0.049,-0.0660618,0.0684633
0.05,-0.376592,0.0376344
0.051,-0.1339,0.0196139
0.052,0.332542,0.00955404
0.053,0.186809,0.00432905
0.054,-0.0454864,0.00182357
0.055,-0.0704851,0.000715139
0.056,-0.197433,0.00026171
0.057,-0.212115,8.96136e-05
0.058,0.37485,2.8788e-05
0.059,0.259784,8.69815e-06
0.06,0.215716,2.47754e-06
0.061,-0.451236,6.66651e-07
0.062,0.204419,1.69776e-07
0.063,-0.106307,4.09915e-08
0.064,0.264015,9.39754e-09
0.065,-0.0163455,2.04854e-09
0.066,-0.385448,4.25143e-10
0.067,0.178586,8.40982e-11
0.068,-0.355493,1.58729e-11
0.069,0.276853,2.8613e-12
0.07,0.0246753,4.93047e-13
0.071,0.073341,8.128e-14
0.072,0.142485,1.28283e-14
0.073,-0.142597,1.93972e-15
0.074,-0.188119,2.81164e-16
0.075,-0.0521179,3.90913e-17
0.076,0.484837,5.21584e-18
0.127,-0.077901,1.02159e-18
0.128,0.298977,1.27679e-19
0.129,-0.00499105,1.53372e-20
0.13,-0.410251,1.77134e-21
0.131,0.186433,1.96758e-22
0.132,-0.361074,2.10261e-23
0.133,0.280228,2.16251e-24
0.134,0.00992882,2.08699e-25
0.135,0.0675505,1.0579e-25
0.136,0.16335,-1.3097e-24
0.137,-0.147065,1.92195e-23
0.138,-0.206576,-2.68413e-22
0.139,-0.0532256,3.56822e-21
0.14,0.508481,-4.50915e-20
0.141,0.421901,5.40858e-19
0.142,-0.0297978,-6.14748e-18
0.143,-0.369543,6.60901e-17
0.144,-0.368659,-6.70669e-16
0.145,0.0664107,6.40926e-15
0.146,-0.149517,-5.7531e-14
0.147,0.114532,4.83616e-13
0.148,-0.0159752,-3.79422e-12
0.149,-0.191875,2.76724e-11
0.15,0.0761764,-1.86749e-10
0.001,0.0139214,1.1597e-09
0.002,0.198375,-6.58234e-09
0.003,0.141628,3.38621e-08
0.004,0.419834,-1.5619e-07
0.005,0.388176,6.36642e-07
0.006,-0.16431,-2.24624e-06
0.007,-0.326075,6.64231e-06
0.008,0.11394,-1.55277e-05
0.009,0.0829399,2.49653e-05
0.01,-0.160756,-1.31116e-05
0.011,0.321321,-5.63981e-05
0.012,-0.298328,0.000151703
0.013,0.33775,-3.46704e-05
0.014,-0.14117,-0.00046984
0.015,-0.0697938,0.000454667
0.016,0.0984965,0.00142342
0.017,-0.0195541,-0.00136529
0.018,0.126689,-0.00512957
0.019,-0.170203,0.000791918
0.02,0.113922,0.019635
0.021,-0.296822,0.031522
0.022,-0.175089,0.00852279
0.023,0.0862145,-0.0485253
0.024,0.0463988,-0.104567
0.025,-0.319416,-0.0382576
0.026,0.103041,0.290846
0.027,-0.0804912,-0.34437
0.028,-0.373804,-0.113877
0.029,-0.14315,-0.0666459
0.03,0.388564,-0.0253341
0.031,0.256561,0.0011245
0.032,-0.0715599,-0.0165882
0.033,-0.0410311,-0.00300133
0.034,-0.226371,0.0209866
0.035,-0.272268,-0.00703871
0.036,0.436609,-0.0260547
0.037,0.27208,0.01552
0.038,0.218008,0.0404527
0.039,-0.533887,-0.00481522
0.04,0.190418,-0.060966
0.041,-0.0669848,-0.0370531
0.042,0.312311,0.0436499
0.043,0.000287622,0.101458
0.044,-0.418517,0.0767635
0.045,0.189913,-0.0701541
0.046,-0.364016,-0.3419
0.047,0.282078,0.326386
0.048,0.000368692,0.132217
0.049,0.0643118,0.0726474
0.05,0.17609,0.040212
0.051,-0.14969,0.0211613
0.052,-0.217726,0.0104223
0.053,-0.0531449,0.00477848
0.054,0.523891,0.00203761
0.055,0.430356,0.000809079
0.056,-0.0299939,0.000299832
0.057,-0.370945,0.000103973
0.058,-0.374484,3.38279e-05
0.059,0.065078,1.03523e-05
0.06,-0.155285,2.98678e-06
0.061,0.113602,8.14121e-07
0.062,-0.0157552,2.10046e-07
0.063,-0.192116,5.13833e-08
0.064,0.0797524,1.19366e-08
0.065,0.00390346,2.63695e-09
0.066,0.206582,5.54674e-10
0.067,0.141813,1.11223e-10
0.068,0.420327,2.12828e-11
0.069,0.393229,3.89015e-12
0.07,-0.165797,6.79816e-13
0.071,-0.327867,1.13673e-13
0.072,0.115856,1.82007e-14
0.073,0.0893414,2.79243e-15
0.074,-0.170118,4.10779e-16
0.075,0.324564,5.7972e-17
0.076,-0.295018,7.85304e-18
0.127,-0.190505,1.55282e-18
0.128,0.078973,1.97074e-19
0.129,0.000383347,2.40442e-20
0.13,0.20891,2.82113e-21
0.131,0.141701,3.18427e-22
0.132,0.42134,3.45859e-23
0.133,0.394924,3.61624e-24
0.134,-0.165719,3.56725e-25
0.135,-0.32919,1.49663e-25
0.136,0.114747,-1.7296e-24
0.137,0.0912694,2.50508e-23
0.138,-0.172077,-3.45168e-22
0.139,0.324643,4.52766e-21
0.14,-0.293711,-5.64618e-20
0.141,0.346257,6.68374e-19
0.142,-0.15498,-7.49795e-18
0.143,-0.0656769,7.95644e-17
0.144,0.0993655,-7.96981e-16
0.145,-0.0249713,7.5183e-15
0.146,0.131943,-6.6618e-14
0.147,-0.168292,5.52794e-13
0.148,0.106076,-4.28095e-12
0.149,-0.292274,3.08168e-11
0.15,-0.182805,-2.05241e-10
0.001,0.0707185,1.25758e-09
0.002,0.0637113,-7.04097e-09
0.003,-0.329707,3.57148e-08
0.004,0.101526,-1.62331e-07
0.005,-0.0838676,6.51401e-07
0.006,-0.371866,-2.25912e-06
0.007,-0.145797,6.54809e-06
0.008,0.399491,-1.49139e-05
0.009,0.273042,2.29263e-05
0.01,-0.0773489,-9.17061e-06
0.011,-0.0341752,-5.84996e-05
0.012,-0.231706,0.000140988
0.013,-0.284578,-9.66443e-06
0.014,0.449843,-0.000461054
0.015,0.27231,0.000361085
0.016,0.217921,0.00142328
0.017,-0.549592,-0.0010614
0.018,0.187999,-0.00499595
0.019,-0.0595145,-0.00012696
0.02,0.322788,0.0179392
0.021,0.00366174,0.0313873
0.022,-0.425043,0.0119253
0.023,0.193836,-0.042846
0.024,-0.365389,-0.100875
0.025,0.282324,-0.0571565
0.026,-0.000299249,0.256407
0.027,0.0622697,-0.378508
0.028,0.180947,-0.123559
0.029,-0.150522,-0.0710522
0.03,-0.222408,-0.0287378
0.031,-0.0537748,0.000472069
0.032,0.526572,-0.0161687
0.033,0.431862,-0.00482398
0.034,-0.0318878,0.0208313
0.035,-0.372921,-0.00460869
0.036,-0.375938,-0.0268224
0.037,0.0655832,0.0121151
0.038,-0.157992,0.0408709
0.039,0.111985,0.000141621
0.04,-0.0183833,-0.0588637
0.041,-0.19111,-0.0422164
0.042,0.0774548,0.0366286
0.043,0.00230849,0.0988879
0.044,0.207761,0.083426
0.045,0.142459,-0.0514295
0.046,0.421668,-0.313172
0.047,0.39544,0.355039
0.048,-0.167243,0.141348
0.049,-0.329086,0.077033
0.05,0.115965,0.0429123
0.051,0.0905533,0.0227959
0.052,-0.171655,0.0113496
0.053,0.32538,0.00526449
0.054,-0.294522,0.00227209
0.055,0.345216,0.000913352
0.056,-0.15352,0.000342708
0.057,-0.0653587,0.000120338
0.058,0.100566,3.96479e-05
0.059,-0.0246429,1.22876e-05
0.06,0.131267,3.59046e-06
0.061,-0.168215,9.91255e-07
0.062,0.107727,2.59058e-07
0.063,-0.292736,6.41995e-08
0.064,-0.181113,1.511e-08
0.065,0.0733011,3.38227e-09
0.066,0.0617436,7.20973e-10
0.067,-0.327965,1.46523e-10
0.068,0.101207,2.84207e-11
0.069,-0.0827471,5.26656e-12
0.07,-0.37316,9.33198e-13
0.071,-0.144435,1.58245e-13
0.072,0.398982,2.56995e-14
0.073,0.271007,3.99997e-15
0.074,-0.0776358,5.97037e-16
0.075,-0.0339632,8.55085e-17
0.076,-0.231549,1.17574e-17
0.127,-0.290791,2.34689e-18
0.128,-0.181684,3.02389e-19
0.129,0.068168,3.74633e-20
0.13,0.0690543,4.46448e-21
0.131,-0.332618,5.11928e-22
0.132,0.100157,5.65003e-23
0.133,-0.0867789,6.00424e-24
0.134,-0.371578,6.0458e-25
0.135,-0.14542,2.13152e-25
0.136,0.405667,-2.27492e-24
0.137,0.274969,3.25299e-23
0.138,-0.0789687,-4.42288e-22
0.139,-0.0311914,5.72545e-21
0.14,-0.232431,-7.0468e-20
0.141,-0.286596,8.23368e-19
0.142,0.451552,-9.11772e-18
0.143,0.273931,9.55118e-17
0.144,0.215996,-9.44497e-16
0.145,-0.556653,8.79627e-15
0.146,0.18594,-7.69486e-14
0.147,-0.0566513,6.3037e-13
0.148,0.327638,-4.81921e-12
0.149,0.00574085,3.42444e-11
0.15,-0.425005,-2.25101e-10
0.001,0.195243,1.36104e-09
0.002,-0.366088,-7.51733e-09
0.003,0.28221,3.76001e-08
0.004,-0.00333895,-1.68413e-07
0.005,0.0597374,6.65312e-07
0.006,0.188291,-2.26786e-06
0.007,-0.151574,6.44181e-06
0.008,-0.228325,-1.42849e-05
0.009,-0.0526069,2.09316e-05
0.01,0.535178,-5.52002e-06
0.011,0.438667,-5.99311e-05
0.012,-0.030636,0.000129999
0.013,-0.368732,1.30993e-05
0.014,-0.3803,-0.000448449
0.015,0.0619977,0.000272734
0.016,-0.161095,0.00140833
0.017,0.110372,-0.000775723
0.018,-0.0178868,-0.00482352
0.019,-0.190656,-0.00094663
0.02,0.0820807,0.0162569
0.021,-0.00491393,0.0310263
0.022,0.212965,0.015015
0.023,0.141272,-0.037283
0.024,0.420895,-0.0966358
0.025,0.396294,-0.0732276
0.026,-0.165423,0.22266
0.027,-0.329545,-0.413594
0.028,0.11517,-0.133925
0.029,0.0943166,-0.075748
0.03,-0.176479,-0.032322
0.031,0.325626,-0.000366449
0.032,-0.291849,-0.0157143
0.033,0.349601,-0.00659668
0.034,-0.160112,0.0204779
0.035,-0.0630661,-0.00219804
0.036,0.0989124,-0.0272822
0.037,-0.026762,0.00868285
0.038,0.133509,0.0408969
0.039,-0.168365,0.00493586
0.04,0.10434,-0.0562459
0.041,-0.29034,-0.0469092
0.042,-0.184999,0.0295125
0.043,0.0645298,0.0957298
0.044,0.0710376,0.0890998
0.045,-0.334421,-0.0338154
0.046,0.100858,-0.285122
0.047,-0.0869991,0.38464
0.048,-0.370129,0.151722
0.049,-0.147289,0.0816381
0.05,0.404837,0.045739
0.051,0.278449,0.0245202
0.052,-0.0788331,0.0123385
0.053,-0.0317473,0.00578906
0.054,-0.23294,0.00252843
0.055,-0.287811,0.00102884
0.056,0.453784,0.000390825
0.057,0.271647,0.000138945
0.058,0.217541,4.63517e-05
0.059,-0.555609,1.4546e-05
0.06,0.188797,4.30415e-06
0.061,-0.0575266,1.20341e-06
0.062,0.327466,3.1853e-07
0.063,0.00492257,7.99559e-08
0.064,-0.425818,1.90631e-08
0.065,0.19645,4.32308e-09
0.066,-0.365197,9.33711e-10
0.067,0.281212,1.92293e-10
0.068,0.00352465,3.78017e-11
0.069,0.0605135,7.10045e-12
0.07,0.182409,1.27549e-12
0.071,-0.150251,2.19305e-13
0.072,-0.223594,3.61181e-14
0.073,-0.053611,5.70181e-15
0.074,0.525066,8.63354e-16
0.075,0.432592,1.25461e-16
0.076,-0.0326543,1.75067e-17
0.127,0.00295812,3.52732e-18
0.128,-0.425948,4.61309e-19
0.129,0.193422,5.80221e-20
0.13,-0.365971,7.02122e-21
0.131,0.283237,8.1771e-22
0.132,-0.00227001,9.1683e-23
0.133,0.0633432,9.90007e-24
0.134,0.179798,1.01641e-24
0.135,-0.150795,3.05937e-25
0.136,-0.221875,-2.98025e-24
0.137,-0.0546322,4.2088e-23
0.138,0.52594,-5.64754e-22
0.139,0.429704,7.21586e-21
0.14,-0.0327574,-8.76666e-20
0.141,-0.37683,1.01119e-18
0.142,-0.3746,-1.10549e-17
0.143,0.0679443,1.14334e-16
0.144,-0.157614,-1.11632e-15
0.145,0.113171,1.02652e-14
0.146,-0.0181036,-8.86644e-14
0.147,-0.191764,7.17161e-13
0.148,0.0755241,-5.41311e-12
0.149,0.00387191,3.79728e-11
0.15,0.206972,-2.46383e-10
0.001,0.143494,1.47016e-09
0.002,0.422183,-8.01096e-09
0.003,0.396573,3.95135e-08
0.004,-0.169412,-1.74413e-07
0.005,-0.329147,6.78315e-07
0.006,0.117628,-2.27242e-06
0.007,0.0901941,6.32398e-06
0.008,-0.171917,-1.36434e-05
0.009,0.326605,1.89878e-05
0.01,-0.295225,-2.15947e-06
0.011,0.344413,-6.074e-05
0.012,-0.152583,0.000118858
0.013,-0.0646801,3.36121e-05
0.014,0.102244,-0.000432513
0.015,-0.0245938,0.000190023
0.016,0.130766,0.00138016
0.017,-0.167923,-0.000509449
0.018,0.109261,-0.00461802
0.019,-0.293009,-0.00166956
0.02,-0.179458,0.0146016
0.021,0.0756089,0.0304602
0.022,0.0603499,0.0177893
0.023,-0.326326,-0.0318607
0.024,0.100675,-0.0919897
0.025,-0.0814274,-0.0864005
0.026,-0.374739,0.189718
0.027,-0.14277,0.550971
0.028,0.399012,-0.145125
0.029,0.269478,-0.0807484
0.03,-0.0784856,-0.0360931
0.031,-0.0331646,-0.00139898
0.032,-0.231683,-0.0152385
0.033,-0.284501,-0.00830889
0.034,0.448092,0.019932
0.035,0.27587,0.000169158
0.036,0.216114,-0.0274375
0.037,-0.550615,0.00525677
0.038,0.182514,0.040542
0.039,-0.0575,0.00952697
0.04,0.322074,-0.0531548
0.041,0.00472357,-0.0510963
0.042,-0.425978,0.0223479
0.043,0.192119,0.092025
0.044,-0.367357,0.0938164
0.045,0.284721,-0.017321
0.046,-0.0122455,-0.257808
0.047,0.0621254,-0.585079
0.048,0.188891,0.163615
0.049,-0.152756,0.0864829
0.05,-0.229344,0.0486963
0.051,-0.0531672,0.0263367
0.052,0.540885,0.0133912
0.053,0.43882,0.00635424
0.054,-0.0299809,0.00280812
0.055,-0.374188,0.00115649
0.056,-0.380076,0.0004447
0.057,0.0646781,0.00016005
0.058,-0.16112,5.40548e-05
0.059,0.11373,1.71748e-05
0.06,-0.0139853,5.14562e-06
0.061,-0.19316,1.45679e-06
0.062,0.0839075,3.90482e-07
0.063,-0.00701283,9.92674e-08
0.064,0.215463,2.39715e-08
0.065,0.142399,5.50667e-09
0.066,0.420587,1.2049e-09
0.067,0.39893,2.51418e-10
0.068,-0.168499,5.00837e-11
0.069,-0.329268,9.53412e-12
0.07,0.119246,1.73598e-12
0.071,0.0965107,3.02588e-13
0.072,-0.181414,5.05282e-14
0.073,0.328789,8.08904e-15
0.074,-0.291579,1.24229e-15
0.075,0.351487,1.83133e-16
0.076,-0.163077,2.5928e-17
0.127,-0.0114357,5.27272e-18
0.128,0.217715,6.99785e-19
0.129,0.139918,8.93377e-20
0.13,0.419126,1.09752e-20
0.131,0.396003,1.29792e-21
0.132,-0.163445,1.47803e-22
0.133,-0.328986,1.62133e-23
0.134,0.114954,1.69567e-24
0.135,0.097555,4.42884e-25
0.136,-0.181109,-3.88876e-24
0.137,0.325987,5.42601e-23
0.138,-0.289311,-7.18661e-22
0.139,0.353535,9.06441e-21
0.14,-0.165991,-1.0872e-19
0.141,-0.0595961,1.23813e-18
0.142,0.0969877,-1.3365e-17
0.143,-0.0284541,1.36489e-16
0.144,0.134953,-1.31593e-15
0.145,-0.16919,1.19493e-14
0.146,0.102753,-1.01919e-13
0.147,-0.287902,8.14036e-13
0.148,-0.187479,-6.06694e-12
0.149,0.0565936,4.20194e-11
0.15,0.0802131,-2.6914e-10
0.001,-0.340811,1.58499e-09
0.002,0.100316,-8.52132e-09
0.003,-0.0925275,4.14502e-08
0.004,-0.36659,-1.8031e-07
0.005,-0.149919,6.90353e-07
0.006,0.411541,-2.27278e-06
0.007,0.284043,6.19515e-06
0.008,-0.0795083,-1.29924e-05
0.009,-0.0296377,1.71006e-05
0.01,-0.23333,9.13043e-07
0.011,-0.289803,-6.09744e-05
0.012,0.457275,0.000107675
0.013,0.269312,5.18872e-05
0.014,0.217215,-0.00041372
0.015,-0.561571,0.000113264
0.016,0.192829,0.00134033
0.017,-0.0567703,-0.000263459
0.018,0.333032,-0.00438492
0.019,0.00593892,-0.00229889
0.02,-0.424837,0.0129855
0.021,0.195467,0.0297102
0.022,-0.363163,0.0202478
0.023,0.27907,-0.0266013
0.024,0.00939447,-0.0870386
0.025,0.0596872,-0.0967048
0.026,0.180525,0.157695
0.027,-0.149021,0.515515
0.028,-0.220969,-0.157452
0.029,-0.0520424,-0.0860725
0.03,0.522044,-0.0400574
0.031,0.434154,-0.00263327
0.032,-0.030714,-0.0147551
0.033,-0.362766,-0.00995135
0.034,-0.377347,0.019201
0.035,0.060153,0.0024699
0.036,-0.157654,-0.027295
0.037,0.108235,0.00186956
0.038,-0.0208861,0.0398203
0.039,-0.188595,0.0138785
0.04,0.0792291,-0.0496367
0.041,0.00218124,-0.0547473
0.042,0.206471,0.0151815
0.043,0.140038,0.0878152
0.044,0.420714,0.0976094
0.045,0.391112,-0.00195032
0.046,-0.161592,-0.231286
0.047,-0.328711,-0.554367
0.048,0.110596,0.177275
0.049,0.0889888,0.0915877
0.05,-0.167099,0.0517887
0.051,0.32105,0.0282481
0.052,-0.293875,0.0145102
0.053,0.344495,0.00696207
0.054,-0.151972,0.0031127
0.055,-0.0701603,0.00129728
0.056,0.096367,0.000504891
0.057,-0.0233241,0.000183935
0.058,0.131627,6.28848e-05
0.059,-0.168514,2.02268e-05
0.06,0.103794,6.13514e-06
0.061,-0.293584,1.75857e-06
0.062,-0.18453,4.77282e-07
0.063,0.0718814,1.22865e-07
0.064,0.0591634,3.00471e-08
0.065,-0.328172,6.9908e-09
0.066,0.103392,1.54941e-09
0.067,-0.0829779,3.27523e-10
0.068,-0.370296,6.61035e-11
0.069,-0.147676,1.27511e-11
0.07,0.393504,2.35296e-12
0.071,0.27107,4.15703e-13
0.072,-0.074339,7.03711e-14
0.073,-0.0382406,1.14223e-14
0.074,-0.230116,1.77889e-15
0.075,-0.280863,2.65973e-16
0.076,0.447334,3.81996e-17
0.127,0.0892617,7.83998e-18
0.128,0.0411655,1.0557e-18
0.129,-0.314313,1.36769e-19
0.13,0.103383,1.70541e-20
0.131,-0.0720588,2.04748e-21
0.132,-0.37798,2.36756e-22
0.133,-0.140368,2.6377e-23
0.134,0.381777,2.80805e-24
0.135,0.257936,6.46934e-25
0.136,-0.0743693,-5.05414e-24
0.137,-0.0407475,6.97079e-23
0.138,-0.228244,-9.11441e-22
0.139,-0.276543,1.13499e-20
0.14,0.439509,-1.34414e-19
0.141,0.274768,1.51152e-18
0.142,0.218574,-1.61123e-17
0.143,-0.531244,1.62498e-16
0.144,0.183579,-1.54724e-15
0.145,-0.0642966,1.38755e-14
0.146,0.307799,-1.1688e-13
0.147,0.000257939,9.21923e-13
0.148,-0.425026,-6.78517e-12
0.149,0.197478,4.6402e-11
0.15,-0.368528,-2.93422e-10
0.001,0.284828,1.70559e-09
0.002,-0.00404857,-9.04776e-09
0.003,0.0634517,4.34052e-08
0.004,0.180208,-1.86084e-07
0.005,-0.151925,7.01374e-07
0.006,-0.223981,-2.26892e-06
0.007,-0.0580394,6.05592e-06
0.008,0.522461,-1.23344e-05
0.009,0.423362,1.52753e-05
0.01,-0.0382377,3.7011e-06
0.011,-0.388485,-6.06827e-05
0.012,-0.371191,9.65528e-05
0.013,0.0747536,6.79575e-05
0.014,-0.158876,-0.000392526
0.015,0.113272,4.26775e-05
0.016,-0.0221478,0.00129038
0.017,-0.191354,-3.83399e-05
0.018,0.0650458,-0.0041294
0.019,0.0088057,-0.00283835
0.02,0.203676,0.011419
0.021,0.14706,0.0287976
0.022,0.425129,0.022393
0.023,0.400584,-0.0215249
0.024,-0.176599,-0.0818583
0.025,-0.330376,-0.10427
0.026,0.120917,0.126721
0.027,0.0887514,0.480157
0.028,-0.171223,-0.17139
0.029,0.329729,-0.0917486
0.03,-0.297069,-0.0442224
0.031,0.341172,-0.00407678
0.032,-0.149504,-0.0142782
0.033,-0.0663549,-0.011516
0.034,0.107923,0.0182933
0.035,-0.024547,0.00468266
0.036,0.130248,-0.0268646
0.037,-0.165193,-0.0014466
0.038,0.109505,0.0387486
0.039,-0.294375,0.0179578
0.04,-0.176979,-0.0457414
0.041,0.0829378,-0.0578362
0.042,0.0535329,0.00805986
0.043,-0.319065,0.0831418
0.044,0.0998382,0.100514
0.045,-0.0731241,0.0122975
0.046,-0.380647,-0.205608
0.047,-0.137128,-0.523444
0.048,0.394413,0.192896
0.049,0.266152,0.0969708
0.05,-0.0820678,0.0550214
0.051,-0.0313058,0.0302569
0.052,-0.232628,0.0156978
0.053,-0.287254,0.00761464
0.054,0.447732,0.00344375
0.055,0.281831,0.00145225
0.056,0.214134,0.000571996
0.057,-0.550339,0.000210904
0.058,0.171569,7.29825e-05
0.059,-0.0531756,2.37616e-05
0.06,0.318486,7.29573e-06
0.061,0.0058484,2.11704e-06
0.062,-0.431375,5.81697e-07
0.063,0.197418,1.51613e-07
0.064,-0.372557,3.7544e-08
0.065,0.289149,8.84576e-09
0.066,-0.0265228,1.9856e-09
0.067,0.0610513,4.25138e-10
0.068,0.200843,8.69221e-11
0.069,-0.156384,1.69874e-11
0.07,-0.242002,3.1763e-12
0.071,-0.0557998,5.687e-13
0.072,0.553971,9.75773e-14
0.073,0.441598,1.60558e-14
0.074,-0.0343778,2.53522e-15
0.075,-0.388082,3.84384e-16
0.076,-0.382496,5.59918e-17
0.127,0.185199,1.15968e-17
0.128,-0.370494,1.58406e-18
0.129,0.286914,2.08214e-19
0.13,-0.0377639,2.63467e-20
0.131,0.0599283,3.21053e-21
0.132,0.211354,3.76884e-22
0.133,-0.158663,4.26354e-23
0.134,-0.24844,4.61723e-24
0.135,-0.0494504,9.53615e-25
0.136,0.577782,-6.54266e-24
0.137,0.462097,8.92469e-23
0.138,-0.0226722,-1.15213e-21
0.139,-0.364527,1.41668e-20
0.14,-0.392494,-1.65678e-19
0.141,0.0546924,1.83994e-18
0.142,-0.16942,-1.93705e-17
0.143,0.114538,1.92949e-16
0.144,-0.00140206,-1.81459e-15
0.145,-0.196916,1.60731e-14
0.146,0.105866,-1.33728e-13
0.147,-0.0373587,1.0418e-12
0.148,0.237362,-7.57242e-12
0.149,0.138701,5.11383e-11
0.15,0.414105,-3.19278e-10
0.001,0.401526,1.83195e-09
0.002,-0.166599,-9.58955e-09
0.003,-0.325974,4.53733e-08
0.004,0.123309,-1.91711e-07
0.005,0.112516,7.11328e-07
0.006,-0.207219,-2.26087e-06
0.007,0.334591,5.90695e-06
0.008,-0.280505,-1.16723e-05
0.009,0.369514,1.35169e-05
0.01,-0.192048,6.20975e-06
0.011,-0.0395188,-5.99133e-05
0.012,0.0971554,8.5584e-05
0.013,-0.0373916,8.18736e-05
0.014,0.14053,-0.000369372
0.015,-0.172476,-2.16006e-05
0.016,0.100536,0.00123179
0.017,-0.276723,0.000165594
0.018,-0.191593,-0.00385632
0.019,0.0287995,-0.00329211
0.02,0.118799,0.00991132
0.021,-0.364528,0.0277436
0.022,0.0945931,0.0242292
0.023,-0.112219,-0.0166498
0.024,-0.357521,-0.076509
0.025,-0.154226,-0.109314
0.026,0.445099,0.0969455
0.027,0.305596,0.444898
0.028,-0.0884129,-0.187633
0.029,-0.0140679,-0.0978194
0.03,-0.236002,-0.0485959
0.031,-0.303308,-0.00573689
0.032,0.473962,-0.0138226
0.033,0.268653,-0.012996
0.034,0.209165,0.0172184
0.035,-0.59722,0.00678754
0.036,0.194113,-0.0261595
0.037,-0.0443718,-0.00466067
0.038,0.360418,0.0373461
0.039,0.0157662,0.0217365
0.04,-0.424983,-0.0415211
0.041,0.152431,-0.0603425
0.042,-0.358399,0.00102961
0.043,0.267361,0.0780466
0.044,-0.033446,0.102565
0.045,0.0534688,0.0254282
0.046,0.203724,-0.180823
0.047,-0.161199,-0.492498
0.048,-0.231014,0.210597
0.049,-0.0468494,0.10265
0.05,0.576263,0.0583994
0.051,0.472186,0.0323659
0.052,-0.0113126,0.0169563
0.053,-0.303665,0.00831405
0.054,-0.389219,0.00380289
0.055,0.0212165,0.00162249
0.056,-0.152867,0.000646648
0.057,0.107537,0.000241289
0.058,0.0172857,8.45031e-05
0.059,-0.197636,2.78454e-05
0.06,0.131546,8.6535e-06
0.061,-0.0635724,2.54169e-06
0.062,0.247991,7.06953e-07
0.063,0.12476,1.86537e-07
0.064,0.383416,4.67668e-08
0.065,0.365646,1.11569e-08
0.066,-0.146972,2.53602e-09
0.067,-0.302888,5.49914e-10
0.068,0.110125,1.1388e-10
0.069,0.113063,2.2545e-11
0.07,-0.210113,4.27077e-12
0.071,0.333585,7.74799e-13
0.072,-0.257226,1.34722e-13
0.073,0.370668,2.24681e-14
0.074,-0.209264,3.59638e-15
0.075,-0.0256344,5.52841e-16
0.076,0.0786313,8.16612e-17
0.127,0.106572,1.70668e-17
0.128,0.3035,2.36436e-18
0.129,0.276556,3.15252e-19
0.13,-0.129844,4.04724e-20
0.131,-0.242389,5.00471e-21
0.132,0.0817125,5.96302e-22
0.133,0.0949756,6.84812e-23
0.134,-0.202817,7.54009e-24
0.135,0.352394,1.41803e-24
0.136,-0.195128,-8.43558e-24
0.137,0.335116,1.13879e-22
0.138,-0.225002,-1.45169e-21
0.139,-0.00666518,1.76281e-20
0.14,0.0635111,-2.03608e-19
0.141,-0.0456661,2.23335e-18
0.142,0.112477,-2.32243e-17
0.143,-0.15713,2.28512e-16
0.144,0.0442976,-2.12286e-15
0.145,-0.215319,1.85746e-14
0.146,-0.19292,-1.52656e-13
0.147,-0.063157,1.17472e-12
0.148,0.189173,-8.43349e-12
0.149,-0.398957,5.62464e-11
0.15,0.10158,-3.46752e-10
0.001,-0.162864,1.96408e-09
0.002,-0.276965,-1.01458e-08
0.003,-0.161591,4.7349e-08
0.004,0.456696,-1.97173e-07
0.005,0.253494,7.20171e-07
0.006,-0.118571,-2.24867e-06
0.007,0.00257639,5.7489e-06
0.008,-0.142529,-1.10086e-05
0.009,-0.270667,1.18294e-05
0.01,0.409144,8.44537e-06
0.011,0.188682,-5.87143e-05
0.012,0.220188,7.48519e-05
0.013,-0.54914,9.37017e-05
0.014,0.309346,-0.000344673
0.015,-0.0855989,-7.95122e-05
0.016,0.334145,0.00116601
0.017,-0.0377338,0.000348276
0.018,-0.353938,-0.00357024
0.019,0.0302594,-0.00366475
0.02,-0.260675,0.0084701
0.021,0.126133,0.0265687
0.022,0.0458173,0.0257634
0.023,0.0185851,-0.0119926
0.024,0.0794206,-0.0710417
0.025,-0.150375,-0.11212
0.026,-0.0861681,0.0685543
0.027,-0.0810362,0.409695
0.028,0.345533,-0.207012
0.029,0.406983,-0.104345
0.03,-0.044603,-0.0531877
0.031,-0.0481055,-0.00762069
0.032,-0.28585,-0.0134033
0.033,-0.087851,-0.0143858
0.034,-0.0237037,0.0159867
0.035,0.0402822,0.00876594
0.036,0.0707949,-0.0251951
0.037,-0.184699,-0.00774312
0.038,0.111321,0.035634
0.039,-0.109948,0.02519
0.04,0.172364,-0.0370302
0.041,0.0986402,-0.0622514
0.042,0.219183,-0.00586295
0.043,0.163117,0.0725714
0.044,-0.109461,0.103801
0.045,-0.175278,0.0374517
0.046,0.0440294,-0.156975
0.047,0.0486231,-0.461687
0.048,-0.151447,0.23041
0.049,0.341579,0.108646
0.05,-0.158513,0.0619277
0.051,0.25087,0.0345777
0.052,-0.174684,0.0182881
0.053,-0.0305999,0.00906241
0.054,0.0510531,0.00419179
0.055,-0.0336069,0.00180914
0.056,0.0770104,0.000729524
0.057,-0.150821,0.000275446
0.058,0.0139014,9.76171e-05
0.059,-0.185218,3.25522e-05
0.06,-0.15358,1.0238e-05
0.061,-0.0611444,3.04344e-06
0.062,0.134627,8.568e-07
0.063,-0.374396,2.28839e-07
0.064,0.117265,5.80788e-08
0.065,-0.15417,1.40273e-08
0.066,-0.234228,3.22836e-09
0.067,-0.162867,7.08866e-10
0.068,0.394123,1.48664e-10
0.069,0.138054,2.98092e-11
0.07,-0.130572,5.7201e-12
0.071,-0.00195957,1.05133e-12
0.072,-0.0472865,1.85225e-13
0.073,-0.21039,3.13043e-14
0.074,0.27624,5.07859e-15
0.075,0.132665,7.91382e-16
0.076,0.245579,1.18517e-16
0.127,-0.283536,2.49924e-17
0.128,0.122351,3.51088e-18
0.129,-0.112793,4.74767e-19
0.13,-0.212233,6.18276e-20
0.131,-0.148838,7.75684e-21
0.132,0.257227,9.3786e-22
0.133,0.0139209,1.09318e-22
0.134,-0.0927077,1.22317e-23
0.135,-0.0170164,2.12571e-24
0.136,0.0313271,-1.08317e-23
0.137,-0.0742384,1.44832e-22
0.138,0.0904106,-1.82333e-21
0.139,0.0645854,2.18685e-20
0.14,0.231395,-2.49493e-19
0.141,-0.163708,2.70334e-18
0.142,0.311273,-2.77705e-17
0.143,-0.243531,2.69938e-16
0.144,0.142545,-2.47742e-15
0.145,-0.174161,2.14153e-14
0.146,-0.143329,-1.73874e-13
0.147,-0.0670002,1.32177e-12
0.148,-0.116929,-9.37331e-12
0.149,-0.00396801,6.17438e-11
0.15,0.0980296,-3.75885e-10
0.001,0.00479351,2.10195e-09
0.002,-0.105698,-1.07157e-08
0.003,-0.0623437,4.93265e-08
0.004,0.0795198,-2.02447e-07
0.005,-0.0513536,7.27864e-07
0.006,0.0667882,-2.23235e-06
0.007,0.136808,5.58251e-06
0.008,0.0395744,-1.03458e-05
0.009,-0.00731832,1.02165e-05
0.01,-0.174266,1.04156e-05
0.011,-0.0347326,-5.71331e-05
0.012,0.0866208,6.44302e-05
0.013,0.000154316,0.000103522
0.014,0.0549286,-0.000318823
0.015,0.010027,-0.00013107
0.016,0.0397884,0.00109442
0.017,0.0647599,0.000509863
0.018,-0.0524443,-0.00327535
0.019,0.0751314,-0.00396112
0.02,0.0359783,0.00710168
0.021,-0.0905529,0.025293
0.022,-0.0924476,0.0270046
0.023,0.0508445,-0.00756858
0.024,0.0919481,-0.0655022
0.025,0.0242768,-0.113013
0.026,-0.084056,0.0417636
0.027,0.215169,0.37452
0.028,-0.125581,-0.230314
0.029,0.228378,-0.111403
0.03,-0.00166694,-0.0580096
0.031,-0.0204039,-0.00973523
0.032,-0.0138308,-0.0130354
0.033,-0.0430384,-0.0156815
0.034,-0.00464422,0.0146098
0.035,-0.115245,0.0106012
0.036,0.0969066,-0.0239897
0.037,-0.123931,-0.010666
0.038,0.0171001,0.0336359
0.039,-0.00913499,0.0282981
0.04,-0.0614522,-0.0323235
0.041,-0.176959,-0.0635543
0.042,0.0488918,-0.0125718
0.043,-0.0591632,0.0667582
0.044,-0.177108,0.104259
0.045,-0.0176343,0.0483822
0.046,0.102944,-0.134103
0.047,0.00809455,-0.431139
0.048,-0.108837,0.252283
0.049,0.0495085,0.115
0.05,0.0885074,0.0656116
0.051,0.0363718,0.0368951
0.052,-0.0213654,0.0196956
0.053,-0.0773288,0.00986185
0.054,0.111683,0.00461217
0.055,-0.0801003,0.00201337
0.056,0.184922,0.000821344
0.057,-0.277664,0.000313762
0.058,0.191966,0.000112511
0.059,-0.116917,3.79645e-05
0.06,-0.0627656,1.20825e-05
0.061,-0.0798571,3.63476e-06
0.062,-0.0851046,1.03558e-06
0.063,-0.0428838,2.79938e-07
0.064,0.0730231,7.19131e-08
0.065,-0.0292206,1.75817e-08
0.066,-0.0999714,4.09643e-09
0.067,-0.0553675,9.10687e-10
0.068,0.0919778,1.93393e-10
0.069,-0.0547991,3.92701e-11
0.07,0.0612478,7.63214e-12
0.071,0.0593912,1.42092e-12
0.072,0.0568749,2.53615e-13
0.073,-0.000942481,4.34294e-14
0.074,-0.167463,7.13988e-15
0.075,-0.0217975,1.12763e-15
0.076,0.105226,1.71184e-16
0.127,-0.0624983,3.64209e-17
0.128,0.0623853,5.18711e-18
0.129,-0.0451022,7.11265e-19
0.13,-0.099367,9.39399e-20
0.131,-0.0513397,1.1955e-20
0.132,0.0990636,1.46649e-21
0.133,-0.0559576,1.73458e-22
0.134,0.0548969,1.9715e-23
0.135,0.0208852,3.20926e-24
0.136,0.0653894,-1.38501e-23
0.137,0.00288731,1.83603e-22
0.138,-0.162655,-2.28302e-21
0.139,-0.0155532,2.70482e-20
0.14,0.114931,-3.04847e-19
0.141,-0.0232086,3.26326e-18
0.142,0.00855124,-3.31196e-17
0.143,0.11949,3.18075e-16
0.144,-0.000250943,-2.88426e-15
0.145,0.104894,2.46338e-14
0.146,-0.0960767,-1.97607e-13
0.147,0.0543256,1.4841e-12
0.148,-0.0653428,-1.0397e-11
0.149,-0.19527,6.76483e-11
0.15,-0.094145,-4.06714e-10
0.001,0.163745,2.2455e-09
0.002,0.126276,-1.1298e-08
0.003,0.0460695,5.13e-08
0.004,-0.101514,-2.07512e-07
0.005,0.19286,7.34371e-07
0.006,-0.0620315,-2.21201e-06
0.007,0.27158,5.40849e-06
0.008,0.00921874,-9.6866e-06
0.009,0.0335618,8.68121e-06
0.01,-0.0450379,1.21291e-05
0.011,-0.0819447,-5.52159e-05
0.012,-0.0367985,5.43839e-05
0.013,-0.0609486,0.000111425
0.014,0.1145,-0.000292188
0.015,-0.05607,-0.000176351
0.016,0.0676104,0.0010183
0.017,-0.0640549,0.000650715
0.018,-0.0592301,-0.00297555
0.019,-0.106177,-0.0041863
0.02,-0.00861122,0.00581111
0.021,-0.0221898,0.0239357
0.022,-0.14781,0.0279638
0.023,0.0834664,-0.00339102
0.024,-0.00298086,-0.059933
0.025,0.0176392,-0.112327
0.026,-0.131118,0.0168153
0.027,0.105705,0.339396
0.028,0.129257,-0.257967
0.029,0.101503,-0.11907
0.03,-0.0874746,-0.0630764
0.031,-0.182381,-0.0120875
0.032,0.0196024,-0.0127341
0.033,-0.0430113,-0.0168804
0.034,0.0910608,0.0131
0.035,-0.292296,0.0122782
0.036,0.237885,-0.0225637
0.037,-0.0706593,-0.0134035
0.038,-0.0133302,0.0313765
0.039,-0.0901703,0.0310442
0.04,-0.0604399,-0.0274563
0.041,-0.0724335,-0.064249
0.042,0.0579187,-0.0190514
0.043,-0.0524881,0.0606489
0.044,-0.100453,0.103977
0.045,-0.0488107,0.0582374
0.046,0.10336,-0.112242
0.047,-0.0561365,-0.40096
0.048,0.0498236,0.276088
0.049,0.000924371,0.121783
0.05,0.0700024,0.0694569
0.051,0.00466361,0.0393208
0.052,-0.159532,0.0211809
0.053,-0.0121066,0.0107145
0.054,0.120083,0.00506577
0.055,-0.0267417,0.00223643
0.056,0.0016177,0.000922867
0.057,0.137307,0.000356653
0.058,-0.0070444,0.00012939
0.059,0.11266,4.41734e-05
0.06,-0.104706,1.42246e-05
0.061,0.0510441,4.3299e-06
0.062,-0.081552,1.24834e-06
0.063,-0.212613,3.41492e-07
0.064,-0.0943105,8.87834e-08
0.065,0.182107,2.19698e-08
0.066,0.131657,5.18145e-09
0.067,0.0489515,1.16611e-09
0.068,-0.103235,2.50713e-10
0.069,0.188089,5.15487e-11
0.07,-0.0525747,1.01454e-11
0.071,0.277343,1.91299e-12
0.072,0.0128142,3.45857e-13
0.073,0.0412764,5.99988e-14
0.074,-0.0500573,9.99419e-15
0.075,-0.0875649,1.5995e-15
0.076,-0.0422193,2.46098e-16
0.127,-0.221155,5.28232e-17
0.128,-0.0943665,7.62589e-18
0.129,0.191088,1.06013e-18
0.13,0.134331,1.41976e-19
0.131,0.0502314,1.83243e-20
0.132,-0.103781,2.28008e-21
0.133,0.185391,2.73613e-22
0.134,-0.04828,3.15781e-23
0.135,0.27999,4.874e-24
0.136,0.0151095,-1.76324e-23
0.137,0.044822,2.32017e-22
0.138,-0.0525423,-2.8499e-21
0.139,-0.0901364,3.3357e-20
0.14,-0.0449202,-3.71439e-19
0.141,-0.0492983,3.92859e-18
0.142,0.119526,-3.93973e-17
0.143,-0.0409575,3.73871e-16
0.144,0.08143,-3.35e-15
0.145,-0.0740017,2.8272e-14
0.146,-0.062841,-2.24095e-13
0.147,-0.0866247,1.66293e-12
0.148,-0.0217766,-1.15096e-11
0.149,-0.0122301,7.39769e-11
0.15,-0.140825,-4.3927e-10
0.001,0.107022,2.39464e-09
0.002,-0.0317165,-1.18917e-08
0.003,0.0174425,5.32634e-08
0.004,-0.134956,-2.12351e-07
0.005,0.118265,7.39663e-07
0.006,0.140151,-2.18772e-06
0.007,0.119718,5.22762e-06
0.008,-0.106694,-9.03322e-06
0.009,-0.20765,7.22615e-06
0.01,-0.00270247,1.35957e-05
0.011,-0.0286594,-5.30078e-05
0.012,0.06759,4.47685e-05
0.013,-0.297532,0.000117514
0.014,0.246075,-0.000265111
0.015,-0.0608704,-0.000215489
0.016,0.000498243,0.000938903
0.017,-0.0929185,0.00077137
0.018,-0.0541431,-0.00267436
0.019,-0.0795289,-0.00434552
0.02,0.0552475,0.00460219
0.021,-0.0573602,0.0225152
0.022,-0.102197,0.0286535
0.023,-0.0465785,0.000528517
0.024,0.10701,-0.0543726
0.025,-0.0559462,-0.110382
0.026,0.0450434,-0.00603973
0.027,-0.0140765,0.304412
0.028,0.073707,-0.289749
0.029,0.00555314,-0.127409
0.03,-0.156887,-0.0684057
0.031,-0.00922535,-0.0146847
0.032,0.123933,-0.0125148
0.033,-0.0290526,-0.0179815
0.034,-0.00320725,0.0114701
0.035,0.150255,0.0137839
0.036,-0.0120117,-0.0209392
0.037,0.119117,-0.0159318
0.038,-0.11167,0.0288827
0.039,0.0487498,0.0334159
0.04,-0.0929248,-0.0224832
0.041,-0.225158,-0.0643399
0.042,-0.0943863,-0.0252573
0.043,0.195286,0.0542859
0.044,0.135617,0.102994
0.045,0.0507997,0.067039
0.046,-0.103942,-0.0914216
0.047,0.183997,-0.371238
0.048,-0.046396,0.301634
0.049,0.281208,0.129114
0.05,0.0163679,0.073471
0.051,0.0464209,0.0418576
0.052,-0.0537241,0.0227465
0.053,-0.091285,0.0116225
0.054,-0.0461995,0.00555437
0.055,-0.0476351,0.0024796
0.056,0.1205,0.0010349
0.057,-0.0388112,0.000404565
0.058,0.0837256,0.000148476
0.059,-0.0751534,5.12803e-05
0.06,-0.0638374,1.67063e-05
0.061,-0.0833344,5.14504e-06
0.062,-0.0237809,1.50085e-06
0.063,-0.0105846,4.1544e-07
0.064,-0.139817,1.09298e-07
0.065,0.110649,2.73713e-08
0.066,-0.0364558,6.53349e-09
0.067,0.017229,1.48833e-09
0.068,-0.13535,3.23928e-10
0.069,0.120092,6.74288e-11
0.07,0.141844,1.34371e-11
0.071,0.122809,2.5657e-12
0.072,-0.109903,4.69789e-13
0.073,-0.211536,8.25504e-14
0.074,-0.00620625,1.39301e-14
0.075,-0.0260135,2.25882e-15
0.076,0.0638294,3.52177e-16
0.127,-0.00984065,7.6256e-17
0.128,-0.13939,1.11572e-17
0.129,0.112261,1.57221e-18
0.13,-0.0385945,2.13464e-19
0.131,0.0171186,2.79363e-20
0.132,-0.135488,3.52535e-21
0.133,0.120882,4.29117e-22
0.134,0.14258,5.02724e-23
0.135,0.12422,7.43701e-24
0.136,-0.111343,-2.23448e-23
0.137,-0.213248,2.9229e-22
0.138,-0.00777342,-3.5469e-21
0.139,-0.0247987,4.10193e-20
0.14,0.0621358,-4.51331e-19
0.141,-0.298936,4.71708e-18
0.142,0.247675,-4.67466e-17
0.143,-0.0587008,4.38392e-16
0.144,0.00378392,-3.88193e-15
0.145,-0.0934777,3.23756e-14
0.146,-0.0528742,-2.53594e-13
0.147,-0.0808903,1.85952e-12
0.148,0.054785,-1.27165e-11
0.149,-0.0582443,8.07467e-11
0.15,-0.102687,-4.73581e-10
0.001,-0.04606,2.54927e-09
0.002,0.107826,-1.24956e-08
0.003,-0.0558492,5.52106e-08
0.004,0.0439757,-2.16942e-07
0.005,-0.0171887,7.43715e-07
0.006,0.0745356,-2.1596e-06
0.007,0.00559369,5.04067e-06
0.008,-0.156329,-8.38798e-06
0.009,-0.00854722,5.85324e-06
0.01,0.124701,1.48259e-05
0.011,-0.0294554,-5.05526e-05
0.012,-0.00416334,3.56313e-05
0.013,0.152867,0.000121896
0.014,-0.0130047,-0.000237903
0.015,0.120585,-0.000248668
0.016,-0.113176,0.000857351
0.017,0.0483064,0.000872522
0.018,-0.0951119,-0.00237499
0.019,-0.227639,-0.00444407
0.02,-0.094397,0.00347764
0.021,0.197888,0.0210489
0.022,0.136448,0.0290881
0.023,0.051147,0.00418052
0.024,-0.103999,-0.0488562
0.025,0.18306,-0.107465
0.026,-0.045297,-0.0265653
0.027,0.281981,0.269715
0.028,0.0172436,-0.324775
0.029,0.0473968,-0.136443
0.03,-0.0544739,-0.0740166
0.031,-0.0919753,-0.0175344
0.032,-0.0470015,-0.0123929
0.033,-0.0466258,-0.0189853
0.034,0.121189,0.00973344
0.035,-0.0375307,0.015107
0.036,0.0851977,-0.0191399
0.037,-0.075765,-0.0182299
0.038,-0.0645708,0.0261827
0.039,-0.0812041,0.0354042
0.04,-0.0250379,-0.0174574
0.041,-0.0095294,-0.0638379
0.042,-0.139221,-0.0311463
0.043,0.112931,0.0477114
0.044,-0.0394876,0.101349
0.045,0.0170713,0.074811
0.046,-0.135535,-0.0716665
0.047,0.121203,-0.342049
0.048,0.142877,0.328685
0.049,0.124813,0.137168
0.05,-0.111939,0.077664
0.051,-0.213952,0.0445083
0.052,-0.00842675,0.0243946
0.053,-0.0242901,0.0125879
0.054,0.0614265,0.00607978
0.055,-0.299123,0.0027442
0.056,0.24788,0.00115828
0.057,-0.0584138,0.000457977
0.058,0.00420358,0.000170012
0.059,-0.0935399,5.93966e-05
0.06,-0.0527331,1.95748e-05
0.061,-0.081037,6.0986e-06
0.062,0.0547347,1.7998e-06
0.063,-0.0583383,5.04044e-07
0.064,-0.102747,1.34176e-07
0.065,-0.0459983,3.4001e-08
0.066,0.10792,8.21322e-09
0.067,-0.0558353,1.89356e-09
0.068,0.0438567,4.1714e-10
0.069,-0.0175436,8.78977e-11
0.07,0.0746343,1.7733e-11
0.071,0.00558672,3.42832e-12
0.072,-0.156268,6.35665e-13
0.073,-0.00846393,1.13123e-13
0.074,0.124785,1.93351e-14
0.075,-0.0294964,3.17612e-15
0.076,-0.00427151,5.01719e-16
0.127,-0.0583711,1.09583e-16
0.128,-0.102769,1.62468e-17
0.129,-0.0459759,2.32025e-18
0.13,0.107955,3.19322e-19
0.131,-0.0558299,4.2367e-20
0.132,0.0438148,5.42111e-21
0.133,-0.0176712,6.69217e-22
0.134,0.0746705,7.95602e-23
0.135,0.00558225,1.13866e-23
0.136,-0.156247,-2.81784e-23
0.137,-0.00843301,3.67101e-22
0.138,0.124815,-4.40142e-21
0.139,-0.0295103,5.02995e-20
0.14,-0.0043104,-5.46925e-19
0.141,0.153267,5.64916e-18
0.142,-0.0131544,-5.53291e-17
0.143,0.120824,5.12825e-16
0.144,-0.113412,-4.48807e-15
0.145,0.0482403,3.69939e-14
0.146,-0.0954349,-2.86377e-13
0.147,-0.22801,2.0752e-12
0.148,-0.0943987,-1.40231e-11
0.149,0.198279,8.7974e-11
0.15,0.136581,-5.0967e-10
0.001,0.0512003,2.70924e-09
0.002,-0.104002,-1.31082e-08
0.003,0.182908,5.71352e-08
0.004,-0.0451421,-2.21268e-07
0.005,0.282104,7.46508e-07
0.006,0.0173883,-2.12776e-06
0.007,0.047544,4.84843e-06
0.008,-0.0545902,-7.75303e-06
0.009,-0.092077,4.56391e-06
0.01,-0.0471234,1.5831e-05
0.011,-0.0464755,-4.7892e-05
0.012,0.121308,2.70108e-05
0.013,-0.0373454,0.000124688
0.014,0.0854261,-0.000210851
0.015,-0.0758428,-0.000276115
0.016,-0.0646963,0.000774703
0.017,-0.08087,0.000954999
0.018,-0.0252312,-0.00208029
0.019,-0.00936569,-0.00448728
0.02,-0.139137,0.00243909
0.021,0.113282,0.0195529
0.022,-0.0399566,0.0292831
0.023,0.0170471,0.00755749
0.024,-0.135554,-0.0434149
0.025,0.121368,-0.103817
0.026,0.143027,-0.0445667
0.027,0.125128,0.235478
0.028,-0.112249,-0.361825
0.029,-0.214316,-0.146162
0.03,-0.00877051,-0.0799285
0.031,-0.0240245,-0.0206441
0.032,0.0610519,-0.0123836
0.033,-0.299222,-0.0198936
0.034,0.24799,0.0079037
0.035,-0.0582591,0.016238
0.036,0.0044215,-0.0171908
0.037,-0.0935693,-0.0202793
0.038,-0.0526665,0.0233054
0.039,-0.081105,0.0370041
0.04,0.0547108,-0.0124303
0.041,-0.0583818,-0.0627607
0.042,-0.102777,-0.0366766
0.043,-0.0459682,0.0409681
0.044,0.107966,0.0990818
0.045,-0.055828,0.0815803
0.046,0.0438011,-0.0529958
0.047,-0.0177139,-0.313463
0.048,0.0746828,0.356982
0.049,0.00558023,0.14617
0.05,-0.15624,0.0820498
0.051,-0.00842245,0.0472761
0.052,0.124825,0.0261274
0.053,-0.0295147,0.013613
0.054,-0.00432336,0.00664384
0.055,0.153302,0.00303161
0.056,-0.0131672,0.00129391
0.057,0.120845,0.0005174
0.058,-0.113432,0.000194262
0.059,0.0482346,6.86456e-05
0.06,-0.0954626,2.28828e-05
0.061,-0.228042,7.2114e-06
0.062,-0.0943989,2.15285e-06
0.063,0.198313,6.09931e-07
0.064,0.136593,1.64263e-07
0.065,0.051205,4.21154e-08
0.066,-0.104003,1.02939e-08
0.067,0.182894,2.40161e-09
0.068,-0.0451292,5.35431e-10
0.069,0.282115,1.14193e-10
0.07,0.0174015,2.33203e-11
0.071,0.0475569,4.56426e-12
0.072,-0.0546004,8.5685e-13
0.073,-0.0920858,1.54407e-13
0.074,-0.047134,2.67277e-14
0.075,-0.0464626,4.44702e-15
0.076,0.121319,7.11621e-16
0.127,0.198324,1.56771e-16
0.128,0.136596,2.35487e-17
0.129,0.0512065,3.40779e-18
0.13,-0.104003,4.75308e-19
0.131,0.18289,6.39219e-20
0.132,-0.0451253,8.29202e-21
0.133,0.282118,1.03792e-21
0.134,0.0174056,1.25184e-22
0.135,0.0475609,1.7472e-23
0.136,-0.0546037,-3.53473e-23
0.137,-0.0920885,4.59688e-22
0.138,-0.0471373,-5.44608e-21
0.139,-0.0464585,6.15088e-20
0.14,0.121322,-6.61008e-19
0.141,-0.0373249,6.74819e-18
0.142,0.0854525,-6.53274e-17
0.143,-0.0758506,5.98492e-16
0.144,-0.0647115,-5.17724e-15
0.145,-0.080831,4.21804e-14
0.146,-0.0252536,-3.22734e-13
0.147,-0.00934675,2.31133e-12
0.148,-0.139128,-1.54347e-11
0.149,0.113323,9.56744e-11
0.15,-0.0400108,-5.47551e-10
0.001,0.0170444,2.87439e-09
0.002,-0.135555,-1.37283e-08
0.003,0.121386,5.90309e-08
0.004,0.143044,-2.25311e-07
0.005,0.125164,7.48028e-07
0.006,-0.112285,-2.09235e-06
0.007,-0.214357,4.65171e-06
0.008,-0.00881045,-7.13041e-06
0.009,-0.0239942,3.35908e-06
0.01,0.0610082,1.6623e-05
0.011,-0.299233,-4.50661e-05
0.012,0.248003,1.89379e-05
0.013,-0.0582405,0.00012601
0.014,0.00444632,-0.000184211
0.015,-0.0935722,-0.000298095
0.016,-0.05266,0.00069192
0.017,-0.0811116,0.00101974
0.018,0.0547084,-0.00179281
0.019,-0.058386,-0.00448043
0.02,-0.10278,0.00148723
0.021,-0.0459651,0.0180424
0.022,0.107971,0.0292549
0.023,-0.0558271,0.010654
0.024,0.0437957,-0.0380759
0.025,-0.0177311,-0.0996285
0.026,0.0746878,-0.0599156
0.027,0.00557916,0.201876
0.028,-0.156237,0.600228
0.029,-0.00841801,-0.156553
0.03,0.124829,-0.0861586
0.031,-0.0295164,-0.024022
0.032,-0.00432862,-0.0125021
0.033,0.153316,-0.0207101
0.034,-0.0131725,0.00599456
0.035,0.120854,0.0171692
0.036,-0.113441,-0.0151176
0.037,0.0482324,-0.0220646
0.038,-0.0954736,0.0202813
0.039,-0.228055,0.0382138
0.04,-0.0943989,-0.00745118
0.041,0.198327,-0.0611319
0.042,0.136597,-0.0418088
0.043,0.051207,0.0340986
0.044,-0.104003,0.0962305
0.045,0.182889,0.0873761
0.046,-0.0451242,-0.0354238
0.047,0.282119,-0.285542
0.048,0.0174068,-0.613748
0.049,0.0475621,0.156383
0.05,-0.0546046,0.0866455
0.051,-0.0920893,0.0501644
0.052,-0.0471383,0.0279472
0.053,-0.0464574,0.0146998
0.054,0.121323,0.00724841
0.055,-0.0373235,0.00334324
0.056,0.0854544,0.00144273
0.057,-0.0758511,0.000583381
0.058,-0.0647126,0.00022151
0.059,-0.0808282,7.91623e-05
0.06,-0.0252552,2.66889e-05
0.061,-0.0093454,8.50698e-06
0.062,-0.139127,2.56875e-06
0.063,0.113326,7.3615e-07
0.064,-0.0400146,2.00552e-07
0.065,0.0170443,5.20191e-08
0.066,-0.135555,1.28638e-08
0.067,0.121387,3.03666e-09
0.068,0.143045,6.85081e-10
0.069,0.125167,1.47865e-10
0.07,-0.112287,3.05625e-11
0.071,-0.21436,6.05485e-12
0.072,-0.00881322,1.15071e-12
0.073,-0.0239921,2.09946e-13
0.074,0.0610051,3.67991e-14
0.075,-0.299234,6.20061e-15
0.076,0.248004,1.00499e-15
0.127,0.113326,2.23301e-16
0.128,-0.0400155,3.39778e-17
0.129,0.0170442,4.98161e-18
0.13,-0.135555,7.04054e-19
0.131,0.121388,9.59586e-20
0.132,0.143045,1.26173e-20
0.133,0.125168,1.60108e-21
0.134,-0.112288,1.95861e-22
0.135,-0.214361,2.68388e-23
0.136,-0.00881397,-4.40821e-23
0.137,-0.0239916,5.73947e-22
0.138,0.0610043,-6.71963e-21
0.139,-0.299234,7.50117e-20
0.14,0.248005,-7.96804e-19
0.141,-0.0582388,8.04087e-18
0.142,0.0044485,-7.69476e-17
0.143,-0.0935724,6.96865e-16
0.144,-0.0526594,-5.95907e-15
0.145,-0.0811121,4.79925e-14
0.146,0.0547082,-3.62971e-13
0.147,-0.0583863,2.56934e-12
0.148,-0.10278,-1.69568e-11
0.149,-0.0459649,1.03863e-10
0.15,0.107971,-5.87234e-10
0.001,-0.0558271,3.04452e-09
0.002,0.0437953,-1.43544e-08
0.003,-0.0177324,6.08913e-08
0.004,0.0746882,-2.29054e-07
0.005,0.00557903,7.48268e-07
0.006,-0.156237,-2.05353e-06
0.007,-0.00841768,4.45129e-06
0.008,0.124829,-6.52201e-06
0.009,-0.0295165,2.23915e-06
0.01,-0.004329,1.72144e-05
0.011,0.153317,-4.21127e-05
0.012,-0.0131728,1.14357e-05
0.013,0.120855,0.000125984
0.014,-0.113441,-0.000158212
0.015,0.0482322,-0.000314902
0.016,-0.0954744,0.000609876
0.017,-0.228056,0.00106778
0.018,-0.0943989,-0.00151475
0.019,0.198328,-0.00442875
0.02,0.136598,0.000621898
0.021,0.0512071,0.0165313
0.022,-0.104003,0.029021
0.023,0.182888,0.0134669
0.024,-0.0451238,-0.0328631
0.025,0.28212,-0.0950446
0.026,0.0174073,-0.0725686
0.027,0.0475625,0.169073
0.028,-0.054605,0.562162
0.029,-0.0920896,-0.167668
0.03,-0.0471386,-0.0927224
0.031,-0.046457,-0.0276764
0.032,0.121324,-0.0127634
0.033,-0.037323,-0.0214395
0.034,0.085455,0.00402021
0.035,-0.0758513,0.017895
0.036,-0.064713,-0.0129468
0.037,-0.0808273,-0.0235735
0.038,-0.0252557,0.0171412
0.039,-0.00934498,0.039035
0.04,-0.139127,-0.0025664
0.041,0.113327,-0.0589809
0.042,-0.0400158,-0.0465058
0.043,0.0170442,0.0271461
0.044,-0.135555,0.0928351
0.045,0.121388,0.0922296
0.046,0.143045,-0.0189593
0.047,0.125168,-0.258347
0.048,-0.112288,-0.583769
0.049,-0.214361,0.168075
0.05,-0.00881417,0.0914709
0.051,-0.0239914,0.053177
0.052,0.0610041,0.0298563
0.053,-0.299234,0.0158504
0.054,0.248005,0.00789537
0.055,-0.0582388,0.00368055
0.056,0.00444859,0.0016057
0.057,-0.0935724,0.000656501
0.058,-0.0526594,0.000252065
0.059,-0.0811121,9.10954e-05
0.06,0.0547082,3.10586e-05
0.061,-0.0583863,1.00119e-05
0.062,-0.10278,3.05753e-06
0.063,-0.0459649,8.86226e-07
0.064,0.107971,2.44209e-07
0.065,-0.0558271,6.4074e-08
0.066,0.0437952,1.6029e-08
0.067,-0.0177325,3.82812e-09
0.068,0.0746882,8.73819e-10
0.069,0.00557902,1.90843e-10
0.07,-0.156237,3.99187e-11
0.071,-0.00841762,8.00407e-12
0.072,0.124829,1.53972e-12
0.073,-0.0295165,2.84383e-13
0.074,-0.00432901,5.04667e-14
0.075,0.153317,8.61053e-15
0.076,-0.0131728,1.41333e-15
0.127,-0.0459649,3.16701e-16
0.128,0.107971,4.88082e-17
0.129,-0.0558271,7.24881e-18
0.13,0.0437952,1.03793e-18
0.131,-0.0177325,1.43342e-19
0.132,0.0746882,1.9101e-20
0.133,0.00557903,2.45681e-21
0.134,-0.156237,3.04755e-22
0.135,-0.00841762,4.12311e-23
0.136,0.124829,-5.46166e-23
0.137,-0.0295165,7.14561e-22
0.138,-0.00432902,-8.26795e-21
0.139,0.153317,9.12348e-20
0.14,-0.0131728,-9.58037e-19
0.141,0.120855,9.55762e-18
0.142,-0.113442,-9.04209e-17
0.143,0.0482322,8.09572e-16
0.144,-0.0954745,-6.8441e-15
0.145,-0.228056,5.44921e-14
0.146,-0.0943989,-4.07411e-13
0.147,0.198328,2.8507e-12
0.148,0.136598,-1.85949e-11
0.149,0.0512071,1.12554e-10
0.15,-0.104003,-6.28724e-10
0.001,0.182888,3.21941e-09
0.002,-0.0451238,-1.49848e-08
0.003,0.28212,6.271e-08
0.004,0.0174073,-2.32482e-07
0.005,0.0475625,7.47224e-07
0.006,-0.054605,-2.01146e-06
0.007,-0.0920896,4.24799e-06
0.008,-0.0471386,-5.92958e-06
0.009,-0.046457,1.20405e-06
0.01,0.121324,1.7618e-05
0.011,-0.037323,-3.90677e-05
0.012,0.085455,4.52044e-06
0.013,-0.0758513,0.000124736
0.014,-0.064713,-0.000133055
0.015,-0.0808273,-0.000326858
0.016,-0.0252557,0.00052935
0.017,-0.00934496,0.00110022
0.018,-0.139127,-0.00124801
0.019,0.113327,-0.00433734
0.02,-0.0400159,-0.000157873
0.021,0.0170442,0.0150322
0.022,-0.135555,0.0285991
0.023,0.121388,0.0159948
0.024,0.143045,-0.0277975
0.025,0.125168,-0.0901738
0.026,-0.112288,-0.0825742
0.027,-0.214361,0.137224
0.028,-0.00881422,0.524389
0.029,-0.0239914,-0.179683
0.03,0.061004,-0.099636
0.031,-0.299234,-0.0316155
0.032,0.248005,-0.0131826
0.033,-0.0582387,-0.0220883
0.034,0.00444861,0.00199461
0.035,-0.0935724,0.0184112
0.036,-0.0526594,-0.0107048
0.037,-0.0811121,-0.0247969
0.038,0.0547082,0.0139166
0.039,-0.0583863,0.0394722
0.04,-0.10278,0.0021807
0.041,-0.0459649,-0.0563427
0.042,0.107971,-0.0507336
0.043,-0.0558271,0.0201535
0.044,0.0437952,0.0889349
0.045,-0.0177325,0.0961735
0.046,0.0746882,-0.00360626
0.047,0.00557903,-0.231934
0.048,-0.156237,-0.553329
0.049,-0.00841763,0.181493
0.05,0.124829,0.0965457
0.051,-0.0295165,0.0563183
0.052,-0.00432901,0.031857
0.053,0.153317,0.0170669
0.054,-0.0131728,0.00858662
0.055,0.120855,0.00404503
0.056,-0.113442,0.00178387
0.057,0.0482322,0.000737377
0.058,-0.0954745,0.000286261
0.059,-0.228056,0.000104607
0.06,-0.0943989,3.60643e-05
0.061,0.198328,1.1756e-05
0.062,0.136598,3.63059e-06
0.063,0.0512071,1.06423e-06
0.064,-0.104003,2.96594e-07
0.065,0.182888,7.8708e-08
0.066,-0.0451238,1.99165e-08
0.067,0.28212,4.81164e-09
0.068,0.0174074,1.11114e-09
0.069,0.0475625,2.45528e-10
0.07,-0.054605,5.19663e-11
0.071,-0.0920895,1.05444e-11
0.072,-0.0471386,2.05288e-12
0.073,-0.046457,3.83784e-13
0.074,0.121324,6.89446e-14
0.075,-0.037323,1.19094e-14
0.076,0.085455,1.97936e-15
0.127,0.0512071,4.47282e-16
0.128,-0.104003,6.98068e-17
0.129,0.182888,1.05004e-17
0.13,-0.0451238,1.523e-18
0.131,0.28212,2.13092e-19
0.132,0.0174074,2.87723e-20
0.133,0.0475625,3.75046e-21
0.134,-0.054605,4.71643e-22
0.135,-0.0920895,6.32936e-23
0.136,-0.0471386,-6.71633e-23
0.137,-0.046457,8.87138e-22
0.138,0.121324,-1.01453e-20
0.139,-0.037323,1.10676e-19
0.14,0.085455,-1.149e-18
0.141,-0.0758512,1.1333e-17
0.142,-0.0647131,-1.06007e-16
0.143,-0.0808273,9.38416e-16
0.144,-0.0252557,-7.84383e-15
0.145,-0.00934497,6.17454e-14
0.146,-0.139127,-4.56396e-13
0.147,0.113327,3.15693e-12
0.148,-0.0400158,-2.03544e-11
0.149,0.0170442,1.2176e-10
0.15,-0.135555,-6.72015e-10
0.001,0.121388,3.3988e-09
0.002,0.143045,-1.56179e-08
0.003,0.125168,6.44808e-08
0.004,-0.112288,-2.35581e-07
0.005,-0.214361,7.44899e-07
0.006,-0.00881423,-1.96631e-06
0.007,-0.0239914,4.04258e-06
0.008,0.061004,-5.35472e-06
0.009,-0.299234,2.53253e-07
0.01,0.248005,1.7847e-05
0.011,-0.0582387,-3.59645e-05
0.012,0.00444861,-1.79858e-06
0.013,-0.0935725,0.000122389
0.014,-0.0526594,-0.000108913
0.015,-0.0811121,-0.000334301
0.016,0.0547082,0.000451032
0.017,-0.0583863,0.00111823
0.018,-0.10278,-0.000994205
0.019,-0.0459649,-0.00421116
0.02,0.107971,-0.000853716
0.021,-0.0558271,0.0135565
0.022,0.0437952,0.0280074
0.023,-0.0177325,0.0182385
0.024,0.0746882,-0.0228978
0.025,0.00557903,-0.0850964
0.026,-0.156237,-0.0900701
0.027,-0.00841762,0.106491
0.028,0.124829,0.487048
0.029,-0.0295165,-0.192965
0.03,-0.004329,-0.106921
0.031,0.153317,-0.0358479
0.032,-0.0131728,-0.0137743
0.033,0.120855,-0.0226642
0.034,-0.113442,-6.87242e-05
0.035,0.0482322,0.0187156
0.036,-0.0954745,-0.00841796
0.037,-0.228056,-0.025729
0.038,-0.0943989,0.0106392
0.039,0.198328,0.0395333
0.04,0.136598,0.00675035
0.041,0.0512071,-0.0532566
0.042,-0.104003,-0.0544617
0.043,0.182888,0.0131643
0.044,-0.0451238,0.0845695
0.045,0.28212,0.099242
0.046,0.0174074,0.0106363
0.047,0.0475625,-0.206355
0.048,-0.054605,-0.522648
0.049,-0.0920895,0.196833
0.05,-0.0471386,0.101889
0.051,-0.046457,0.0595931
0.052,0.121324,0.0339515
0.053,-0.037323,0.0183514
0.054,0.085455,0.00932405
0.055,-0.0758512,0.00443821
0.056,-0.0647131,0.00197828
0.057,-0.0808273,0.000826663
0.058,-0.0252557,0.000324455
0.059,-0.00934497,0.000119875
0.06,-0.139127,4.17863e-05
0.061,0.113327,1.37727e-05
0.062,-0.0400158,4.30089e-06
0.063,0.0170442,1.27484e-06
0.064,-0.135555,3.59292e-07
0.065,0.121388,9.64262e-08
0.066,0.143045,2.46779e-08
0.067,0.125168,6.03034e-09
0.068,-0.112288,1.40866e-09
0.069,-0.214361,3.14895e-10
0.07,-0.00881423,6.743e-11
0.071,-0.0239914,1.38441e-11
0.072,0.061004,2.72749e-12
0.073,-0.299234,5.16046e-13
0.074,0.248005,9.38327e-14
0.075,-0.0582387,1.64078e-14
0.076,0.00444861,2.76084e-15
0.127,0.0170442,6.29104e-16
0.128,-0.135555,9.9414e-17
0.129,0.121388,1.51433e-17
0.13,0.143045,2.22457e-18
0.131,0.125168,3.15285e-19
0.132,-0.112288,4.31287e-20
0.133,-0.214361,5.69635e-21
0.134,-0.00881423,7.26085e-22
0.135,-0.0239914,9.70187e-23
0.136,0.061004,-8.18709e-23
0.137,-0.299234,1.09838e-21
0.138,0.248005,-1.24155e-20
0.139,-0.0582387,1.33913e-19
0.14,0.00444861,-1.37461e-18
0.141,-0.0935725,1.34063e-17
0.142,-0.0526594,-1.23997e-16
0.143,-0.0811121,1.08539e-15
0.144,0.0547082,-8.97072e-15
0.145,-0.0583863,6.98234e-14
0.146,-0.10278,-5.10285e-13
0.147,-0.0459649,3.48958e-12
0.148,0.107971,-2.22408e-11
0.149,-0.0558271,1.31493e-10
0.15,0.0437952,-7.17097e-10
0.001,-0.0177325,3.58241e-09
0.002,0.0746882,-1.62521e-08
0.003,0.00557903,6.61972e-08
0.004,-0.156237,-2.38337e-07
0.005,-0.00841762,7.41302e-07
0.006,0.124829,-1.91829e-06
0.007,-0.0295165,3.83586e-06
0.008,-0.004329,-4.7989e-06
0.009,0.153317,-6.14191e-07
0.01,-0.0131728,1.79146e-05
0.011,0.120855,-3.28341e-05
0.012,-0.113442,-7.51801e-06
0.013,0.0482322,0.000119069
0.014,-0.0954745,-8.59339e-05
0.015,-0.228056,-0.000337583
0.016,-0.0943989,0.000375521
0.017,0.198328,0.00112299
0.018,0.136598,-0.000754648
0.019,0.0512071,-0.00405497
0.02,-0.104003,-0.00146787
0.021,0.182888,0.0121144
0.022,-0.0451238,0.0272641
0.023,0.28212,0.020201
0.024,0.0174074,-0.0181809
0.025,0.0475625,-0.0798743
0.026,-0.054605,-0.0952691
0.027,-0.0920895,0.0770546
0.028,-0.0471386,0.450119
0.029,-0.046457,-0.208101
0.03,0.121324,-0.11461
0.031,-0.037323,-0.0403825
0.032,0.085455,-0.0145531
0.033,-0.0758512,-0.0231764
0.034,-0.0647131,-0.00215656
0.035,-0.0808273,0.0188078
0.036,-0.0252557,-0.00611264
0.037,-0.00934497,-0.0263674
0.038,-0.139127,0.00734055
0.039,0.113327,0.0392288
0.04,-0.0400158,0.0111059
0.041,0.0170442,-0.0497661
0.042,-0.135555,-0.0576637
0.043,0.121388,0.00622165
0.044,0.143045,0.0797782
0.045,0.125168,0.10147
0.046,-0.112288,0.0237741
0.047,-0.214361,-0.181659
0.048,-0.00881423,-0.491917
0.049,-0.0239914,0.214219
0.05,0.061004,0.107518
0.051,-0.299234,0.0630062
0.052,0.248005,0.0361422
0.053,-0.0582387,0.019706
0.054,0.00444861,0.0101096
0.055,-0.0935725,0.00486166
0.056,-0.0526594,0.00219006
0.057,-0.0811121,0.000925051
0.058,0.0547082,0.000367031
0.059,-0.0583863,0.000137092
0.06,-0.10278,4.83133e-05
0.061,-0.0459649,1.60996e-05
0.062,0.107971,5.08315e-06
0.063,-0.0558271,1.52345e-06
0.064,0.0437952,4.34148e-07
0.065,-0.0177325,1.17823e-07
0.066,0.0746882,3.04942e-08
0.067,0.00557903,7.53625e-09
0.068,-0.156237,1.78056e-09
0.069,-0.00841762,4.02619e-10
0.07,0.124829,8.72162e-11
0.071,-0.0295165,1.81161e-11
0.072,-0.004329,3.61131e-12
0.073,0.153317,6.91413e-13
0.074,-0.0131728,1.27233e-13
0.075,0.120855,2.25185e-14
0.076,-0.113442,3.83557e-15
0.127,-0.0558271,8.81266e-16
0.128,0.0437952,1.40987e-16
0.129,-0.0177325,2.17449e-17
0.13,0.0746882,3.23477e-18
0.131,0.00557903,4.64327e-19
0.132,-0.156237,6.4339e-20
0.133,-0.00841762,8.60905e-21
0.134,0.124829,1.11204e-21
0.135,-0.0295165,1.48408e-22
0.136,-0.004329,-9.87553e-23
0.137,0.153317,1.3563e-21
0.138,-0.0131728,-1.51536e-20
0.139,0.120855,1.61619e-19
0.14,-0.113442,-1.64052e-18
0.141,0.0482322,1.58218e-17
0.142,-0.0954745,-1.44713e-16
0.143,-0.228056,1.25267e-15
0.144,-0.0943989,-1.02383e-14
0.145,0.198328,7.88019e-14
0.146,0.136598,-5.69451e-13
0.147,0.0512071,3.85023e-12
0.148,-0.104003,-2.42593e-11
0.149,0.182888,1.41764e-10
0.15,-0.0451238,-7.63951e-10
0.001,0.28212,3.76992e-09
0.002,0.0174074,-1.68855e-08
0.003,0.0475625,6.78532e-08
0.004,-0.054605,-2.40739e-07
0.005,-0.0920895,7.36447e-07
0.006,-0.0471386,-1.8676e-06
0.007,-0.046457,3.62858e-06
0.008,0.121324,-4.26341e-06
0.009,-0.037323,-1.39964e-06
0.01,0.085455,1.78343e-05
0.011,-0.0758512,-2.97053e-05
0.012,-0.0647131,-1.26402e-05
0.013,-0.0808273,0.000114897
0.014,-0.0252557,-6.42399e-05
0.015,-0.00934497,-0.000337067
0.016,-0.139127,0.000303331
0.017,0.113327,0.00111573
0.018,-0.0400158,-0.000530388
0.019,0.0170442,-0.00387337
0.02,-0.135555,-0.00200309
0.021,0.121388,0.0107148
0.022,0.143045,0.0263874
0.023,0.125168,0.0218868
0.024,-0.112288,-0.013662
0.025,-0.214361,-0.0745573
0.026,-0.00881423,-0.0984377
0.027,-0.0239914,0.0491254
0.028,0.061004,0.413524
0.029,-0.299234,-0.225872
0.03,0.248005,-0.122753
0.031,-0.0582387,-0.045229
0.032,0.00444861,-0.0155331
0.033,-0.0935725,-0.0236349
0.034,-0.0526594,-0.00425607
0.035,-0.0811121,0.0186886
0.036,0.0547082,-0.00381428
0.037,-0.0583863,-0.026713
0.038,-0.10278,0.00405228
0.039,-0.0459649,0.0385718
0.04,0.107971,0.0152147
0.041,-0.0558271,-0.045918
0.042,0.0437952,-0.0603179
0.043,-0.0177325,-0.000631034
0.044,0.0746883,0.0746007
0.045,0.00557903,0.102894
0.046,-0.156237,0.0358173
0.047,-0.00841762,-0.157891
0.048,0.124829,-0.461295
0.049,-0.0295165,0.233693
0.05,-0.00432902,0.113456
0.051,0.153317,0.0665626
0.052,-0.0131728,0.0384317
0.053,0.120855,0.0211327
0.054,-0.113442,0.0109451
0.055,0.0482322,0.00531697
0.056,-0.0954745,0.00242035
0.057,-0.228056,0.00103327
0.058,-0.0943989,0.000414403
0.059,0.198328,0.000156468
0.06,0.136598,5.57431e-05
0.061,0.0512071,1.87785e-05
0.062,-0.104003,5.994e-06
0.063,0.182888,1.81622e-06
0.064,-0.0451238,5.23302e-07
0.065,0.28212,1.43597e-07
0.066,0.0174073,3.75801e-08
0.067,0.0475626,9.39192e-09
0.068,-0.054605,2.24413e-09
0.069,-0.0920896,5.13229e-10
0.07,-0.0471386,1.12455e-10
0.071,-0.0464569,2.36293e-11
0.072,0.121324,4.76539e-12
0.073,-0.037323,9.23132e-13
0.074,0.085455,1.71895e-13
0.075,-0.0758513,3.07888e-14
0.076,-0.064713,5.30791e-15
0.127,0.182888,1.22962e-15
0.128,-0.0451238,1.99126e-16
0.129,0.28212,3.10919e-17
0.13,0.0174073,4.68309e-18
0.131,0.0475626,6.80724e-19
0.132,-0.054605,9.553e-20
0.133,-0.0920896,1.2948e-20
0.134,-0.0471386,1.69459e-21
0.135,-0.0464569,2.2644e-22
0.136,0.121324,-1.1759e-22
0.137,-0.037323,1.67043e-21
0.138,0.085455,-1.84477e-20
0.139,-0.0758513,1.94572e-19
0.14,-0.064713,-1.95318e-18
0.141,-0.0808273,1.86296e-17
0.142,-0.0252557,-1.68519e-16
0.143,-0.00934494,1.44268e-15
0.144,-0.139127,-1.16613e-14
0.145,0.113327,8.87613e-14
0.146,-0.0400159,-6.34288e-13
0.147,0.0170442,4.24051e-12
0.148,-0.135555,-2.64151e-11
0.149,0.121388,1.52581e-10
0.15,0.143045,-8.12549e-10
0.001,0.125168,3.96099e-09
0.002,-0.112288,-1.75165e-08
0.003,-0.214361,6.94425e-08
0.004,-0.00881425,-2.42776e-07
0.005,-0.0239914,7.30353e-07
0.006,0.061004,-1.81443e-06
0.007,-0.299234,3.4215e-06
0.008,0.248005,-3.74939e-06
0.009,-0.0582387,-2.10484e-06
0.01,0.00444863,1.76194e-05
0.011,-0.0935725,-2.66041e-05
0.012,-0.0526594,-1.71727e-05
0.013,-0.0811121,0.000109992
0.014,0.0547082,-4.39285e-05
0.015,-0.0583863,-0.000333118
0.016,-0.10278,0.000234893
0.017,-0.0459649,0.00109768
0.018,0.107971,-0.00032222
0.019,-0.0558271,-0.00367068
0.02,0.0437952,-0.00246257
0.021,-0.0177325,0.00936549
0.022,0.0746883,0.025395
0.023,0.00557903,0.0233025
0.024,-0.156237,-0.00935459
0.025,-0.00841762,-0.0691874
0.026,0.124829,-0.0998707
0.027,-0.0295165,0.0229407
0.028,-0.00432902,0.377187
0.029,0.153317,-0.247109
0.03,-0.0131728,-0.131419
0.031,0.120855,-0.0503983
0.032,-0.113442,-0.0167283
0.033,0.0482322,-0.0240514
0.034,-0.0954745,-0.00635505
0.035,-0.228056,0.0183607
0.036,-0.0943989,-0.00154752
0.037,0.198328,-0.0267701
0.038,0.136598,0.000805259
0.039,0.0512071,0.0375779
0.04,-0.104003,0.0190479
0.041,0.182888,-0.0417616
0.042,-0.0451238,-0.0624076
0.043,0.28212,-0.00735056
0.044,0.0174073,0.0690763
0.045,0.0475626,0.103551
0.046,-0.054605,0.0467798
0.047,-0.0920896,-0.135091
0.048,-0.0471386,-0.430915
0.049,-0.0464569,0.255211
0.05,0.121324,0.119743
0.051,-0.037323,0.0702675
0.052,0.085455,0.0408224
0.053,-0.0758513,0.0226336
0.054,-0.064713,0.0118326
0.055,-0.0808273,0.00580578
0.056,-0.0252557,0.00267035
0.057,-0.00934494,0.00115209
0.058,-0.139127,0.00046701
0.059,0.113327,0.000178231
0.06,-0.0400159,6.41831e-05
0.061,0.0170442,2.18562e-05
0.062,-0.135555,7.05223e-06
0.063,0.121388,2.16018e-06
0.064,0.143045,6.29229e-07
0.065,0.125168,1.74565e-07
0.066,-0.112288,4.61906e-08
0.067,-0.214361,1.16724e-08
0.068,-0.00881425,2.82032e-09
0.069,-0.0239914,6.52288e-10
0.07,0.061004,1.44551e-10
0.071,-0.299234,3.07219e-11
0.072,0.248005,6.26745e-12
0.073,-0.0582387,1.22827e-12
0.074,0.00444863,2.31409e-13
0.075,-0.0935725,4.19412e-14
0.076,-0.0526594,7.31733e-15
0.127,0.121388,1.709e-15
0.128,0.143045,2.80109e-16
0.129,0.125168,4.42719e-17
0.13,-0.112288,6.7507e-18
0.131,-0.214361,9.93533e-19
0.132,-0.00881425,1.4119e-19
0.133,-0.0239914,1.93813e-20
0.134,0.061004,2.56958e-21
0.135,-0.299234,3.44495e-22
0.136,0.248005,-1.37735e-22
0.137,-0.0582387,2.05209e-21
0.138,0.00444863,-2.24007e-20
0.139,4.92692e-39,2.33669e-19
0.14,0,-2.31996e-18
0.141,6.72623e-44,2.18861e-17
0.142,0,-1.95814e-16
0.143,6.49813e+17,1.65804e-15
0.144,3.29557e-41,-1.32554e-14
0.145,0,9.97874e-14
0.146,0,-7.05203e-13
0.147,3.82407e-33,4.66207e-12
0.148,4.44464e-41,-2.87135e-11
0.149,-6.04914e+19,1.63954e-10
0.15,3.29515e-41,-8.62859e-10
0.001,6.72623e-44,4.15526e-09
0.002,0,-1.8143e-08
0.003,7.186e-41,7.09595e-08
0.004,0,-2.44439e-07
0.005,-2.52707e+20,7.23046e-07
0.006,3.29515e-41,-1.75902e-06
0.007,-3.75672e+20,3.21533e-06
0.008,3.29515e-41,-3.25784e-06
0.009,0,-2.73184e-06
0.01,0,1.72831e-05
0.011,0,-2.35545e-05
0.012,0,-2.11275e-05
0.013,0.211342,0.000104469
0.014,-0.310229,-2.50745e-05
0.015,0.463783,-0.000326104
0.016,-0.045886,0.000170555
0.017,0.289793,0.00107005
0.018,0.0454841,-0.000130701
0.019,0.032908,-0.00345104
0.02,0.391395,-0.00284987
0.021,-0.286977,0.00807298
0.022,-0.00428825,0.0243044
0.023,0.193062,0.0244564
0.024,0.244572,-0.00527091
0.025,-0.142936,-0.0638017
0.026,-0.103632,-0.0998662
0.027,-0.419222,-0.00124375
0.028,0.105201,0.341083
0.029,0.381804,-0.272403
0.03,-0.377112,-0.140691
0.031,0.389567,-0.055904
0.032,-0.0573331,-0.0181525
0.033,0.0391653,-0.0244381
0.034,-0.335105,-0.00844234
0.035,0.367957,0.0178283
0.036,0.426257,0.000663996
0.037,0.431273,-0.0265461
0.038,-0.42476,-0.00237036
0.039,-0.190812,0.0362648
0.04,0.354047,0.02258
0.041,0.109797,-0.0373476
0.042,-0.112466,-0.0639215
0.043,-0.508715,-0.013894
0.044,-0.11742,0.0632447
0.045,-0.336053,0.103477
0.046,0.481931,0.0566796
0.047,0.212221,-0.113293
0.048,0.112646,-0.400886
0.049,0.385912,0.278657
0.05,-0.185444,0.126449
0.051,-0.346868,0.0741266
0.052,0.351246,0.0433167
0.053,0.168316,0.0242107
0.054,0.246948,0.012774
0.055,0.493476,0.00632971
0.056,-0.0246407,0.00294129
0.057,0.251588,0.00128233
0.058,0.263585,0.000525324
0.059,0.233591,0.000202629
0.06,-0.453227,7.37515e-05
0.061,-0.381508,2.53845e-05
0.062,-0.209455,8.27901e-06
0.063,-0.209972,2.56339e-06
0.064,0.345602,7.54788e-07
0.065,-0.265831,2.11683e-07
0.066,-0.225129,5.66267e-08
0.067,-0.216969,1.44676e-08
0.068,-0.445662,3.53452e-09
0.069,-0.20789,8.26613e-10
0.07,-0.302195,1.85247e-10
0.071,-0.324891,3.98182e-11
0.072,0.229373,8.21616e-12
0.073,0.246806,1.62877e-12
0.074,0.0322582,3.10439e-13
0.075,-0.36395,5.69264e-14
0.076,-0.36655,1.00496e-14
0.127,-0.209972,2.36623e-15
0.128,0.345602,3.92474e-16
0.129,-0.265831,6.27817e-17
0.13,-0.225129,9.69015e-18
0.131,-0.216969,1.44376e-18
0.132,-0.445662,2.07734e-19
0.133,-0.20789,2.88759e-20
0.134,-0.302195,3.87755e-21
0.135,-0.324891,5.22413e-22
0.136,0.229373,-1.57876e-22
0.137,0.246806,2.51475e-21
0.138,0.0322582,-2.71325e-20
0.139,-0.36395,2.79948e-19
0.14,-0.36655,-2.74923e-18
0.141,0.211342,2.56546e-17
0.142,-0.310229,-2.27045e-16
0.143,0.463783,1.90165e-15
0.144,-0.045886,-1.50378e-14
0.145,0.289793,1.11971e-13
0.146,0.0454841,-7.8262e-13
0.147,0.032908,5.11657e-12
0.148,0.391395,-3.11592e-11
0.149,-0.286977,1.75887e-10
0.15,-0.00428825,-9.14836e-10
0.001,0.193062,4.35234e-09
0.002,0.244572,-1.87634e-08
0.003,-0.142936,7.23983e-08
0.004,-0.103632,-2.45722e-07
0.005,-0.419222,7.14553e-07
0.006,0.105201,-1.70158e-06
0.007,0.381804,3.01078e-06
0.008,-0.377112,-2.7896e-06
0.009,0.389567,-3.28305e-06
0.01,-0.0573331,1.68386e-05
0.011,0.0391653,-2.05777e-05
0.012,-0.335105,-2.45209e-05
0.013,0.367957,9.84388e-05
0.014,0.426257,-7.7312e-06
0.015,0.431273,-0.000316388
0.016,-0.42476,0.00011059
0.017,-0.190812,0.00103404
0.018,0.354047,4.38312e-05
0.019,0.109797,-0.00321829
0.02,-0.112466,-0.00316882
0.021,-0.508715,0.00684274
0.022,-0.11742,0.0231323
0.023,-0.336053,0.0253584
0.024,0.481931,-0.00142143
0.025,0.212221,-0.0584325
0.026,0.112646,-0.0987033
0.027,0.385912,-0.0231722
0.028,-0.185444,0.305255
0.029,-0.346868,-0.301796
0.03,0.351246,-0.150646
0.031,0.168316,-0.0617617
0.032,0.246948,-0.0198195
0.033,0.493476,-0.0248087
0.034,-0.0246407,-0.0105075
0.035,0.251588,0.0170968
0.036,0.263585,0.00279772
0.037,0.233591,-0.0260515
0.038,-0.453227,-0.00544548
0.039,-0.381508,0.0346524
0.04,-0.209455,0.02579
0.041,-0.209972,-0.0327278
0.042,0.345602,-0.0648542
0.043,-0.265831,-0.020219
0.044,-0.225129,0.0571455
0.045,-0.216969,0.102711
0.046,-0.445662,0.0655379
0.047,-0.20789,-0.0925262
0.048,-0.302195,-0.371297
0.049,-0.324891,0.303849
0.05,0.229373,0.133691
0.051,0.246806,0.0781472
0.052,0.0322582,0.0459174
0.053,-0.36395,0.0258661
0.054,-0.36655,0.0137711
0.055,0.211342,0.00689046
0.056,-0.310229,0.00323445
0.057,0.463783,0.00142481
0.058,-0.045886,0.000589845
0.059,0.289793,0.000229928
0.06,0.0454841,8.45775e-05
0.061,0.032908,2.94211e-05
0.062,0.391395,9.69812e-06
0.063,-0.286977,3.03499e-06
0.064,-0.00428825,9.0327e-07
0.065,0.193062,2.56066e-07
0.066,0.244572,6.92439e-08
0.067,-0.142936,1.78846e-08
0.068,-0.103632,4.41739e-09
0.069,-0.419222,1.04453e-09
0.07,0.105201,2.36695e-10
0.071,0.381804,5.14488e-11
0.072,-0.377112,1.07364e-11
0.073,0.389567,2.1527e-12
0.074,-0.0573331,4.15029e-13
0.075,0.0391653,7.69909e-14
0.076,-0.335105,1.37514e-14
0.127,-0.286977,3.26395e-15
0.128,-0.00428825,5.47787e-16
0.129,0.193062,8.86742e-17
0.13,0.244572,1.38519e-17
0.131,-0.142936,2.08904e-18
0.132,-0.103632,3.04289e-19
0.133,-0.419222,4.28252e-20
0.134,0.105201,5.82365e-21
0.135,0.381804,7.89492e-22
0.136,-0.377112,-1.7563e-22
0.137,0.389567,3.07438e-21
0.138,-0.0573331,-3.27829e-20
0.139,0.0391653,3.34597e-19
0.14,-0.335105,-3.25052e-18
0.141,0.367957,3.00061e-17
0.142,0.426257,-2.62702e-16
0.143,0.431273,2.17663e-15
0.144,-0.42476,-1.70268e-14
0.145,-0.190812,1.25407e-13
0.146,0.354047,-8.66978e-13
0.147,0.109797,5.60569e-12
0.148,-0.112466,-3.37569e-11
0.149,-0.508715,1.88386e-10
0.15,-0.11742,-9.68429e-10
0.001,-0.336053,4.55179e-09
0.002,0.481931,-1.93756e-08
0.003,0.212221,7.37535e-08
0.004,0.112646,-2.46617e-07
0.005,0.385912,7.0491e-07
0.006,-0.185444,-1.64235e-06
0.007,-0.346868,2.80851e-06
0.008,0.351246,-2.34534e-06
0.009,0.168316,-3.76113e-06
0.01,0.246948,1.62986e-05
0.011,0.493476,-1.76924e-05
0.012,-0.0246407,-2.73729e-05
0.013,0.251588,9.20063e-05
0.014,0.263585,8.06832e-06
0.015,0.233591,-0.000304324
0.016,-0.453227,5.52021e-05
0.017,-0.381508,0.00099083
0.018,-0.209455,0.000201243
0.019,-0.209972,-0.00297604
0.02,0.345602,-0.00342349
0.021,-0.265831,0.00567917
0.022,-0.225129,0.021895
0.023,-0.216969,0.0260196
0.024,-0.445662,0.00218496
0.025,-0.20789,-0.053109
0.026,-0.302195,-0.0966273
0.027,-0.324891,-0.0426149
0.028,0.229373,0.269813
0.029,0.246806,-0.334659
0.03,0.0322582,-0.161339
0.031,-0.36395,-0.0679895
0.032,-0.36655,-0.0217428
0.033,0.211342,-0.0251773
0.034,-0.310229,-0.012541
0.035,0.463783,0.0161725
0.036,-0.045886,0.00483274
0.037,0.289793,-0.0252994
0.038,0.0454841,-0.00839227
0.039,0.032908,0.0327625
0.04,0.391395,0.0286601
0.041,-0.286977,-0.0279544
0.042,-0.00428825,-0.0652062
0.043,0.193062,-0.026284
0.044,0.244572,0.0508183
0.045,-0.142936,0.10129
0.046,-0.103632,0.0733787
0.047,-0.419222,-0.0728162
0.048,0.105201,-0.342229
0.049,0.381804,0.330562
0.05,-0.377112,0.141636
0.051,0.389567,0.0823392
0.052,-0.0573331,0.0486269
0.053,0.0391653,0.0276016
0.054,-0.335105,0.014826
0.055,0.367957,0.00748971
0.056,0.426257,0.00355113
0.057,0.431273,0.00158044
0.058,-0.42476,0.000661105
0.059,-0.190812,0.000260415
0.06,0.354047,9.68025e-05
0.061,0.109797,3.40298e-05
0.062,-0.112466,1.13362e-05
0.063,-0.508715,3.58536e-06
0.064,-0.11742,1.07846e-06
0.065,-0.336053,3.09007e-07
0.066,0.481931,8.44603e-08
0.067,0.212221,2.20511e-08
0.068,0.112646,5.50585e-09
0.069,0.385912,1.31619e-09
0.07,-0.185444,3.0155e-10
0.071,-0.346868,6.62756e-11
0.072,0.351246,1.39856e-11
0.073,0.168316,2.83592e-12
0.074,0.246948,5.52987e-13
0.075,0.493476,1.03764e-13
0.076,-0.0246407,1.87486e-14
0.127,-0.508715,4.48574e-15
0.128,-0.11742,7.61657e-16
0.129,-0.336053,1.24753e-16
0.13,0.481931,1.97208e-17
0.131,0.212221,3.01004e-18
0.132,0.112646,4.43792e-19
0.133,0.385912,6.32288e-20
0.134,-0.185444,8.70593e-21
0.135,-0.346868,1.1888e-21
0.136,0.351246,-1.86961e-22
0.137,0.168316,3.74993e-21
0.138,0.246948,-3.95139e-20
0.139,0.493476,3.98983e-19
0.14,-0.0246407,-3.8346e-18
0.141,0.251588,3.50202e-17
0.142,0.263585,-3.0333e-16
0.143,0.233591,2.48642e-15
0.144,-0.453227,-1.92419e-14
0.145,-0.381508,1.40198e-13
0.146,-0.209455,-9.58731e-13
0.147,-0.209972,6.1311e-12
0.148,0.345602,-3.65112e-11
0.149,-0.265831,2.01452e-10
0.15,-0.225129,-1.02358e-09
0.001,-0.216969,4.75317e-09
0.002,-0.445662,-1.99777e-08
0.003,-0.20789,7.50199e-08
0.004,-0.302195,-2.47121e-07
0.005,-0.324891,6.94156e-07
0.006,0.229373,-1.58155e-06
0.007,0.246806,2.60916e-06
0.008,0.0322582,-1.92559e-06
0.009,-0.36395,-4.16898e-06
0.01,-0.36655,1.56755e-05
0.011,0.211342,-1.49153e-05
0.012,-0.310229,-2.97063e-05
0.013,0.463783,8.52712e-05
0.014,-0.045886,2.23094e-05
0.015,0.289793,-0.00029026
0.016,0.0454841,4.52549e-06
0.017,0.032908,0.000941546
0.018,0.391395,0.000341584
0.019,-0.286977,-0.00272762
0.02,-0.00428825,-0.00361812
0.021,0.193062,0.00458565
0.022,0.244572,0.0206077
0.023,-0.142936,0.0264526
0.024,-0.103632,0.00554104
0.025,-0.419222,-0.0478566
0.026,0.105201,-0.0938419
0.027,0.381804,-0.0593964
0.028,-0.377112,0.234906
0.029,0.389567,0.630082
0.03,-0.0573331,-0.172796
0.031,0.0391653,-0.0746061
0.032,-0.335105,-0.0239361
0.033,0.367957,-0.0255591
0.034,0.426257,-0.0145347
0.035,0.431273,0.0150636
0.036,-0.42476,0.00674939
0.037,-0.190812,-0.0243058
0.038,0.354047,-0.0111846
0.039,0.109797,0.0306185
0.04,-0.112466,0.0311764
0.041,-0.508715,-0.0230789
0.042,-0.11742,-0.064984
0.043,-0.336053,-0.0320482
0.044,0.481931,0.0443033
0.045,0.212221,0.0992512
0.046,0.112646,0.0802287
0.047,0.385912,-0.0541818
0.048,-0.185444,-0.313751
0.049,-0.346868,-0.641459
0.05,0.351246,0.150505
0.051,0.168316,0.086716
0.052,0.246948,0.0514482
0.053,0.493476,0.0294195
0.054,-0.0246407,0.0159404
0.055,0.251588,0.00812917
0.056,0.263585,0.00389267
0.057,0.233591,0.00175014
0.058,-0.453227,0.000739669
0.059,-0.381508,0.000294399
0.06,-0.209455,0.000110581
0.061,-0.209972,3.92812e-05
0.062,0.345602,1.32232e-05
0.063,-0.265831,4.22628e-06
0.064,-0.225129,1.2847e-06
0.065,-0.216969,3.72011e-07
0.066,-0.445662,1.02767e-07
0.067,-0.20789,2.71186e-08
0.068,-0.302195,6.84425e-09
0.069,-0.324891,1.65393e-09
0.07,0.229373,3.83074e-10
0.071,0.246806,8.51214e-11
0.072,0.0322582,1.8162e-11
0.073,-0.36395,3.72403e-12
0.074,-0.36655,7.34365e-13
0.075,0.211342,1.39368e-13
0.076,-0.310229,2.54713e-14
0.127,-0.265831,6.14266e-15
0.128,-0.225129,1.05508e-15
0.129,-0.216969,1.74836e-16
0.13,-0.445662,2.79644e-17
0.131,-0.20789,4.31924e-18
0.132,-0.302195,6.44496e-19
0.133,-0.324891,9.29434e-20
0.134,0.229373,1.29556e-20
0.135,0.246806,1.78339e-21
0.136,0.0322582,-1.85308e-22
0.137,-0.36395,4.56386e-21
0.138,-0.36655,-4.75132e-20
0.139,0.211342,4.74667e-19
0.14,-0.310229,-4.51364e-18
0.141,0.463783,4.07854e-17
0.142,-0.045886,-3.49527e-16
0.143,0.289793,2.83473e-15
0.144,0.0454841,-2.17042e-14
0.145,0.032908,1.56449e-13
0.146,0.391395,-1.05835e-12
0.147,-0.286977,6.69451e-12
0.148,-0.00428825,-3.94262e-11
0.149,0.193062,2.15086e-10
0.15,0.244572,-1.08021e-09
0.001,-0.142936,4.95603e-09
0.002,-0.103632,-2.05678e-08
0.003,-0.419222,7.61925e-08
0.004,0.105201,-2.47231e-07
0.005,0.381804,6.82335e-07
0.006,-0.377112,-1.51942e-06
0.007,0.389567,2.41333e-06
0.008,-0.0573331,-1.53074e-06
0.009,0.0391653,-4.50974e-06
0.01,-0.335105,1.49815e-05
0.011,0.367957,-1.22605e-05
0.012,0.426257,-3.15467e-05
0.013,0.431273,7.83266e-05
0.014,-0.42476,3.49944e-05
0.015,-0.190812,-0.00027453
0.016,0.354047,-4.13657e-05
0.017,0.109797,0.000887277
0.018,-0.112466,0.000465071
0.019,-0.508715,-0.00247609
0.02,-0.11742,-0.00375706
0.021,-0.336053,0.00356464
0.022,0.481931,0.019285
0.023,0.212221,0.0266708
0.024,0.112646,0.00864127
0.025,0.385912,-0.042698
0.026,-0.185444,-0.0905088
0.027,-0.346868,-0.0734202
0.028,0.351246,0.200693
0.029,0.168316,0.593541
0.03,0.246948,-0.185032
0.031,0.493476,-0.0816301
0.032,-0.0246407,-0.0264131
0.033,0.251588,-0.0259697
0.034,0.263585,-0.0164814
0.035,0.233591,0.0137789
0.036,-0.453227,0.00852966
0.037,-0.381508,-0.0230888
0.038,-0.209455,-0.0137983
0.039,-0.209972,0.0282454
0.04,0.345602,0.0333285
0.041,-0.265831,-0.0181517
0.042,-0.225129,-0.0642005
0.043,-0.216969,-0.0374725
0.044,-0.445662,0.0376402
0.045,-0.20789,0.0966336
0.046,-0.302195,0.0861167
0.047,-0.324891,-0.0366371
0.048,0.229373,-0.285928
0.049,0.246806,-0.612481
0.05,0.0322582,0.160553
0.051,-0.36395,0.0912942
0.052,-0.36655,0.0543846
0.053,0.211342,0.0313215
0.054,-0.310229,0.0171163
0.055,0.463783,0.00881055
0.056,-0.045886,0.00426046
0.057,0.289793,0.00193487
0.058,0.0454841,0.000826133
0.059,0.032908,0.000332214
0.06,0.391395,0.00012608
0.061,-0.286977,4.52531e-05
0.062,-0.00428825,1.53925e-05
0.063,0.193062,4.97104e-06
0.064,0.244572,1.52695e-06
0.065,-0.142936,4.46818e-07
0.066,-0.103632,1.24738e-07
0.067,-0.419222,3.32667e-08
0.068,0.105201,8.48577e-09
0.069,0.381804,2.07268e-09
0.07,-0.377112,4.85268e-10
0.071,0.389567,1.09007e-10
0.072,-0.0573331,2.35142e-11
0.073,0.0391653,4.87493e-12
0.074,-0.335105,9.72065e-13
0.075,0.367957,1.86559e-13
0.076,0.426257,3.44838e-14
0.127,0.193062,8.38184e-15
0.128,0.244572,1.4562e-15
0.129,-0.142936,2.44097e-16
0.13,-0.103632,3.94988e-17
0.131,-0.419222,6.17281e-18
0.132,0.105201,9.32065e-19
0.133,0.381804,1.36034e-19
0.134,-0.377112,1.91937e-20
0.135,0.389567,2.66514e-21
0.136,-0.0573331,-1.60313e-22
0.137,0.0391653,5.54283e-21
0.138,-0.335105,-5.69977e-20
0.139,0.367957,5.63434e-19
0.14,0.426257,-5.3014e-18
0.141,0.431273,4.74005e-17
0.142,-0.42476,-4.0195e-16
0.143,-0.190812,3.2256e-15
0.144,0.354047,-2.44361e-14
0.145,0.109797,1.74272e-13
0.146,-0.112466,-1.1663e-12
0.147,-0.508715,7.29756e-12
0.148,-0.11742,-4.25057e-11
0.149,-0.336053,2.29286e-10
0.15,0.481931,-1.13826e-09
0.001,0.212221,5.15986e-09
0.002,0.112646,-2.1144e-08
0.003,0.385912,7.72668e-08
0.004,-0.185444,-2.46946e-07
0.005,-0.346868,6.69492e-07
0.006,0.351246,-1.4562e-06
0.007,0.168316,2.22158e-06
0.008,0.246948,-1.16102e-06
0.009,0.493476,-4.78673e-06
0.01,-0.0246407,1.42281e-05
0.011,0.251588,-9.73983e-06
0.012,0.263585,-3.29221e-05
0.013,0.233591,7.12595e-05
0.014,-0.453227,4.6141e-05
0.015,-0.381508,-0.000257452
0.016,-0.209455,-8.2454e-05
0.017,-0.209972,0.000829059
0.018,0.345602,0.000572067
0.019,-0.265831,-0.00222423
0.02,-0.225129,-0.00384471
0.021,-0.216969,0.00261769
0.022,-0.445662,0.0179403
0.023,-0.20789,0.0266887
0.024,-0.302195,0.0114819
0.025,-0.324891,-0.0376534
0.026,0.229373,-0.0867532
0.027,0.246806,-0.0846837
0.028,0.0322582,0.167326
0.029,-0.36395,0.556573
0.03,-0.36655,-0.198099
0.031,0.211342,-0.0890791
0.032,-0.310229,-0.0291873
0.033,0.463783,-0.0264257
0.034,-0.045886,-0.0183756
0.035,0.289793,0.0123283
0.036,0.0454841,0.0101572
0.037,0.032908,-0.0216687
0.038,0.391395,-0.016211
0.039,-0.286977,0.0256696
0.04,-0.00428825,0.0351095
0.041,0.193062,-0.0132218
0.042,0.244572,-0.0628743
0.043,-0.142936,-0.0425195
0.044,-0.103632,0.0308695
0.045,-0.419222,0.0934746
0.046,0.105201,0.0910736
0.047,0.381804,-0.020191
0.048,-0.377112,-0.258822
0.049,0.389567,-0.582766
0.05,-0.0573331,0.172043
0.051,0.0391653,0.0960929
0.052,-0.335105,0.0574397
0.053,0.367957,0.0333098
0.054,0.426257,0.0183555
0.055,0.431273,0.00953559
0.056,-0.42476,0.0046559
0.057,-0.190812,0.00213563
0.058,0.354047,0.00092113
0.059,0.109797,0.000374214
0.06,-0.112466,0.000143482
0.061,-0.508715,5.20311e-05
0.062,-0.11742,1.78811e-05
0.063,-0.336053,5.83466e-06
0.064,0.481931,1.81087e-06
0.065,0.212221,5.35436e-07
0.066,0.112646,1.51046e-07
0.067,0.385912,4.07076e-08
0.068,-0.185444,1.04939e-08
0.069,-0.346868,2.59052e-09
0.07,0.351246,6.13022e-10
0.071,0.168316,1.39194e-10
0.072,0.246948,3.03531e-11
0.073,0.493476,6.36183e-12
0.074,-0.0246407,1.28259e-12
0.075,0.251588,2.48903e-13
0.076,0.263585,4.65257e-14
0.127,-0.336053,1.13975e-14
0.128,0.481931,2.00258e-15
0.129,0.212221,3.39531e-16
0.13,0.112646,5.55767e-17
0.131,0.385912,8.78686e-18
0.132,-0.185444,1.34242e-18
0.133,-0.346868,1.9826e-19
0.134,0.351246,2.83113e-20
0.135,0.168316,3.96741e-21
0.136,0.246948,-9.59696e-23
0.137,0.493476,6.71851e-21
0.138,-0.0246407,-6.82173e-20
0.139,0.251588,6.67315e-19
0.14,0.263585,-6.21333e-18
0.141,0.233591,5.49752e-17
0.142,-0.453227,-4.61321e-16
0.143,-0.381508,3.66337e-15
0.144,-0.209455,-2.74616e-14
0.145,-0.209972,1.93783e-13
0.146,0.345602,-1.28309e-12
0.147,-0.265831,7.94193e-12
0.148,-0.225129,-4.57533e-11
0.149,-0.216969,2.44049e-10
0.15,-0.445662,-1.19763e-09
0.001,-0.20789,5.36417e-09
0.002,-0.302195,-2.17044e-08
0.003,-0.324891,7.82384e-08
0.004,0.229373,-2.46267e-07
0.005,0.246806,6.5568e-07
0.006,0.0322582,-1.39211e-06
0.007,-0.36395,2.03444e-06
0.008,-0.36655,-8.16542e-07
0.009,0.211342,-5.00339e-06
0.01,-0.310229,1.34263e-05
0.011,0.463783,-7.36314e-06
0.012,-0.045886,-3.3862e-05
0.013,0.289793,6.41498e-05
0.014,0.0454841,5.57807e-05
0.015,0.032908,-0.00023933
0.016,0.391395,-0.000118773
0.017,-0.286977,0.000767867
0.018,-0.00428825,0.000663069
0.019,0.193062,-0.00197457
0.02,0.244572,-0.00388549
0.021,-0.142936,0.00174561
0.022,-0.103632,0.0165862
0.023,-0.419222,0.026521
0.024,0.105201,0.0140607
0.025,0.381804,-0.0327408
0.026,-0.377112,-0.0826712
0.027,0.389567,-0.0932818
0.028,-0.0573331,0.134955
0.029,0.0391653,0.519697
0.03,-0.335105,-0.21214
0.031,0.367957,-0.0969712
0.032,0.426257,-0.0322722
0.033,0.431273,-0.0269437
0.034,-0.42476,-0.0202127
0.035,-0.190812,0.010722
0.036,0.354047,0.0116178
0.037,0.109797,-0.0200675
0.038,-0.112466,-0.0184031
0.039,-0.508715,0.0229183
0.04,-0.11742,0.036516
0.041,-0.336053,-0.00833583
0.042,0.481931,-0.0610297
0.043,0.212221,-0.0471538
0.044,0.112646,0.0240313
0.045,0.385912,0.0898125
0.046,-0.185444,0.0951318
0.047,-0.346868,-0.00484723
0.048,0.351246,-0.232488
0.049,0.168316,-0.55256
0.05,0.246948,0.185222
0.051,0.493476,0.101132
0.052,-0.0246407,0.0606176
0.053,0.251588,0.0353864
0.054,0.263585,0.0196599
0.055,0.233591,0.010306
0.056,-0.453227,0.00508043
0.057,-0.381508,0.00235346
0.058,-0.209455,0.00102532
0.059,-0.209972,0.000420781
0.06,0.345602,0.000162986
0.061,-0.265831,5.97092e-05
0.062,-0.225129,2.07304e-05
0.063,-0.216969,6.83403e-06
0.064,-0.445662,2.14293e-06
0.065,-0.20789,6.40182e-07
0.066,-0.302195,1.82473e-07
0.067,-0.324891,4.96914e-08
0.068,0.229373,1.29445e-08
0.069,0.246806,3.22925e-09
0.07,0.0322582,7.72301e-10
0.071,-0.36395,1.77238e-10
0.072,-0.36655,3.90663e-11
0.073,0.211342,8.2771e-12
0.074,-0.310229,1.68701e-12
0.075,0.463783,3.31004e-13
0.076,-0.045886,6.25615e-14
0.127,-0.216969,1.54453e-14
0.128,-0.445662,2.74426e-15
0.129,-0.20789,4.70552e-16
0.13,-0.302195,7.79043e-17
0.131,-0.324891,1.24592e-17
0.132,0.229373,1.92568e-18
0.133,0.246806,2.87751e-19
0.134,0.0322582,4.15809e-20
0.135,-0.36395,5.88293e-21
0.136,-0.36655,3.20609e-23
0.137,0.211342,8.12863e-21
0.138,-0.310229,-8.14594e-20
0.139,0.463783,7.8862e-19
0.14,-0.045886,-7.2668e-18
0.141,0.289793,6.36312e-17
0.142,0.0454841,-5.2843e-16
0.143,0.032908,4.15276e-15
0.144,0.391395,-3.08059e-14
0.145,-0.286977,2.15105e-13
0.146,-0.00428825,-1.40921e-12
0.147,0.193062,8.62923e-12
0.148,0.244572,-4.91721e-11
0.149,-0.142936,2.59368e-10
0.15,-0.103632,-1.25823e-09
0.001,-0.419222,5.56841e-09
0.002,0.105201,-2.22471e-08
0.003,0.381804,7.91035e-08
0.004,-0.377112,-2.45195e-07
0.005,0.389567,6.40954e-07
0.006,-0.0573331,-1.32739e-06
0.007,0.0391653,1.85239e-06
0.008,-0.335105,-4.97266e-07
0.009,0.367957,-5.16334e-06
0.01,0.426257,1.25868e-05
0.011,0.431273,-5.13812e-06
0.012,-0.42476,-3.43972e-05
0.013,-0.190812,5.70705e-05
0.014,0.354047,6.3957e-05
0.015,0.109797,-0.000220448
0.016,-0.112466,-0.000150403
0.017,-0.508715,0.000704614
0.018,-0.11742,0.000738685
0.019,-0.336053,-0.00172934
0.02,0.481931,-0.00388378
0.021,0.212221,0.000948422
0.022,0.112646,0.0152343
0.023,0.385912,0.0261834
0.024,-0.185444,0.0163774
0.025,-0.346868,-0.0279767
0.026,0.351246,-0.0783386
0.027,0.168316,-0.0993976
0.028,0.246948,0.103736
0.029,0.493476,0.483151
0.03,-0.0246407,-0.227437
0.031,0.251588,-0.105328
0.032,0.263585,-0.0356813
0.033,0.233591,-0.027541
0.034,-0.453227,-0.0219899
0.035,-0.381508,0.00897157
0.036,-0.209455,0.0128984
0.037,-0.209972,-0.0183085
0.038,0.345602,-0.0203574
0.039,-0.265831,0.0200199
0.04,-0.225129,0.0375473
0.041,-0.216969,-0.00353813
0.042,-0.445662,-0.0586962
0.043,-0.20789,-0.0513428
0.044,-0.302195,0.0171661
0.045,-0.324891,0.0856848
0.046,0.229373,0.0983245
0.047,0.246806,0.00939524
0.048,0.0322582,-0.20698
0.049,-0.36395,-0.522086
0.05,-0.36655,0.200289
0.051,0.211342,0.106429
0.052,-0.310229,0.063923
0.053,0.463783,0.0375534
0.054,-0.045886,0.0210313
0.055,0.289793,0.0111236
0.056,0.0454841,0.00553551
0.057,0.032908,0.00258945
0.058,0.391395,0.00113941
0.059,-0.286977,0.000472321
0.06,-0.00428825,0.000184804
0.061,0.193062,6.83906e-05
0.062,0.244572,2.39864e-05
0.063,-0.142936,7.98813e-06
0.064,-0.103632,2.53047e-06
0.065,-0.419222,7.6372e-07
0.066,0.105201,2.19931e-07
0.067,0.381804,6.05126e-08
0.068,-0.377112,1.59276e-08
0.069,0.389567,4.01507e-09
0.07,-0.0573331,9.7036e-10
0.071,0.0391653,2.25055e-10
0.072,-0.335105,5.01361e-11
0.073,0.367957,1.07369e-11
0.074,0.426257,2.21211e-12
0.075,0.431273,4.3878e-13
0.076,-0.42476,8.38468e-14
0.127,-0.142936,2.08603e-14
0.128,-0.103632,3.74758e-15
0.129,-0.419222,6.49796e-16
0.13,0.105201,1.08798e-16
0.131,0.381804,1.75988e-17
0.132,-0.377112,2.75144e-18
0.133,0.389567,4.15936e-19
0.134,-0.0573331,6.08131e-20
0.135,0.0391653,8.68909e-21
0.136,-0.335105,2.60306e-22
0.137,0.367957,9.8182e-21
0.138,0.426257,-9.70534e-20
0.139,0.431273,9.29968e-19
0.14,-0.42476,-8.48126e-18
0.141,-0.190812,7.3503e-17
0.142,0.354047,-6.04139e-16
0.143,0.109797,4.69881e-15
0.144,-0.112466,-3.4496e-14
0.145,-0.508715,2.38363e-13
0.146,-0.11742,-1.54516e-12
0.147,-0.336053,9.36105e-12
0.148,0.481931,-5.27647e-11
0.149,0.212221,2.75235e-10
0.15,0.112646,-1.31995e-09
0.001,0.385912,5.77206e-09
0.002,-0.185444,-2.27703e-08
0.003,-0.346868,7.98586e-08
0.004,0.351246,-2.43734e-07
0.005,0.168316,6.25371e-07
0.006,0.246948,-1.26227e-06
0.007,0.493476,1.67589e-06
0.008,-0.0246407,-2.03035e-07
0.009,0.251588,-5.27023e-06
0.01,0.263585,1.17194e-05
0.011,0.233591,-3.07052e-06
0.012,-0.453227,-3.45597e-05
0.013,-0.381508,5.00878e-05
0.014,-0.209455,7.07242e-05
0.015,-0.209972,-0.000201072
0.016,0.345602,-0.000177464
0.017,-0.265831,0.000640147
0.018,-0.225129,0.00079962
0.019,-0.216969,-0.00149055
0.02,-0.445662,-0.00384394
0.021,-0.20789,0.000225534
0.022,-0.302195,0.013895
0.023,-0.324891,0.0256916
0.024,0.229373,0.0184335
0.025,0.246806,-0.0233761
0.026,0.0322582,-0.0738173
0.027,-0.36395,-0.103284
0.028,-0.36655,0.073845
0.029,0.211342,0.447001
0.03,-0.310229,-0.244429
0.031,0.463783,-0.114177
0.032,-0.045886,-0.0394279
0.033,0.289793,-0.0282353
0.034,0.0454841,-0.0237058
0.035,0.032908,0.00708878
0.036,0.391395,0.0139883
0.037,-0.286977,-0.0164164
0.038,-0.00428825,-0.0220594
0.039,0.193062,0.0170035
0.04,0.244572,0.0382066
0.041,-0.142936,0.00112987
0.042,-0.103632,-0.0559083
0.043,-0.419222,-0.0550572
0.044,0.105201,0.0103147
0.045,0.381804,0.0811293
0.046,-0.377112,0.100687
0.047,0.389567,0.0225422
0.048,-0.0573331,-0.182348
0.049,0.0391653,-0.491535
0.05,-0.335105,0.217373
0.051,0.367957,0.112004
0.052,0.426257,0.0673604
0.053,0.431273,0.039813
0.054,-0.42476,0.0224717
0.055,-0.190812,0.01199
0.056,0.354047,0.00602263
0.057,0.109797,0.00284469
0.058,-0.112466,0.00126413
0.059,-0.508715,0.000529266
0.06,-0.11742,0.000209169
0.061,-0.336053,7.81881e-05
0.062,0.481931,2.76998e-05
0.063,0.212221,9.31825e-06
0.064,0.112646,2.9818e-06
0.065,0.385912,9.09105e-07
0.066,-0.185444,2.64476e-07
0.067,-0.346868,7.35165e-08
0.068,0.351246,1.95502e-08
0.069,0.168316,4.97944e-09
0.07,0.246948,1.216e-09
0.071,0.493476,2.84993e-10
0.072,-0.0246407,6.41608e-11
0.073,0.251588,1.38869e-11
0.074,0.263585,2.89185e-12
0.075,0.233591,5.79823e-13
0.076,-0.453227,1.12009e-13
0.127,0.212221,2.8081e-14
0.128,0.112646,5.10028e-15
0.129,0.385912,8.94159e-16
0.13,-0.185444,1.51389e-16
0.131,-0.346868,2.47653e-17
0.132,0.351246,3.91606e-18
0.133,0.168316,5.98819e-19
0.134,0.246948,8.85732e-20
0.135,0.493476,1.27836e-20
0.136,-0.0246407,6.43e-22
0.137,0.251588,1.18412e-20
0.138,0.263585,-1.15377e-19
0.139,0.233591,1.09433e-18
0.14,-0.453227,-9.87847e-18
0.141,-0.381508,8.47394e-17
0.142,-0.209455,-6.89387e-16
0.143,-0.209972,5.30698e-15
0.144,0.345602,-3.85603e-14
0.145,-0.265831,2.63689e-13
0.146,-0.225129,-1.69147e-12
0.147,-0.216969,1.01389e-11
0.148,-0.445662,-5.65334e-11
0.149,-0.20789,2.9164e-10
0.15,-0.302195,-1.38269e-09
0.001,-0.324891,5.97455e-09
0.002,0.229373,-2.3272e-08
0.003,0.246806,8.05004e-08
0.004,0.0322582,-2.41889e-07
0.005,-0.36395,6.08991e-07
0.006,-0.36655,-1.19697e-06
0.007,0.211342,1.50531e-06
0.008,-0.310229,6.64289e-08
0.009,0.463783,-5.32782e-06
0.01,-0.045886,1.08335e-05
0.011,0.289793,-1.16426e-06
0.012,0.0454841,-3.43817e-05
0.013,0.032908,4.32608e-05
0.014,0.391395,7.61455e-05
0.015,-0.286977,-0.000181448
0.016,-0.00428825,-0.000200112
0.017,0.193062,0.000575244
0.018,0.244572,0.000846659
0.019,-0.142936,-0.00125992
0.02,-0.103632,-0.00377018
0.021,-0.419222,-0.000424251
0.022,0.105201,0.012578
0.023,0.381804,0.0250612
0.024,-0.377112,0.0202318
0.025,0.389567,-0.0189526
0.026,-0.0573331,-0.0691601
0.027,0.0391653,-0.105239
0.028,-0.335105,0.045488
0.029,0.367957,0.411229
0.03,0.426257,-0.263675
0.031,0.431273,-0.123557
0.032,-0.42476,-0.0435255
0.033,-0.190812,-0.0290441
0.034,0.354047,-0.0253605
0.035,0.109797,0.00508571
0.036,-0.112466,0.014878
0.037,-0.508715,-0.0144163
0.038,-0.11742,-0.0234978
0.039,-0.336053,0.0138987
0.04,0.481931,0.0384991
0.041,0.212221,0.00563002
0.042,0.112646,-0.0527046
0.043,0.385912,-0.0582711
0.044,-0.185444,0.00351775
0.045,-0.346868,0.0761837
0.046,0.351246,0.102254
0.047,0.168316,0.0346038
0.048,0.246948,-0.158637
0.049,0.493476,-0.461071
0.05,-0.0246407,0.236524
0.051,0.251588,0.11788
0.052,0.263585,0.0709348
0.053,0.233591,0.0421673
0.054,-0.453227,0.0239827
0.055,-0.381508,0.0129071
0.056,-0.209455,0.00654331
0.057,-0.209972,0.00312035
0.058,0.345602,0.00140024
0.059,-0.265831,0.000592076
0.06,-0.225129,0.000236328
0.061,-0.216969,8.92248e-05
0.062,-0.445662,3.19269e-05
0.063,-0.20789,1.08482e-05
0.064,-0.302195,3.50635e-06
0.065,-0.324891,1.07984e-06
0.066,0.229373,3.17332e-07
0.067,0.246806,8.91075e-08
0.068,0.0322582,2.39389e-08
0.069,-0.36395,6.16001e-09
0.07,-0.36655,1.51988e-09
0.071,0.211342,3.59924e-10
0.072,-0.310229,8.18803e-11
0.073,0.463783,1.79093e-11
0.074,-0.045886,3.76921e-12
0.075,0.289793,7.63842e-13
0.076,0.0454841,1.49154e-13
0.127,-0.20789,3.76786e-14
0.128,-0.302195,6.91801e-15
0.129,-0.324891,1.22616e-15
0.13,0.229373,2.09903e-16
0.131,0.246806,3.47215e-17
0.132,0.0322582,5.55243e-18
0.133,-0.36395,8.58726e-19
0.134,-0.36655,1.28482e-19
0.135,0.211342,1.87341e-20
0.136,-0.310229,1.25994e-21
0.137,0.463783,1.42628e-20
0.138,-0.045886,-1.3686e-19
0.139,0.289793,1.28504e-18
0.14,0.0454841,-1.14827e-17
0.141,0.032908,9.75042e-17
0.142,0.391395,-7.85196e-16
0.143,-0.286977,5.98309e-15
0.144,-0.00428825,-4.30289e-14
0.145,0.193062,2.91219e-13
0.146,0.244572,-1.84866e-12
0.147,-0.142936,1.09644e-11
0.148,-0.103632,-6.04799e-11
0.149,-0.419222,3.08568e-10
0.15,0.105201,-1.44633e-09
0.001,0.381804,6.17533e-09
0.002,-0.377112,-2.37506e-08
0.003,0.389567,8.10264e-08
0.004,-0.0573331,-2.39668e-07
0.005,0.0391653,5.91877e-07
0.006,-0.335105,-1.13172e-06
0.007,0.367957,1.34104e-06
0.008,0.426257,3.11515e-07
0.009,0.431273,-5.33988e-06
0.01,-0.42476,9.93786e-06
0.011,-0.190812,5.78439e-07
0.012,0.354047,-3.3896e-05
0.013,0.109797,3.66416e-05
0.014,-0.112466,8.0292e-05
0.015,-0.508715,-0.0001618
0.016,-0.11742,-0.000218533
0.017,-0.336053,0.000510614
0.018,0.481931,0.000880654
0.019,0.212221,-0.00103893
0.02,0.112646,-0.00366664
0.021,0.385912,-0.00100264
0.022,-0.185444,0.0112915
0.023,-0.346868,0.0243082
0.024,0.351246,0.0217771
0.025,0.168316,-0.0147187
0.026,0.246948,-0.064413
0.027,0.493476,-0.105578
0.028,-0.0246407,0.018898
0.029,0.251588,0.375802
0.03,0.263585,-0.285725
0.031,0.233591,-0.133517
0.032,-0.453227,-0.0479882
0.033,-0.381508,-0.0299854
0.034,-0.209455,-0.0269553
0.035,-0.209972,0.00297487
0.036,0.345602,0.0155604
0.037,-0.265831,-0.0123342
0.038,-0.225129,-0.024664
0.039,-0.216969,0.0107353
0.04,-0.445662,0.0384332
0.041,-0.20789,0.00992703
0.042,-0.302195,-0.0491271
0.043,-0.324891,-0.0609625
0.044,0.229373,-0.00318408
0.045,0.246806,0.0708857
0.046,0.0322582,0.103062
0.047,-0.36395,0.0455941
0.048,-0.36655,-0.135886
0.049,0.211342,-0.430829
0.05,-0.310229,0.257709
0.051,0.463783,0.124096
0.052,-0.045886,0.0746511
0.053,0.289793,0.0446187
0.054,0.0454841,0.0255662
0.055,0.032908,0.0138765
0.056,0.391395,0.00709907
0.057,-0.286977,0.00341761
0.058,-0.00428825,0.00154856
0.059,0.193062,0.00066124
0.06,0.244572,0.00026655
0.061,-0.142936,0.000101635
0.062,-0.103632,3.67297e-05
0.063,-0.419222,1.26046e-05
0.064,0.105201,4.11477e-06
0.065,0.381804,1.27992e-06
0.066,-0.377112,3.79913e-07
0.067,0.389567,1.07758e-07
0.068,-0.0573331,2.92433e-08
0.069,0.0391653,7.60175e-09
0.07,-0.335105,1.89485e-09
0.071,0.367957,4.53356e-10
0.072,0.426257,1.04208e-10
0.073,0.431273,2.30315e-11
0.074,-0.42476,4.89834e-12
0.075,-0.190812,1.00321e-12
0.076,0.354047,1.97994e-13
0.127,-0.419222,5.03955e-14
0.128,0.105201,9.3527e-15
0.129,0.381804,1.67572e-15
0.13,-0.377112,2.9001e-16
0.131,0.389567,4.85039e-17
0.132,-0.0573331,7.84314e-18
0.133,0.0391653,1.22669e-18
0.134,-0.335105,1.85631e-19
0.135,0.367957,2.73481e-20
0.136,0.426257,2.22761e-21
0.137,0.431273,1.71616e-20
0.138,-0.42476,-1.61993e-19
0.139,-0.190812,1.50589e-18
0.14,0.354047,-1.3321e-17
0.141,0.109797,1.11978e-16
0.142,-0.112466,-8.92674e-16
0.143,-0.508715,6.73339e-15
0.144,-0.11742,-4.79333e-14
0.145,-0.336053,3.21094e-13
0.146,0.481931,-2.01724e-12
0.147,0.212221,1.18388e-11
0.148,0.112646,-6.46054e-11
0.149,0.385912,3.26004e-10
0.15,-0.185444,-1.51074e-09
0.001,-0.346868,6.37381e-09
0.002,0.351246,-2.42044e-08
0.003,0.168316,8.14343e-08
0.004,0.246948,-2.37078e-07
0.005,0.493476,5.74095e-07
0.006,-0.0246407,-1.06672e-06
0.007,0.251588,1.18337e-06
0.008,0.263585,5.32717e-07
0.009,0.233591,-5.3102e-06
0.01,-0.453227,9.04043e-06
0.011,-0.381508,2.15697e-06
0.012,-0.209455,-3.31349e-05
0.013,-0.209972,3.02758e-05
0.014,0.345602,8.32405e-05
0.015,-0.265831,-0.000142333
0.016,-0.225129,-0.00023294
0.017,-0.216969,0.000446892
0.018,-0.445662,0.000902503
0.019,-0.20789,-0.000828841
0.02,-0.302195,-0.0035373
0.021,-0.324891,-0.00151179
0.022,0.229373,0.010043
0.023,0.246806,0.023448
0.024,0.0322582,0.0230757
0.025,-0.36395,-0.0106853
0.026,-0.36655,-0.0596167
0.027,0.211342,-0.104609
0.028,-0.310229,-0.00567219
0.029,0.463783,0.340714
0.03,-0.045886,-0.310917
0.031,0.289793,-0.144113
0.032,0.0454841,-0.0528311
0.033,0.032908,-0.031077
0.034,0.391395,-0.0284935
0.035,-0.286977,0.000768781
0.036,-0.00428825,0.0160296
0.037,0.193062,-0.010196
0.038,0.244572,-0.0255528
0.039,-0.142936,0.00754309
0.04,-0.103632,0.0380198
0.041,-0.419222,0.0139893
0.042,0.105201,-0.0452209
0.043,0.381804,-0.0631143
0.044,-0.377112,-0.00975013
0.045,0.389567,0.0652728
0.046,-0.0573331,0.103147
0.047,0.0391653,0.0555309
0.048,-0.335105,-0.114129
0.049,0.367957,-0.400919
0.05,0.426257,0.28082
0.051,0.431273,0.130722
0.052,-0.42476,0.0785152
0.053,-0.190812,0.0471695
0.054,0.354047,0.0272241
0.055,0.109797,0.0148999
0.056,-0.112466,0.00769145
0.057,-0.508715,0.00373766
0.058,-0.11742,0.00170992
0.059,-0.336053,0.000737275
0.06,0.481931,0.000300122
0.061,0.212221,0.000115565
0.062,0.112646,4.21764e-05
0.063,0.385912,1.4617e-05
0.064,-0.185444,4.81906e-06
0.065,-0.346868,1.5139e-06
0.066,0.351246,4.5385e-07
0.067,0.168316,1.30019e-07
0.068,0.246948,3.56397e-08
0.069,0.493476,9.35822e-09
0.07,-0.0246407,2.35641e-09
0.071,0.251588,5.69558e-10
0.072,0.263585,1.32266e-10
0.073,0.233591,2.95362e-11
0.074,-0.453227,6.34738e-12
0.075,-0.381508,1.31367e-12
0.076,-0.209455,2.62016e-13
0.127,0.385912,6.71934e-14
0.128,-0.185444,1.26033e-14
0.129,-0.346868,2.28246e-15
0.13,0.351246,3.99307e-16
0.131,0.168316,6.75159e-17
0.132,0.246948,1.10382e-17
0.133,0.493476,1.74569e-18
0.134,-0.0246407,2.67152e-19
0.135,0.251588,3.97695e-20
0.136,0.263585,3.71487e-21
0.137,0.233591,2.06339e-20
0.138,-0.453227,-1.91333e-19
0.139,-0.381508,1.76112e-18
0.14,-0.209455,-1.54234e-17
0.141,-0.209972,1.28357e-16
0.142,0.345602,-1.01302e-15
0.143,-0.265831,7.56453e-15
0.144,-0.225129,-5.33068e-14
0.145,-0.216969,3.53459e-13
0.146,-0.445662,-2.19773e-12
0.147,-0.207889,1.27635e-11
0.148,-0.302195,-6.89104e-11
0.149,-0.324892,3.43929e-10
0.15,0.229373,-1.57578e-09
0.001,0.246806,6.56941e-09
0.002,0.0322585,-2.46316e-08
0.003,-0.363949,8.17223e-08
0.004,-0.36655,-2.3413e-07
0.005,0.211342,5.55712e-07
0.006,-0.310229,-1.00218e-06
0.007,0.463783,1.03257e-06
0.008,-0.0458863,7.30626e-07
0.009,0.289793,-5.24254e-06
0.01,0.0454837,8.14864e-06
0.011,0.0329082,3.57217e-06
0.012,0.391396,-3.21308e-05
0.013,-0.286977,2.4202e-05
0.014,-0.00428833,8.50731e-05
0.015,0.193062,-0.000123228
0.016,0.244573,-0.000243566
0.017,-0.142936,0.000384648
0.018,-0.103632,0.000913145
0.019,-0.419222,-0.00063067
0.02,0.105201,-0.00338595
0.021,0.381804,-0.00195424
0.022,-0.377112,0.00883905
0.023,0.389566,0.0224959
0.024,-0.0573326,0.0241351
0.025,0.0391652,-0.00686198
0.026,-0.335105,-0.0548072
0.027,0.367957,-0.10261
0.028,0.426257,-0.0279686
0.029,0.431273,0.306002
0.03,-0.424761,-0.33918
0.031,-0.190812,-0.155401
0.032,0.354047,-0.0580699
0.033,0.109796,-0.0323371
0.034,-0.112466,-0.0299794
0.035,-0.508715,-0.0015201
0.036,-0.117419,0.0162818
0.037,-0.336053,-0.00802749
0.038,0.481931,-0.0261622
0.039,0.212221,0.00435209
0.04,0.112646,0.037272
0.041,0.385912,0.0177889
0.042,-0.185444,-0.0410331
0.043,-0.346868,-0.0647143
0.044,0.351246,-0.0161402
0.045,0.168316,0.0593829
0.046,0.246948,0.102546
0.047,0.493476,0.0644351
0.048,-0.0246409,-0.0933984
0.049,0.251588,-0.371436
0.05,0.263585,0.305685
0.051,0.233591,0.13787
0.052,-0.453227,0.0825341
0.053,-0.381508,0.049822
0.054,-0.209455,0.0289581
0.055,-0.209971,0.0159792
0.056,0.345602,0.00832202
0.057,-0.265831,0.00408177
0.058,-0.225129,0.0018852
0.059,-0.216969,0.000820726
0.06,-0.445663,0.000337352
0.061,-0.20789,0.000131172
0.062,-0.302194,4.83421e-05
0.063,-0.324891,1.69184e-05
0.064,0.229374,5.63273e-06
0.065,0.246807,1.78697e-06
0.066,0.0322567,5.41018e-07
0.067,-0.363951,1.56532e-07
0.068,-0.366551,4.33354e-08
0.069,0.211344,1.14931e-08
0.07,-0.310229,2.92317e-09
0.071,0.463784,7.13715e-10
0.072,-0.0458845,1.67436e-10
0.073,0.289792,3.77742e-11
0.074,0.0454864,8.20177e-12
0.075,0.0329068,1.71516e-12
0.076,0.391393,3.45689e-13
0.127,-0.324894,8.93144e-14
0.128,0.229372,1.69297e-14
0.129,0.246803,3.09867e-15
0.13,0.0322653,5.47931e-16
0.131,-0.363946,9.36512e-17
0.132,-0.366546,1.54787e-17
0.133,0.211334,2.47502e-18
0.134,-0.310229,3.82995e-19
0.135,0.463777,5.76127e-20
0.136,-0.0458931,5.96502e-21
0.137,0.289795,2.4798e-20
0.138,0.0454737,-2.25513e-19
0.139,0.0329134,2.05549e-18
0.14,0.391405,-1.78232e-17
0.141,-0.28698,1.4686e-16
0.142,-0.00428982,-1.14754e-15
0.143,0.193068,8.4836e-15
0.144,0.244577,-5.9184e-14
0.145,-0.14293,3.88461e-13
0.146,-0.103637,-2.39066e-12
0.147,-0.419214,1.37397e-11
0.148,0.105203,-7.3395e-11
0.149,0.381807,3.62323e-10
0.15,-0.377109,-1.64132e-09
0.001,0.389563,6.76156e-09
0.002,-0.0573226,-2.50308e-08
0.003,0.0391627,8.18889e-08
0.004,-0.335104,-2.30834e-07
0.005,0.367959,5.36794e-07
0.006,0.426258,-9.38312e-07
0.007,0.431278,8.8888e-07
0.008,-0.424769,9.05918e-07
0.009,-0.190802,-5.14065e-06
0.01,0.354056,7.26922e-06
0.011,0.109795,4.82621e-06
0.012,-0.112462,-3.0915e-05
0.013,-0.508717,1.84526e-05
0.014,-0.117412,8.58752e-05
0.015,-0.336058,-0.000104648
0.016,0.481935,-0.00025066
0.017,0.212229,0.000324378
0.018,0.112649,0.00091354
0.019,0.385908,-0.000445229
0.02,-0.185441,-0.00321625
0.021,-0.34687,-0.00233286
0.022,0.351241,0.00768501
0.023,0.168309,0.0214666
0.024,0.246946,0.0249644
0.025,0.493472,-0.00325709
0.026,-0.0246461,-0.0500159
0.027,0.251594,-0.099822
0.028,0.263595,-0.0477612
0.029,0.233588,0.271749
0.03,-0.453223,0.629989
0.031,-0.381511,-0.167432
0.032,-0.20945,-0.0637216
0.033,-0.20997,-0.0337837
0.034,0.345602,-0.0314192
0.035,-0.265823,-0.00387931
0.036,-0.225129,0.0163149
0.037,-0.216966,-0.00585425
0.038,-0.44567,-0.0264933
0.039,-0.207888,0.00119162
0.04,-0.302178,0.0362054
0.041,-0.324879,0.0213012
0.042,0.229379,-0.0366123
0.043,0.246817,-0.0657552
0.044,0.032232,-0.0223144
0.045,-0.363962,0.0532535
0.046,-0.366566,0.101296
0.047,0.211374,0.072331
0.048,-0.310228,-0.0737169
0.049,0.463805,-0.342461
0.05,-0.0458589,-0.667913
0.051,0.289785,0.145703
0.052,0.045524,0.0867177
0.053,0.0328864,0.0525788
0.054,0.391357,0.0307699
0.055,-0.286963,0.0171159
0.056,-0.00428325,0.00899234
0.057,0.193042,0.00445121
0.058,0.244557,0.0020753
0.059,-0.142959,0.000912169
0.06,-0.103612,0.00037857
0.061,-0.419252,0.000148629
0.062,0.105193,5.53091e-05
0.063,0.381789,1.95454e-05
0.064,-0.377124,6.57094e-06
0.065,0.38958,2.10503e-06
0.066,-0.0573711,6.43573e-07
0.067,0.0391752,1.8804e-07
0.068,-0.335108,5.25736e-08
0.069,0.367948,1.40819e-08
0.07,0.426254,3.61743e-09
0.071,0.431257,8.92109e-10
0.072,-0.424729,2.11405e-10
0.073,-0.190849,4.81796e-11
0.074,0.354013,1.05684e-11
0.075,0.109804,2.2329e-12
0.076,-0.112485,4.54724e-13
0.127,0.38185,1.18358e-13
0.128,-0.377075,2.26701e-14
0.129,0.389527,4.19317e-15
0.13,-0.0572268,7.49368e-16
0.131,0.0391347,1.29457e-16
0.132,-0.335086,2.16287e-17
0.133,0.367983,3.49622e-18
0.134,0.426272,5.46999e-19
0.135,0.431317,8.31475e-20
0.136,-0.424859,9.32655e-21
0.137,-0.190699,2.98007e-20
0.138,0.35415,-2.65245e-19
0.139,0.109769,2.39434e-18
0.14,-0.112407,-2.05573e-17
0.141,-0.50873,1.67722e-16
0.142,-0.117341,-1.29763e-15
0.143,-0.336116,9.49816e-15
0.144,0.481961,-6.56014e-14
0.145,0.21231,4.26252e-13
0.146,0.112684,-2.59655e-12
0.147,0.385867,1.47687e-11
0.148,-0.185404,-7.80586e-11
0.149,-0.346875,3.81161e-10
0.15,0.351189,-1.7072e-09
0.001,0.168224,6.94966e-09
0.002,0.246945,-2.54005e-08
0.003,0.493422,8.19334e-08
0.004,-0.0247087,-2.27202e-07
0.005,0.251656,5.17411e-07
0.006,0.263697,-8.75289e-07
0.007,0.233555,7.52473e-07
0.008,-0.453183,1.05935e-06
0.009,-0.381542,-5.00819e-06
0.01,-0.209416,6.40824e-06
0.011,-0.20995,5.92248e-06
0.012,0.345614,-2.95182e-05
0.013,-0.26574,1.30539e-05
0.014,-0.22513,8.57346e-05
0.015,-0.216928,-8.67348e-05
0.016,-0.445737,-0.000254485
0.017,-0.207818,0.000266513
0.018,-0.302137,0.00090466
0.019,-0.324771,-0.000273126
0.02,0.229423,-0.00303163
0.021,0.246836,-0.00265077
0.022,0.0320957,0.00658544
0.023,-0.363952,0.0203743
0.024,-0.366672,0.0255738
0.025,0.211584,0.000122584
0.026,-0.310203,-0.0452699
0.027,0.463918,-0.0964355
0.028,-0.0456942,-0.0648707
0.029,0.289757,0.238065
0.03,0.0457533,0.597357
0.031,0.0327442,-0.180257
0.032,0.391158,-0.0698031
0.033,-0.286912,-0.0354348
0.034,-0.00428227,-0.03282
0.035,0.192947,-0.00629669
0.036,0.244491,0.0161279
0.037,-0.143045,-0.00370115
0.038,-0.103467,-0.0265502
0.039,-0.419392,-0.00190973
0.04,0.105168,0.0348375
0.041,0.381689,0.0245051
0.042,-0.377191,-0.0320079
0.043,0.389652,-0.0662357
0.044,-0.0575304,-0.0282335
0.045,0.0392321,0.0469226
0.046,-0.335178,0.0994341
0.047,0.367901,0.0792449
0.048,0.426201,-0.0551042
0.049,0.431196,-0.314066
0.05,-0.424538,-0.640223
0.051,-0.191058,0.154434
0.052,0.353823,0.0910787
0.053,0.109875,0.0554426
0.054,-0.112608,0.0326615
0.055,-0.508688,0.0183119
0.056,-0.117578,0.009704
0.057,-0.3359,0.00484727
0.058,0.481906,0.00228116
0.059,0.212031,0.00101221
0.06,0.112546,0.000424127
0.061,0.386019,0.000168122
0.062,-0.18554,6.31675e-05
0.063,-0.346886,2.25386e-05
0.064,0.351386,7.65068e-06
0.065,0.168538,2.47475e-06
0.066,0.246923,7.63982e-07
0.067,0.493604,2.25404e-07
0.068,-0.024474,6.36391e-08
0.069,0.251429,1.7214e-08
0.07,0.263331,4.46588e-09
0.071,0.233664,1.11233e-09
0.072,-0.453318,2.66236e-10
0.073,-0.381435,6.12883e-11
0.074,-0.209507,1.35805e-11
0.075,-0.210019,2.89868e-12
0.076,0.345535,5.96397e-13
0.127,-0.346718,1.5638e-13
0.128,0.351021,3.02635e-14
0.129,0.167979,5.65625e-15
0.13,0.247091,1.0215e-15
0.131,0.49329,1.78346e-16
0.132,-0.0249105,3.01166e-17
0.133,0.251811,4.92101e-18
0.134,0.263916,7.78334e-19
0.135,0.233545,1.19554e-19
0.136,-0.453134,1.42961e-20
0.137,-0.381594,3.58257e-20
0.138,-0.20952,-3.11333e-19
0.139,-0.209923,2.78363e-18
0.14,0.345829,-2.36664e-17
0.141,-0.265683,1.91202e-16
0.142,-0.225114,-1.46479e-15
0.143,-0.216728,1.06162e-14
0.144,-0.445744,-7.25968e-14
0.145,-0.207403,4.66988e-13
0.146,-0.302673,-2.81589e-12
0.147,-0.324637,1.58514e-11
0.148,0.229375,-8.28998e-11
0.149,0.246376,4.00419e-10
0.15,0.0324847,-1.77328e-09
0.001,-0.363282,7.13313e-09
0.002,-0.366635,-2.57393e-08
0.003,0.211383,8.18552e-08
0.004,-0.310098,-2.23248e-07
0.005,0.463618,4.97632e-07
0.006,-0.0459235,-8.13297e-07
0.007,0.28989,6.23491e-07
0.008,0.0452357,1.19175e-06
0.009,0.0329478,-4.84875e-06
0.01,0.391766,5.57111e-06
0.011,-0.287286,6.86541e-06
0.012,-0.00450033,-2.79699e-05
0.013,0.193241,8.02644e-06
0.014,0.244882,8.47407e-05
0.015,-0.142455,-6.96086e-05
0.016,-0.103506,-0.000255312
0.017,-0.418806,0.000211417
0.018,0.105406,0.000887479
0.019,0.381657,-0.000114781
0.02,-0.376986,-0.00283532
0.021,0.389483,-0.00291131
0.022,-0.0567,0.00554403
0.023,0.0390086,0.0192326
0.024,-0.335479,0.0259744
0.025,0.368012,0.00327165
0.026,0.425962,-0.0405929
0.027,0.431469,-0.0925987
0.028,-0.424899,-0.0791935
0.029,-0.190538,0.20507
0.03,0.354246,0.56369
0.031,0.11006,-0.193952
0.032,-0.112415,-0.0763316
0.033,-0.508797,-0.0373083
0.034,-0.117031,-0.0341908
0.035,-0.336035,-0.00876069
0.036,0.482492,0.0157219
0.037,0.21244,-0.00159228
0.038,0.112428,-0.0263402
0.039,0.385895,-0.00492418
0.04,-0.185484,0.0331877
0.041,-0.34729,0.0273833
0.042,0.351344,-0.0272693
0.043,0.168403,-0.0661598
0.044,0.246592,-0.0338592
0.045,0.493474,0.0404278
0.046,-0.0244988,0.0969965
0.047,0.251619,0.0852054
0.048,0.263663,-0.0375744
0.049,0.233339,-0.286317
0.05,-0.453106,-0.611508
0.051,-0.381581,0.164314
0.052,-0.208969,0.0956334
0.053,-0.20987,0.0584165
0.054,0.345135,0.0346345
0.055,-0.265434,0.0195687
0.056,-0.225187,0.0104586
0.057,-0.217244,0.00527127
0.058,-0.446068,0.00250377
0.059,-0.208164,0.00112149
0.06,-0.301436,0.000474398
0.061,-0.324695,0.00018985
0.062,0.229738,7.20159e-05
0.063,0.247489,2.59427e-05
0.064,0.0312836,8.89097e-06
0.065,-0.364719,2.90369e-06
0.066,-0.366879,9.05069e-07
0.067,0.212396,2.69621e-07
0.068,-0.310221,7.68647e-08
0.069,0.464556,2.09949e-08
0.07,-0.0450246,5.50033e-09
0.071,0.289655,1.38353e-09
0.072,0.0471059,3.34441e-10
0.073,0.0319725,7.77601e-11
0.074,0.389809,1.7404e-11
0.075,-0.28621,3.75248e-12
0.076,-0.00406353,7.79953e-13
0.127,0.247478,2.0601e-13
0.128,0.0324998,4.02781e-14
0.129,-0.365492,7.60598e-15
0.13,-0.366109,1.38797e-15
0.131,0.210004,2.44882e-16
0.132,-0.310781,4.17918e-17
0.133,0.463559,6.90194e-18
0.134,-0.0466229,1.10347e-18
0.135,0.289353,1.7127e-19
0.136,0.0443405,2.15781e-20
0.137,0.0340857,4.31056e-20
0.138,0.391995,-3.64683e-19
0.139,-0.286952,3.23004e-18
0.14,-0.00369683,-2.71955e-17
0.141,0.192616,2.1758e-16
0.142,0.244612,-1.65065e-15
0.143,-0.143324,1.18462e-14
0.144,-0.104845,-8.02096e-14
0.145,-0.419269,5.10827e-13
0.146,0.104972,-3.04919e-12
0.147,0.382307,1.69888e-11
0.148,-0.376816,-8.79168e-11
0.149,0.389397,4.20066e-10
0.15,-0.0577909,-1.83939e-09
0.001,0.0385562,7.31138e-09
0.002,-0.333924,-2.60458e-08
0.003,0.368055,8.16546e-08
0.004,0.426943,-2.18987e-07
0.005,0.430533,4.77528e-07
0.006,-0.425794,-7.52504e-07
0.007,-0.189864,5.02034e-07
0.008,0.354657,1.30401e-06
0.009,0.109368,-4.66583e-06
0.01,-0.111438,4.7626e-06
0.011,-0.508526,7.66039e-06
0.012,-0.11708,-2.62985e-05
0.013,-0.337152,3.38514e-06
0.014,0.480809,8.29827e-05
0.015,0.212457,-5.33714e-05
0.016,0.113074,-0.000253416
0.017,0.385078,0.00015939
0.018,-0.184848,0.00086296
0.019,-0.345743,2.95572e-05
0.02,0.350437,-0.00263036
0.021,0.167149,-0.00311797
0.022,0.248062,0.00456362
0.023,0.492666,0.0180543
0.024,-0.0254411,0.0261784
0.025,0.252534,0.00618614
0.026,0.264386,-0.036006
0.027,0.23318,-0.0884224
0.028,-0.453138,-0.0907172
0.029,-0.381784,0.172883
0.03,-0.210233,0.529577
0.031,-0.209537,-0.208654
0.032,0.346895,-0.0833254
0.033,-0.265737,-0.0394221
0.034,-0.22508,-0.0355414
0.035,-0.215982,-0.01126
0.036,-0.445396,0.0150992
0.037,-0.20541,0.0004493
0.038,-0.305827,-0.0258734
0.039,-0.324412,-0.00782508
0.04,0.22865,0.0312772
0.041,0.243611,0.0299219
0.042,0.0354004,-0.0224453
0.043,-0.359581,-0.0655374
0.044,-0.366016,-0.0391545
0.045,0.209068,0.0338073
0.046,-0.309709,0.0940204
0.047,0.461334,0.0902433
0.048,-0.0480613,-0.0211363
0.049,0.290595,-0.259275
0.05,0.0408727,-0.582028
0.051,0.0351029,0.175603
0.052,0.396411,0.1004
0.053,-0.289841,0.0615039
0.054,-0.00566274,0.0366908
0.055,0.195115,0.0208881
0.056,0.247607,0.0112576
0.057,-0.138581,0.00572458
0.058,-0.104581,0.00274412
0.059,-0.414703,0.00124068
0.06,0.106912,0.000529782
0.061,0.381835,0.00021403
0.062,-0.375375,8.19617e-05
0.063,0.388165,2.98073e-05
0.064,-0.0511486,1.0313e-05
0.065,0.037126,3.40036e-06
0.066,-0.336797,1.07005e-06
0.067,0.368874,3.2184e-07
0.068,0.424786,9.26382e-08
0.069,0.433006,2.55489e-08
0.07,-0.428092,6.75869e-09
0.071,-0.186285,1.71673e-09
0.072,0.357645,4.19077e-10
0.073,0.110979,9.84053e-11
0.074,-0.110437,2.22446e-11
0.075,-0.509459,4.84441e-12
0.076,-0.113012,1.01711e-12
0.127,0.390197,2.70608e-13
0.128,-0.0572507,5.34469e-14
0.129,0.0426963,1.01964e-14
0.13,-0.338078,1.87993e-15
0.131,0.367608,3.35141e-16
0.132,0.425147,5.77974e-17
0.133,0.43452,9.64662e-18
0.134,-0.420576,1.55881e-18
0.135,-0.195199,2.4447e-19
0.136,0.351682,3.21667e-20
0.137,0.109584,5.19368e-20
0.138,-0.116791,-4.26308e-19
0.139,-0.509405,3.74097e-18
0.14,-0.120226,-3.11939e-17
0.141,-0.33191,2.47163e-16
0.142,0.484305,-1.85694e-15
0.143,0.211328,1.3197e-14
0.144,0.112775,-8.84808e-14
0.145,0.389324,5.57927e-13
0.146,-0.187368,-3.29694e-12
0.147,-0.349762,1.81817e-11
0.148,0.353487,-9.31068e-11
0.149,0.171731,4.40072e-10
0.15,0.243732,-1.90537e-09
0.001,0.496475,7.48386e-09
0.002,-0.0229663,-2.6319e-08
0.003,0.24798,8.13319e-08
0.004,0.261281,-2.14435e-07
0.005,0.236665,4.57166e-07
0.006,-0.453627,-6.93068e-07
0.007,-0.380292,3.88158e-07
0.008,-0.208102,1.39707e-06
0.009,-0.212425,-4.46281e-06
0.01,0.342563,3.98684e-06
0.011,-0.267191,8.31362e-06
0.012,-0.225003,-2.45308e-05
0.013,-0.2192,-8.60136e-07
0.014,-0.445706,8.05495e-05
0.015,-0.217103,-3.81062e-05
0.016,-0.287585,-0.000249076
0.017,-0.32616,0.000110675
0.018,0.231504,0.00083205
0.019,0.258923,0.000159803
0.02,0.0195654,-0.00241954
0.021,-0.380824,-0.00327438
0.022,-0.369588,0.00364627
0.023,0.220652,0.0168516
0.024,-0.312428,0.0261985
0.025,0.47368,0.00886351
0.026,-0.0367237,-0.0315274
0.027,0.28585,-0.0839896
0.028,0.0633205,-0.0995255
0.029,0.0248419,0.141629
0.03,0.371626,0.495388
0.031,-0.276334,-0.224591
0.032,0.00132079,-0.0908051
0.033,0.183645,-0.0417937
0.034,0.2332,-0.036883
0.035,-0.15974,-0.0137842
0.036,-0.0997445,0.0142634
0.037,-0.436869,0.00240183
0.038,0.0986148,-0.0251627
0.039,0.380647,-0.0105872
0.04,-0.383664,0.0291284
0.041,0.395314,0.0321102
0.042,-0.0817645,-0.0175838
0.043,0.0460493,-0.0643839
0.044,-0.328771,-0.0440841
0.045,0.364153,0.027099
0.046,0.431311,0.0905423
0.047,0.423043,0.0943905
0.048,-0.411638,-0.00579369
0.049,-0.208243,-0.232998
0.05,0.339332,-0.552028
0.051,0.106453,0.188547
0.052,-0.119847,0.105398
0.053,-0.505498,0.0647089
0.054,-0.134042,0.0388323
0.055,-0.329915,0.0222717
0.056,0.46649,0.0121028
0.057,0.19851,0.00620856
0.058,0.113941,0.00300326
0.059,0.390954,0.00137047
0.06,-0.188542,0.000590702
0.061,-0.336938,0.000240894
0.062,0.354743,9.3122e-05
0.063,0.175595,3.41868e-05
0.064,0.254833,1.19405e-05
0.065,0.498994,3.97438e-06
0.066,-0.0211174,1.26261e-06
0.067,0.243946,3.83382e-07
0.068,0.250717,1.11411e-07
0.069,0.243135,3.10221e-08
0.07,-0.460157,8.28596e-09
0.071,-0.376499,2.12512e-09
0.072,-0.223925,5.23846e-10
0.073,-0.214614,1.24217e-10
0.074,0.35455,2.83573e-11
0.075,-0.28365,6.23717e-12
0.076,-0.223666,1.32267e-12
0.127,0.16837,3.54454e-13
0.128,0.268185,7.07136e-14
0.129,0.488566,1.36276e-14
0.13,-0.0208368,2.53832e-15
0.131,0.256429,4.57192e-16
0.132,0.251632,7.96679e-17
0.133,0.22727,1.34367e-17
0.134,-0.46136,2.1943e-18
0.135,-0.380302,3.47708e-19
0.136,-0.229583,4.74594e-20
0.137,-0.202318,6.27014e-20
0.138,0.363806,-4.97338e-19
0.139,-0.281591,4.32466e-18
0.14,-0.224922,-3.57159e-17
0.141,-0.210883,2.80282e-16
0.142,-0.425606,-2.08551e-15
0.143,-0.206205,1.46782e-14
0.144,-0.301969,-9.74526e-14
0.145,-0.326054,6.0845e-13
0.146,0.204955,-3.5596e-12
0.147,0.234538,1.94306e-11
0.148,0.0443002,-9.84665e-11
0.149,-0.362236,4.60403e-10
0.15,-0.373937,-1.97106e-09
0.001,0.189457,7.65e-09
0.002,-0.317862,-2.65578e-08
0.003,0.45521,8.08881e-08
0.004,-0.0555833,-2.09608e-07
0.005,0.274425,4.36617e-07
0.006,0.00442221,-6.35136e-07
0.007,0.068159,2.81886e-07
0.008,0.424795,1.47192e-06
0.009,-0.310696,-4.24292e-06
0.01,0.000778775,3.24736e-06
0.011,0.174239,8.832e-06
0.012,0.268882,-2.26922e-05
0.013,-0.123698,-4.70429e-06
0.014,-0.121592,7.75285e-05
0.015,-0.400441,-2.38783e-05
0.016,0.112402,-0.000242568
0.017,0.371389,6.54536e-05
0.018,-0.360842,0.000795671
0.019,0.385187,0.000276013
0.02,-0.0379005,-0.00220545
0.021,0.00271265,-0.00338422
0.022,-0.332755,0.00279332
0.023,0.370264,0.0156356
0.024,0.416762,0.0260482
0.025,0.405961,0.0113026
0.026,-0.454869,-0.0271739
0.027,-0.152337,-0.0793647
0.028,0.370832,-0.105791
0.029,0.131262,0.111442
0.03,-0.0794142,0.461312
0.031,-0.504846,-0.242097
0.032,-0.0814881,-0.0987954
0.033,-0.362427,-0.0444407
0.034,0.48823,-0.0382279
0.035,0.219036,-0.0163237
0.036,0.0927373,0.0132192
0.037,0.360538,0.00424469
0.038,-0.176467,-0.0242234
0.039,-0.343894,-0.013187
0.04,0.345471,0.0267653
0.041,0.156722,0.033941
0.042,0.255892,-0.0127309
0.043,0.474226,-0.0627204
0.044,-0.0209357,-0.0486144
0.045,0.27535,0.0203415
0.046,0.271422,0.0865991
0.047,0.196356,0.0976802
0.048,-0.449387,0.00845444
0.049,-0.391501,-0.20754
0.05,-0.199557,-0.521733
0.051,-0.184987,0.203347
0.052,0.344038,0.110647
0.053,-0.244617,0.0680356
0.054,-0.229425,0.0410608
0.055,-0.219171,0.0237211
0.056,-0.457113,0.0129956
0.057,-0.166564,0.00672459
0.058,-0.355138,0.00328226
0.059,-0.312344,0.0015116
0.06,0.223952,0.000657606
0.061,0.199971,0.000270691
0.062,0.072347,0.000105624
0.063,-0.295065,3.91413e-05
0.064,-0.36206,1.37997e-05
0.065,0.189238,4.63656e-06
0.066,-0.299939,1.4869e-06
0.067,0.432172,4.55768e-07
0.068,-0.0702319,1.33706e-07
0.069,0.30311,3.75859e-08
0.07,-0.0086494,1.01355e-08
0.071,0.0547344,2.62455e-09
0.072,0.452395,6.5323e-10
0.073,-0.324545,1.56408e-10
0.074,-0.0260904,3.60567e-11
0.075,0.222894,8.00898e-12
0.076,0.284038,1.7153e-12
0.127,-0.275712,4.62981e-13
0.128,-0.343539,9.32887e-14
0.129,0.225556,1.81594e-14
0.13,-0.280476,3.41678e-15
0.131,0.438859,6.21719e-16
0.132,-0.0597141,1.09456e-16
0.133,0.339267,1.8653e-17
0.134,0.0574581,3.07815e-18
0.135,-0.0108747,4.92804e-19
0.136,0.405593,6.94126e-20
0.137,-0.28771,7.58956e-20
0.138,-0.0439106,-5.79032e-19
0.139,0.272089,4.99025e-18
0.14,0.246747,-4.0821e-17
0.141,-0.10255,3.17296e-16
0.142,-0.0742152,-2.33836e-15
0.143,-0.376294,1.62995e-14
0.144,0.122179,-1.07169e-13
0.145,0.401265,6.62559e-13
0.146,-0.382284,-3.83764e-12
0.147,0.374565,2.07362e-11
0.148,0.0161713,-1.03992e-10
0.149,0.0843553,4.81023e-10
0.15,-0.377757,-2.03627e-09
0.001,0.378944,7.80924e-09
0.002,0.415442,-2.67612e-08
0.003,0.516844,8.03248e-08
0.004,-0.412724,-2.04524e-07
0.005,-0.197085,4.15949e-07
0.006,0.378846,-5.78843e-07
0.007,0.0876497,1.83199e-07
0.008,-0.152965,1.52957e-06
0.009,-0.531379,-4.00928e-06
0.01,-0.116725,2.54709e-06
0.011,-0.300659,9.22299e-06
0.012,0.544336,-2.08065e-05
0.013,0.255476,-8.14659e-06
0.014,0.14036,7.40046e-05
0.015,0.419357,-1.07362e-05
0.016,-0.194928,-0.000234163
0.017,-0.404849,2.38581e-05
0.018,0.355047,0.00075471
0.019,0.170349,0.000378379
0.02,0.183908,-0.00199047
0.021,0.513351,-0.0034512
0.022,-0.0389239,0.00200545
0.023,0.229692,0.0144169
0.024,0.295776,0.0257411
0.025,0.266033,0.0135039
0.026,-0.431082,-0.0229604
0.027,-0.381326,-0.0746003
0.028,-0.157284,-0.10976
0.029,-0.241074,0.0824826
0.03,0.296117,0.427427
0.031,-0.229071,-0.261592
0.032,-0.223774,-0.107328
0.033,-0.231007,-0.0473806
0.034,-0.495229,-0.0395894
0.035,-0.241556,-0.0188695
0.036,-0.23898,0.0119728
0.037,-0.316245,0.00595891
0.038,0.298473,-0.0230731
0.039,0.324563,-0.0156028
0.04,-0.060977,0.0242133
0.041,-0.433068,0.0354102
0.042,-0.37194,-0.00793076
0.043,0.318418,-0.0605729
0.044,-0.298461,-0.0527144
0.045,0.532328,0.0135729
0.046,0.0306194,0.0822271
0.047,0.307248,0.100147
0.048,0.233356,0.021614
0.049,-0.0971188,-0.182952
0.05,0.199252,-0.491337
0.051,-0.179677,0.220138
0.052,0.00636988,0.116164
0.053,0.190063,0.0714888
0.054,0.131855,0.0433784
0.055,-0.261928,0.025238
0.056,-0.0303871,0.0139377
0.057,-0.539917,0.00727408
0.058,0.0590265,0.00358223
0.059,0.391452,0.00166483
0.06,-0.446083,0.000730968
0.061,0.429557,0.000303689
0.062,-0.214817,0.000119605
0.063,0.157517,4.47364e-05
0.064,-0.322325,1.59199e-05
0.065,0.342195,5.39901e-06
0.066,0.462823,1.74766e-06
0.067,0.450993,5.4074e-07
0.068,-0.270956,1.60132e-07
0.069,-0.364179,4.54411e-08
0.07,0.230976,1.23704e-08
0.071,0.0523867,3.23392e-09
0.072,-0.23019,8.12638e-10
0.073,-0.502758,1.96458e-10
0.074,-0.277553,4.57302e-11
0.075,-0.231422,1.02572e-11
0.076,0.400655,2.21846e-12
0.127,0.0692483,6.03074e-13
0.128,-0.148605,1.22722e-13
0.129,0.290417,2.41274e-14
0.13,0.522222,4.58537e-15
0.131,0.123342,8.4282e-16
0.132,-0.236817,1.49899e-16
0.133,-0.426231,2.58086e-17
0.134,0.0722396,4.30329e-18
0.135,0.0887648,6.96026e-19
0.136,-0.153561,1.00754e-19
0.137,-0.416041,9.21693e-20
0.138,-0.36059,-6.72784e-19
0.139,-0.305569,5.74788e-18
0.14,0.0706831,-4.65743e-17
0.141,-0.0756151,3.5859e-16
0.142,0.0929081,-2.61758e-15
0.143,0.403255,1.80715e-14
0.144,-0.21304,-1.17674e-13
0.145,-0.0701531,7.20415e-13
0.146,0.391548,-4.13147e-12
0.147,0.265488,2.20986e-11
0.148,0.45967,-1.09678e-10
0.149,0.538927,5.01893e-10
0.15,0.0451287,-2.10084e-09
0.001,0.174737,7.96106e-09
0.002,0.00952215,-2.69284e-08
0.003,0.324379,7.96437e-08
0.004,-0.582693,-1.99202e-07
0.005,-0.30449,3.95228e-07
0.006,-0.492827,-5.24312e-07
0.007,-0.228829,9.20449e-08
0.008,0.549847,1.57109e-06
0.009,-0.559018,-3.76485e-06
0.01,-0.204066,1.88839e-06
0.011,-0.154739,9.49454e-06
0.012,-0.0616633,-1.88957e-05
0.013,-0.498735,-1.11903e-05
0.014,0.299387,7.00602e-05
0.015,-0.382966,1.28705e-06
0.016,-0.0851968,-0.000224129
0.017,0.494637,-1.40308e-05
0.018,-0.265793,0.000710017
0.019,-0.800653,0.000467206
0.02,-0.581307,-0.00177672
0.021,0.236729,-0.00347905
0.022,-0.498459,0.00128274
0.023,0.678133,0.0132049
0.024,0.161473,0.0252912
0.025,-0.133998,0.0154689
0.026,0.092684,-0.0189005
0.027,0.269731,-0.069742
0.028,0.14716,-0.111725
0.029,-0.257321,0.0549339
0.03,0.28364,0.39376
0.031,-0.45933,-0.283494
0.032,0.194517,-0.11644
0.033,-0.4601,-0.050631
0.034,-0.228703,-0.0409817
0.035,-0.729473,-0.0214137
0.036,-0.0352253,0.0105311
0.037,0.147288,0.00752676
0.038,-0.376302,-0.0217314
0.039,0.534045,-0.0178152
0.04,-0.604253,0.0214984
0.041,-0.26705,0.0365167
0.042,-0.0391517,-0.00322515
0.043,0.250808,-0.057972
0.044,0.46527,-0.056356
0.045,-0.396314,0.00683177
0.046,-0.39871,0.0774626
0.047,-0.266285,0.101825
0.048,0.0211206,0.0336949
0.049,0.321125,-0.159277
0.05,0.122461,-0.461005
0.051,-0.300305,0.238979
0.052,-0.194103,0.121975
0.053,-0.502755,0.0750732
0.054,-0.107802,0.045787
0.055,-0.227416,0.026824
0.056,-0.162344,0.0149306
0.057,0.170874,0.00785846
0.058,-0.167449,0.00390428
0.059,0.120628,0.00183095
0.06,0.401411,0.000811289
0.061,0.274716,0.000340174
0.062,0.619916,0.000135215
0.063,0.406315,5.10444e-05
0.064,0.178168,1.83334e-05
0.065,0.328729,6.27533e-06
0.066,-0.139707,2.05025e-06
0.067,0.0081795,6.40291e-07
0.068,-0.637849,1.91389e-07
0.069,-0.3448,5.48219e-08
0.07,-0.560043,1.50651e-08
0.071,0.0118721,3.97576e-09
0.072,0.615566,1.00858e-09
0.073,-0.579307,2.46168e-10
0.074,-0.237673,5.78543e-11
0.075,-0.183976,1.31026e-11
0.076,0.0805715,2.86158e-12
0.127,0.256829,7.83431e-13
0.128,0.335139,1.6099e-13
0.129,0.472202,3.19643e-14
0.13,-0.246952,6.13534e-15
0.131,-0.370521,1.13905e-15
0.132,-0.658143,2.04638e-16
0.133,-0.40585,3.5593e-17
0.134,-0.511978,5.99591e-18
0.135,0.272445,9.79691e-19
0.136,0.573441,1.4527e-19
0.137,-0.504262,1.12379e-19
0.138,-0.286523,-7.80131e-19
0.139,-0.291526,6.60874e-18
0.14,0.0581756,-5.30468e-17
0.141,-0.370401,4.04585e-16
0.142,0.348172,-2.92543e-15
0.143,-0.233041,2.00049e-14
0.144,-0.450843,-1.29015e-13
0.145,0.307135,7.82183e-13
0.146,-0.242377,-4.4415e-12
0.147,-0.770899,2.35182e-11
0.148,-0.764375,-1.15518e-10
0.149,0.150696,5.22973e-10
0.15,-0.576639,-2.16459e-09
0.001,0.6833,8.10494e-09
0.002,0.225689,-2.70587e-08
0.003,-0.447906,7.88473e-08
0.004,-0.314784,-1.9366e-07
0.005,0.613008,3.74519e-07
0.006,0.4976,-4.71653e-07
0.007,-0.584111,8.33752e-09
0.008,0.36195,1.59755e-06
0.009,-0.75904,-3.51241e-06
0.01,0.523376,1.2731e-06
0.011,-0.248035,9.65492e-06
0.012,-0.330524,-1.69801e-05
0.013,-0.635235,-1.38423e-05
0.014,0.0675296,6.57741e-05
0.015,-0.249727,1.21732e-05
0.016,-0.159718,-0.000212722
0.017,0.554481,-4.81776e-05
0.018,-0.508306,0.000662399
0.019,-0.697563,0.000542906
0.02,-0.121906,-0.00156615
0.021,0.222121,-0.00347145
0.022,0.181585,0.000624714
0.023,-0.795552,0.0120083
0.024,-0.644674,0.0247127
0.025,0.139569,0.0172009
0.026,0.0585529,-0.0150063
0.027,0.689991,-0.0648304
0.028,0.501566,-0.112006
0.029,-0.173329,0.0290071
0.03,0.276035,0.360334
0.031,-0.705763,-0.308076
0.032,0.0433367,-0.126175
0.033,-0.32919,-0.0542098
0.034,-0.587522,-0.0424199
0.035,-0.202417,-0.0239498
0.036,-0.12909,0.00890219
0.037,0.127374,0.00893247
0.038,0.475068,-0.0202196
0.039,0.346998,-0.0198071
0.04,0.687144,0.0186476
0.041,0.186675,0.0372624
0.042,0.438101,0.00134695
0.043,0.530798,-0.0549529
0.044,-0.319297,-0.0595141
0.045,-0.551954,0.000156641
0.046,-0.666606,0.0723418
0.047,-0.437161,0.10275
0.048,-0.44941,0.0447114
0.049,0.404328,-0.136557
0.05,0.50588,-0.430876
0.051,-0.442222,0.259847
0.052,-0.317695,0.128118
0.053,-0.382101,0.0787937
0.054,0.0132246,0.0482889
0.055,-0.3494,0.0284808
0.056,0.351172,0.0159759
0.057,-0.209662,0.00847914
0.058,-0.485406,0.00424957
0.059,0.280999,0.0020108
0.06,-0.2417,0.000899095
0.061,-0.764678,0.000380449
0.062,-0.781761,0.000152616
0.063,0.147169,5.81441e-05
0.064,-0.583712,2.10759e-05
0.065,0.68521,7.28072e-06
0.066,0.237065,2.40074e-06
0.067,-0.478987,7.56698e-07
0.068,-0.353064,2.28288e-07
0.069,0.64095,6.60018e-08
0.07,0.528546,1.83073e-08
0.071,-0.614361,4.87689e-09
0.072,0.369186,1.24889e-09
0.073,-0.782576,3.07721e-10
0.074,0.5548,7.30126e-11
0.075,-0.22052,1.66948e-11
0.076,-0.337125,3.68145e-12
0.127,0.137386,1.01501e-12
0.128,-0.586991,2.1061e-13
0.129,0.682667,4.22266e-14
0.13,0.235391,8.18524e-15
0.131,-0.49004,1.53476e-15
0.132,-0.376434,2.78498e-16
0.133,0.654978,4.89298e-17
0.134,0.54788,8.32672e-18
0.135,-0.627856,1.37432e-18
0.136,0.371591,2.08206e-19
0.137,-0.789817,1.37662e-19
0.138,0.569397,-9.02757e-19
0.139,-0.204903,7.58516e-18
0.14,-0.344588,-6.03159e-17
0.141,-0.613915,4.55728e-16
0.142,0.0865828,-3.2643e-15
0.143,-0.311223,2.21112e-14
0.144,-0.121128,-1.41238e-13
0.145,0.556811,8.48023e-13
0.146,-0.485236,-4.76812e-12
0.147,-0.743656,2.49948e-11
0.148,-0.140557,-1.21507e-10
0.149,0.21829,5.44221e-10
0.15,0.126939,-2.22734e-09
0.001,-0.830491,8.24039e-09
0.002,-0.676794,-2.71516e-08
0.003,0.207108,7.79384e-08
0.004,0.0674109,-1.87918e-07
0.005,0.732341,3.53887e-07
0.006,0.551405,-4.20965e-07
0.007,-0.153811,-6.80406e-08
0.008,0.349784,1.61003e-06
0.009,-0.730748,-3.25458e-06
0.01,0.0771594,7.02543e-07
0.011,-0.342195,9.71267e-06
0.012,-0.640081,-1.50784e-05
0.013,-0.259692,-1.61125e-05
0.014,-0.123524,6.12213e-05
0.015,0.12214,2.19172e-05
0.016,0.487471,-0.000200191
0.017,0.359323,-7.85883e-05
0.018,0.694318,0.000612615
0.019,0.149135,0.000605977
0.02,0.476246,-0.00136044
0.021,0.559085,-0.00343203
0.022,-0.345429,3.03984e-05
0.023,-0.620114,0.0108349
0.024,-0.669937,0.0240196
0.025,-0.452026,0.0187043
0.026,-0.424716,-0.0112886
0.027,0.459574,-0.0599021
0.028,0.481097,-0.110915
0.029,-0.41333,0.00493026
0.03,-0.330823,0.327193
0.031,-0.414455,-0.335321
0.032,-0.00422243,-0.136578
0.033,-0.333651,-0.0581353
0.034,0.352208,-0.0439196
0.035,-0.191834,-0.026472
0.036,-0.503416,0.00709486
0.037,0.264795,0.0101618
0.038,-0.244171,-0.0185603
0.039,-0.75967,-0.0215638
0.04,-0.792592,0.0156883
0.041,0.151492,0.0376519
0.042,-0.586816,0.00574934
0.043,0.688052,-0.0515542
0.044,0.247829,-0.0621678
0.045,-0.496485,-0.00641388
0.046,-0.369477,0.0669011
0.047,0.653881,0.102959
0.048,0.541987,0.0546812
0.049,-0.630634,-0.114827
0.05,0.372594,-0.401063
0.051,-0.795814,0.282641
0.052,0.57152,0.13466
0.053,-0.205289,0.0826559
0.054,-0.336691,0.0508861
0.055,-0.618627,0.0302098
0.056,0.0872741,0.0170752
0.057,-0.326268,0.00913758
0.058,-0.121881,0.0046193
0.059,0.561266,0.00220522
0.06,-0.490767,0.000994943
0.061,-0.746996,0.000424841
0.062,-0.148896,0.000171981
0.063,0.214109,6.61216e-05
0.064,0.115273,2.41872e-05
0.065,-0.835861,8.43212e-06
0.066,-0.671398,2.80594e-06
0.067,0.200287,8.92559e-07
0.068,0.0529502,2.71762e-07
0.069,0.739578,7.92986e-08
0.07,0.550897,2.22002e-08
0.071,-0.149544,5.96914e-09
0.072,0.350262,1.54295e-09
0.073,-0.728498,3.83763e-10
0.074,0.0808911,9.19194e-11
0.075,-0.354193,2.12187e-11
0.076,-0.649944,4.72399e-12
0.127,0.219514,1.3116e-12
0.128,0.12416,2.74778e-13
0.129,-0.83478,5.56278e-14
0.13,-0.686073,1.08886e-14
0.131,0.22395,2.0618e-15
0.132,0.0764194,3.77856e-16
0.133,0.735889,6.70519e-17
0.134,0.561968,1.15261e-17
0.135,-0.15129,1.92152e-18
0.136,0.362899,2.96787e-19
0.137,-0.73739,1.6953e-19
0.138,0.0773873,-1.0425e-18
0.139,-0.339257,8.69076e-18
0.14,-0.644221,-6.84658e-17
0.141,-0.272374,5.12502e-16
0.142,-0.118663,-3.6367e-15
0.143,0.126051,2.44021e-14
0.144,0.484038,-1.54393e-13
0.145,0.35306,9.18094e-13
0.146,0.697524,-5.11167e-12
0.147,0.137263,2.65282e-11
0.148,0.4761,-1.27638e-10
0.149,0.567383,5.6559e-10
0.15,-0.340928,-2.28891e-09
0.001,-0.630042,8.36692e-09
0.002,-0.668761,-2.72066e-08
0.003,-0.456231,7.69199e-08
0.004,-0.422756,-1.81996e-07
0.005,0.468356,3.33393e-07
0.006,0.48289,-3.72334e-07
0.007,-0.405711,-1.37236e-07
0.008,-0.332318,1.60961e-06
0.009,-0.41344,-2.99382e-06
0.01,-0.00920308,1.77552e-07
0.011,-0.320598,9.67648e-06
0.012,0.343788,-1.32071e-05
0.013,-0.18119,-1.80139e-05
0.014,-0.506086,5.64725e-05
0.015,0.253547,3.0526e-05
0.016,-0.242416,-0.000186769
0.017,-0.752057,-0.000105307
0.018,-0.795961,0.000561375
0.019,0.156551,0.000656996
0.02,-0.585205,-0.00116111
0.021,0.687577,-0.00336434
0.022,0.25157,-0.000501601
0.023,-0.498401,0.00969166
0.024,-0.373563,0.0232258
0.025,0.655357,0.0199848
0.026,0.547916,-0.00775651
0.027,-0.637038,-0.0549896
0.028,0.369572,-0.108744
0.029,-0.797377,-0.0170666
0.03,0.578182,0.29441
0.031,-0.194412,0.635132
0.032,-0.332252,-0.147694
0.033,-0.613137,-0.062426
0.034,0.0922944,-0.0454975
0.035,-0.336363,-0.028976
0.036,-0.117885,0.00511861
0.037,0.561463,0.011202
0.038,-0.482032,-0.0167775
0.039,-0.750935,-0.0230734
0.04,-0.160604,0.0126487
0.041,0.213819,0.0376924
0.042,0.102295,0.00994909
0.043,-0.837229,-0.0478176
0.044,-0.672537,-0.0642999
0.045,0.205812,-0.0128414
0.046,0.0530048,0.0611764
0.047,0.745668,0.102487
0.048,0.553105,0.0636253
0.049,-0.149628,-0.0941158
0.05,0.35983,-0.371664
0.051,-0.728387,-0.6928
0.052,0.0979213,0.141711
0.053,-0.354551,0.086667
0.054,-0.657385,0.0535809
0.055,-0.261117,0.0320128
0.056,-0.131636,0.0182299
0.057,0.108336,0.00983521
0.058,0.501899,0.00501465
0.059,0.379953,0.0024151
0.06,0.689902,0.00109941
0.061,0.155673,0.000473696
0.062,0.496524,0.000193499
0.063,0.555104,7.50707e-05
0.064,-0.368556,2.77106e-05
0.065,-0.632119,9.74845e-06
0.066,-0.67389,3.27356e-06
0.067,-0.450707,1.05083e-06
0.068,-0.413825,3.22883e-07
0.069,0.468487,9.50817e-08
0.07,0.461602,2.68644e-08
0.071,-0.413116,7.29022e-09
0.072,-0.33463,1.90198e-09
0.073,-0.434478,4.77491e-10
0.074,-0.00472855,1.15446e-10
0.075,-0.352068,2.69019e-11
0.076,0.365366,6.04634e-12
