x,t,value
0,0.001,0.00244152
0,0.002,0.00244152
0,0.003,0.00244152
0,0.004,0.00244152
0,0.005,0.00244152
0,0.006,0.00244152
0,0.007,0.00244152
0,0.008,0.00244152
0,0.009,0.00244152
0,0.01,0.00244152
0,0.011,0.00244152
0,0.012,0.00244152
0,0.013,0.00244152
0,0.014,0.00244152
0,0.015,0.00244152
0,0.016,0.00244152
0,0.017,0.00244152
0,0.018,0.00244152
0,0.019,0.00244152
0,0.02,0.00244152
0,0.021,0.00244152
0,0.022,0.00244152
0,0.023,0.00244152
0,0.024,0.00244152
0,0.025,0.00244152
0,0.026,0.00244152
0,0.027,0.00244152
0,0.028,0.00244152
0,0.029,0.00244152
0,0.03,0.00244152
0,0.031,0.00244152
0,0.032,0.00244152
0,0.033,0.00244152
0,0.034,0.00244152
0,0.035,0.00244152
0,0.036,0.00244152
0,0.037,0.00244152
0,0.038,0.00244152
0,0.039,0.00244152
0,0.04,0.00244152
0,0.041,0.00244152
0,0.042,0.00244152
0,0.043,0.00244152
0,0.044,0.00244152
0,0.045,0.00244152
0,0.046,0.00244152
0,0.047,0.00244152
0,0.048,0.00244152
0,0.049,0.00244152
0,0.05,0.00244152
0,0.051,0.00244152
0,0.052,0.00244152
0,0.053,0.00244152
0,0.054,0.00244152
0,0.055,0.00244152
0,0.056,0.00244152
0,0.057,0.00244152
0,0.058,0.00244152
0,0.059,0.00244152
0,0.06,0.00244152
0,0.061,0.00244152
0,0.062,0.00244152
0,0.063,0.00244152
0,0.064,0.00244152
0,0.065,0.00244152
0,0.066,0.00244152
0,0.067,0.00244152
0,0.068,0.00244152
0,0.069,0.00244152
0,0.07,0.00244152
0,0.071,0.00244152
0,0.072,0.00244152
0,0.073,0.00244152
0,0.074,0.00244152
0,0.075,0.00244152
0,0.076,0.00244152
0,0.077,0.00244152
0,0.078,0.00244152
0,0.079,0.00244152
0,0.08,0.00244152
0,0.081,0.00244152
0,0.082,0.00244152
0,0.083,0.00244152
0,0.084,0.00244152
0,0.085,0.00244152
0,0.086,0.00244152
0,0.087,0.00244152
0,0.088,0.00244152
0,0.089,0.00244152
0,0.09,0.00244152
0,0.091,0.00244152
0,0.092,0.00244152
0,0.093,0.00244152
0,0.094,0.00244152
0,0.095,0.00244152
0,0.096,0.00244152
0,0.097,0.00244152
0,0.098,0.00244152
0,0.099,0.00244152
0,0.1,0.00244152
0,0.101,0.00244152
0,0.102,0.00244152
0,0.103,0.00244152
0,0.104,0.00244152
0,0.105,0.00244152
0,0.106,0.00244152
0,0.107,0.00244152
0,0.108,0.00244152
0,0.109,0.00244152
0,0.11,0.00244152
0,0.111,0.00244152
0,0.112,0.00244152
0,0.113,0.00244152
0,0.114,0.00244152
0,0.115,0.00244152
0,0.116,0.00244152
0,0.117,0.00244152
0,0.118,0.00244152
0,0.119,0.00244152
0,0.12,0.00244152
0,0.121,0.00244152
0,0.122,0.00244152
0,0.123,0.00244152
0,0.124,0.00244152
0,0.125,0.00244152
0,0.126,0.00244152
0,0.127,0.00244152
0,0.128,0.00244152
0,0.129,0.00244152
0,0.13,0.00244152
0,0.131,0.00244152
0,0.132,0.00244152
0,0.133,0.00244152
0,0.134,0.00244152
0,0.135,0.00244152
0,0.136,0.00244152
0,0.137,0.00244152
0,0.138,0.00244152
0,0.139,0.00244152
0,0.14,0.00244152
0,0.141,0.00244152
0,0.142,0.00244152
0,0.143,0.00244152
0,0.144,0.00244152
0,0.145,0.00244152
0,0.146,0.00244152
0,0.147,0.00244152
0,0.148,0.00244152
0,0.149,0.00244152
0,0.15,0.00244152
0.010101,0.001,0.00244152
0.010101,0.002,0.00244152
0.010101,0.003,0.00244152
0.010101,0.004,0.00244152
0.010101,0.005,0.00244152
0.010101,0.006,0.00244152
0.010101,0.007,0.00244152
0.010101,0.008,0.00244152
0.010101,0.009,0.00244152
0.010101,0.01,0.00244152
0.010101,0.011,0.00244152
0.010101,0.012,0.00244152
0.010101,0.013,0.00244152
0.010101,0.014,0.00244152
0.010101,0.015,0.00244152
0.010101,0.016,0.00244152
0.010101,0.017,0.00244152
0.010101,0.018,0.00244152
0.010101,0.019,0.00244152
0.010101,0.02,0.00244152
0.010101,0.021,0.00244152
0.010101,0.022,0.00244152
0.010101,0.023,0.00244152
0.010101,0.024,0.00244152
0.010101,0.025,0.00244152
0.010101,0.026,0.00244152
0.010101,0.027,0.00244152
0.010101,0.028,0.00244152
0.010101,0.029,0.00244152
0.010101,0.03,0.00244152
0.010101,0.031,0.00244152
0.010101,0.032,0.00244152
0.010101,0.033,0.00244152
0.010101,0.034,0.00244152
0.010101,0.035,0.00244152
0.010101,0.036,0.00244152
0.010101,0.037,0.00244152
0.010101,0.038,0.00244152
0.010101,0.039,0.00244152
0.010101,0.04,0.00244152
0.010101,0.041,0.00244152
0.010101,0.042,0.00244152
0.010101,0.043,0.00244152
0.010101,0.044,0.00244152
0.010101,0.045,0.00244152
0.010101,0.046,0.00244152
0.010101,0.047,0.00244152
0.010101,0.048,0.00244152
0.010101,0.049,0.00244152
0.010101,0.05,0.00244152
0.010101,0.051,0.00244152
0.010101,0.052,0.00244152
0.010101,0.053,0.00244152
0.010101,0.054,0.00244152
0.010101,0.055,0.00244152
0.010101,0.056,0.00244152
0.010101,0.057,0.00244152
0.010101,0.058,0.00244152
0.010101,0.059,0.00244152
0.010101,0.06,0.00244152
0.010101,0.061,0.00244152
0.010101,0.062,0.00244152
0.010101,0.063,0.00244152
0.010101,0.064,0.00244152
0.010101,0.065,0.00244152
0.010101,0.066,0.00244152
0.010101,0.067,0.00244152
0.010101,0.068,0.00244152
0.010101,0.069,0.00244152
0.010101,0.07,0.00244152
0.010101,0.071,0.00244152
0.010101,0.072,0.00244152
0.010101,0.073,0.00244152
0.010101,0.074,0.00244152
0.010101,0.075,0.00244152
0.010101,0.076,0.00244152
0.010101,0.077,0.00244152
0.010101,0.078,0.00244152
0.010101,0.079,0.00244152
0.010101,0.08,0.00244152
0.010101,0.081,0.00244152
0.010101,0.082,0.00244152
0.010101,0.083,0.00244152
0.010101,0.084,0.00244152
0.010101,0.085,0.00244152
0.010101,0.086,0.00244152
0.010101,0.087,0.00244152
0.010101,0.088,0.00244152
0.010101,0.089,0.00244152
0.010101,0.09,0.00244152
0.010101,0.091,0.00244152
0.010101,0.092,0.00244152
0.010101,0.093,0.00244152
0.010101,0.094,0.00244152
0.010101,0.095,0.00244152
0.010101,0.096,0.00244152
0.010101,0.097,0.00244152
0.010101,0.098,0.00244152
0.010101,0.099,0.00244152
0.010101,0.1,0.00244152
0.010101,0.101,0.00244152
0.010101,0.102,0.00244152
0.010101,0.103,0.00244152
0.010101,0.104,0.00244152
0.010101,0.105,0.00244152
0.010101,0.106,0.00244152
0.010101,0.107,0.00244152
0.010101,0.108,0.00244152
0.010101,0.109,0.00244152
0.010101,0.11,0.00244152
0.010101,0.111,0.00244152
0.010101,0.112,0.00244152
0.010101,0.113,0.00244152
0.010101,0.114,0.00244152
0.010101,0.115,0.00244152
0.010101,0.116,0.00244152
0.010101,0.117,0.00244152
0.010101,0.118,0.00244152
0.010101,0.119,0.00244152
0.010101,0.12,0.00244152
0.010101,0.121,0.00244152
0.010101,0.122,0.00244152
0.010101,0.123,0.00244152
0.010101,0.124,0.00244152
0.010101,0.125,0.00244152
0.010101,0.126,0.00244152
0.010101,0.127,0.00244152
0.010101,0.128,0.00244152
0.010101,0.129,0.00244152
0.010101,0.13,0.00244152
0.010101,0.131,0.00244152
0.010101,0.132,0.00244152
0.010101,0.133,0.00244152
0.010101,0.134,0.00244152
0.010101,0.135,0.00244152
0.010101,0.136,0.00244152
0.010101,0.137,0.00244152
0.010101,0.138,0.00244152
0.010101,0.139,0.00244152
0.010101,0.14,0.00244152
0.010101,0.141,0.00244152
0.010101,0.142,0.00244152
0.010101,0.143,0.00244152
0.010101,0.144,0.00244152
0.010101,0.145,0.00244152
0.010101,0.146,0.00244152
0.010101,0.147,0.00244152
0.010101,0.148,0.00244152
0.010101,0.149,0.00244152
0.010101,0.15,0.00244152
0.020202,0.001,0.00244152
0.020202,0.002,0.00244152
0.020202,0.003,0.00244152
0.020202,0.004,0.00244152
0.020202,0.005,0.00244152
0.020202,0.006,0.00244152
0.020202,0.007,0.00244152
0.020202,0.008,0.00244152
0.020202,0.009,0.00244152
0.020202,0.01,0.00244152
0.020202,0.011,0.00244152
0.020202,0.012,0.00244152
0.020202,0.013,0.00244152
0.020202,0.014,0.00244152
0.020202,0.015,0.00244152
0.020202,0.016,0.00244152
0.020202,0.017,0.00244152
0.020202,0.018,0.00244152
0.020202,0.019,0.00244152
0.020202,0.02,0.00244152
0.020202,0.021,0.00244152
0.020202,0.022,0.00244152
0.020202,0.023,0.00244152
0.020202,0.024,0.00244152
0.020202,0.025,0.00244152
0.020202,0.026,0.00244152
0.020202,0.027,0.00244152
0.020202,0.028,0.00244152
0.020202,0.029,0.00244152
0.020202,0.03,0.00244152
0.020202,0.031,0.00244152
0.020202,0.032,0.00244152
0.020202,0.033,0.00244152
0.020202,0.034,0.00244152
0.020202,0.035,0.00244152
0.020202,0.036,0.00244152
0.020202,0.037,0.00244152
0.020202,0.038,0.00244152
0.020202,0.039,0.00244152
0.020202,0.04,0.00244152
0.020202,0.041,0.00244152
0.020202,0.042,0.00244152
0.020202,0.043,0.00244152
0.020202,0.044,0.00244152
0.020202,0.045,0.00244152
0.020202,0.046,0.00244152
0.020202,0.047,0.00244152
0.020202,0.048,0.00244152
0.020202,0.049,0.00244152
0.020202,0.05,0.00244152
0.020202,0.051,0.00244152
0.020202,0.052,0.00244152
0.020202,0.053,0.00244152
0.020202,0.054,0.00244152
0.020202,0.055,0.00244152
0.020202,0.056,0.00244152
0.020202,0.057,0.00244152
0.020202,0.058,0.00244152
0.020202,0.059,0.00244152
0.020202,0.06,0.00244152
0.020202,0.061,0.00244152
0.020202,0.062,0.00244152
0.020202,0.063,0.00244152
0.020202,0.064,0.00244152
0.020202,0.065,0.00244152
0.020202,0.066,0.00244152
0.020202,0.067,0.00244152
0.020202,0.068,0.00244152
0.020202,0.069,0.00244152
0.020202,0.07,0.00244152
0.020202,0.071,0.00244152
0.020202,0.072,0.00244152
0.020202,0.073,0.00244152
0.020202,0.074,0.00244152
0.020202,0.075,0.00244152
0.020202,0.076,0.00244152
0.020202,0.077,0.00244152
0.020202,0.078,0.00244152
0.020202,0.079,0.00244152
0.020202,0.08,0.00244152
0.020202,0.081,0.00244152
0.020202,0.082,0.00244152
0.020202,0.083,0.00244152
0.020202,0.084,0.00244152
0.020202,0.085,0.00244152
0.020202,0.086,0.00244152
0.020202,0.087,0.00244152
0.020202,0.088,0.00244152
0.020202,0.089,0.00244152
0.020202,0.09,0.00244152
0.020202,0.091,0.00244152
0.020202,0.092,0.00244152
0.020202,0.093,0.00244152
0.020202,0.094,0.00244152
0.020202,0.095,0.00244152
0.020202,0.096,0.00244152
0.020202,0.097,0.00244152
0.020202,0.098,0.00244152
0.020202,0.099,0.00244152
0.020202,0.1,0.00244152
0.020202,0.101,0.00244152
0.020202,0.102,0.00244152
0.020202,0.103,0.00244152
0.020202,0.104,0.00244152
0.020202,0.105,0.00244152
0.020202,0.106,0.00244152
0.020202,0.107,0.00244152
0.020202,0.108,0.00244152
0.020202,0.109,0.00244152
0.020202,0.11,0.00244152
0.020202,0.111,0.00244152
0.020202,0.112,0.00244152
0.020202,0.113,0.00244152
0.020202,0.114,0.00244152
0.020202,0.115,0.00244152
0.020202,0.116,0.00244152
0.020202,0.117,0.00244152
0.020202,0.118,0.00244152
0.020202,0.119,0.00244152
0.020202,0.12,0.00244152
0.020202,0.121,0.00244152
0.020202,0.122,0.00244152
0.020202,0.123,0.00244152
0.020202,0.124,0.00244152
0.020202,0.125,0.00244152
0.020202,0.126,0.00244152
0.020202,0.127,0.00244152
0.020202,0.128,0.00244152
0.020202,0.129,0.00244152
0.020202,0.13,0.00244152
0.020202,0.131,0.00244152
0.020202,0.132,0.00244152
0.020202,0.133,0.00244152
0.020202,0.134,0.00244152
0.020202,0.135,0.00244152
0.020202,0.136,0.00244152
0.020202,0.137,0.00244152
0.020202,0.138,0.00244152
0.020202,0.139,0.00244152
0.020202,0.14,0.00244152
0.020202,0.141,0.00244152
0.020202,0.142,0.00244152
0.020202,0.143,0.00244152
0.020202,0.144,0.00244152
0.020202,0.145,0.00244152
0.020202,0.146,0.00244152
0.020202,0.147,0.00244152
0.020202,0.148,0.00244152
0.020202,0.149,0.00244152
0.020202,0.15,0.00244152
0.030303,0.001,0.00244152
0.030303,0.002,0.00244152
0.030303,0.003,0.00244152
0.030303,0.004,0.00244152
0.030303,0.005,0.00244152
0.030303,0.006,0.00244152
0.030303,0.007,0.00244152
0.030303,0.008,0.00244152
0.030303,0.009,0.00244152
0.030303,0.01,0.00244152
0.030303,0.011,0.00244152
0.030303,0.012,0.00244152
0.030303,0.013,0.00244152
0.030303,0.014,0.00244152
0.030303,0.015,0.00244152
0.030303,0.016,0.00244152
0.030303,0.017,0.00244152
0.030303,0.018,0.00244152
0.030303,0.019,0.00244152
0.030303,0.02,0.00244152
0.030303,0.021,0.00244152
0.030303,0.022,0.00244152
0.030303,0.023,0.00244152
0.030303,0.024,0.00244152
0.030303,0.025,0.00244152
0.030303,0.026,0.00244152
0.030303,0.027,0.00244152
0.030303,0.028,0.00244152
0.030303,0.029,0.00244152
0.030303,0.03,0.00244152
0.030303,0.031,0.00244152
0.030303,0.032,0.00244152
0.030303,0.033,0.00244152
0.030303,0.034,0.00244152
0.030303,0.035,0.00244152
0.030303,0.036,0.00244152
0.030303,0.037,0.00244152
0.030303,0.038,0.00244152
0.030303,0.039,0.00244152
0.030303,0.04,0.00244152
0.030303,0.041,0.00244152
0.030303,0.042,0.00244152
0.030303,0.043,0.00244152
0.030303,0.044,0.00244152
0.030303,0.045,0.00244152
0.030303,0.046,0.00244152
0.030303,0.047,0.00244152
0.030303,0.048,0.00244152
0.030303,0.049,0.00244152
0.030303,0.05,0.00244152
0.030303,0.051,0.00244152
0.030303,0.052,0.00244152
0.030303,0.053,0.00244152
0.030303,0.054,0.00244152
0.030303,0.055,0.00244152
0.030303,0.056,0.00244152
0.030303,0.057,0.00244152
0.030303,0.058,0.00244152
0.030303,0.059,0.00244152
0.030303,0.06,0.00244152
0.030303,0.061,0.00244152
0.030303,0.062,0.00244152
0.030303,0.063,0.00244152
0.030303,0.064,0.00244152
0.030303,0.065,0.00244152
0.030303,0.066,0.00244152
0.030303,0.067,0.00244152
0.030303,0.068,0.00244152
0.030303,0.069,0.00244152
0.030303,0.07,0.00244152
0.030303,0.071,0.00244152
0.030303,0.072,0.00244152
0.030303,0.073,0.00244152
0.030303,0.074,0.00244152
0.030303,0.075,0.00244152
0.030303,0.076,0.00244152
0.030303,0.077,0.00244152
0.030303,0.078,0.00244152
0.030303,0.079,0.00244152
0.030303,0.08,0.00244152
0.030303,0.081,0.00244152
0.030303,0.082,0.00244152
0.030303,0.083,0.00244152
0.030303,0.084,0.00244152
0.030303,0.085,0.00244152
0.030303,0.086,0.00244152
0.030303,0.087,0.00244152
0.030303,0.088,0.00244152
0.030303,0.089,0.00244152
0.030303,0.09,0.00244152
0.030303,0.091,0.00244152
0.030303,0.092,0.00244152
0.030303,0.093,0.00244152
0.030303,0.094,0.00244152
0.030303,0.095,0.00244152
0.030303,0.096,0.00244152
0.030303,0.097,0.00244152
0.030303,0.098,0.00244152
0.030303,0.099,0.00244152
0.030303,0.1,0.00244152
0.030303,0.101,0.00244152
0.030303,0.102,0.00244152
0.030303,0.103,0.00244152
0.030303,0.104,0.00244152
0.030303,0.105,0.00244152
0.030303,0.106,0.00244152
0.030303,0.107,0.00244152
0.030303,0.108,0.00244152
0.030303,0.109,0.00244152
0.030303,0.11,0.00244152
0.030303,0.111,0.00244152
0.030303,0.112,0.00244152
0.030303,0.113,0.00244152
0.030303,0.114,0.00244152
0.030303,0.115,0.00244152
0.030303,0.116,0.00244152
0.030303,0.117,0.00244152
0.030303,0.118,0.00244152
0.030303,0.119,0.00244152
0.030303,0.12,0.00244152
0.030303,0.121,0.00244152
0.030303,0.122,0.00244152
0.030303,0.123,0.00244152
0.030303,0.124,0.00244152
0.030303,0.125,0.00244152
0.030303,0.126,0.00244152
0.030303,0.127,0.00244152
0.030303,0.128,0.00244152
0.030303,0.129,0.00244152
0.030303,0.13,0.00244152
0.030303,0.131,0.00244152
0.030303,0.132,0.00244152
0.030303,0.133,0.00244152
0.030303,0.134,0.00244152
0.030303,0.135,0.00244152
0.030303,0.136,0.00244152
0.030303,0.137,0.00244152
0.030303,0.138,0.00244152
0.030303,0.139,0.00244152
0.030303,0.14,0.00244152
0.030303,0.141,0.00244152
0.030303,0.142,0.00244152
0.030303,0.143,0.00244152
0.030303,0.144,0.00244152
0.030303,0.145,0.00244152
0.030303,0.146,0.00244152
0.030303,0.147,0.00244152
0.030303,0.148,0.00244152
0.030303,0.149,0.00244152
0.030303,0.15,0.00244152
0.040404,0.001,0.00244152
0.040404,0.002,0.00244152
0.040404,0.003,0.00244152
0.040404,0.004,0.00244152
0.040404,0.005,0.00244152
0.040404,0.006,0.00244152
0.040404,0.007,0.00244152
0.040404,0.008,0.00244152
0.040404,0.009,0.00244152
0.040404,0.01,0.00244152
0.040404,0.011,0.00244152
0.040404,0.012,0.00244152
0.040404,0.013,0.00244152
0.040404,0.014,0.00244152
0.040404,0.015,0.00244152
0.040404,0.016,0.00244152
0.040404,0.017,0.00244152
0.040404,0.018,0.00244152
0.040404,0.019,0.00244152
0.040404,0.02,0.00244152
0.040404,0.021,0.00244152
0.040404,0.022,0.00244152
0.040404,0.023,0.00244152
0.040404,0.024,0.00244152
0.040404,0.025,0.00244152
0.040404,0.026,0.00244152
0.040404,0.027,0.00244152
0.040404,0.028,0.00244152
0.040404,0.029,0.00244152
0.040404,0.03,0.00244152
0.040404,0.031,0.00244152
0.040404,0.032,0.00244152
0.040404,0.033,0.00244152
0.040404,0.034,0.00244152
0.040404,0.035,0.00244152
0.040404,0.036,0.00244152
0.040404,0.037,0.00244152
0.040404,0.038,0.00244152
0.040404,0.039,0.00244152
0.040404,0.04,0.00244152
0.040404,0.041,0.00244152
0.040404,0.042,0.00244152
0.040404,0.043,0.00244152
0.040404,0.044,0.00244152
0.040404,0.045,0.00244152
0.040404,0.046,0.00244152
0.040404,0.047,0.00244152
0.040404,0.048,0.00244152
0.040404,0.049,0.00244152
0.040404,0.05,0.00244152
0.040404,0.051,0.00244152
0.040404,0.052,0.00244152
0.040404,0.053,0.00244152
0.040404,0.054,0.00244152
0.040404,0.055,0.00244152
0.040404,0.056,0.00244152
0.040404,0.057,0.00244152
0.040404,0.058,0.00244152
0.040404,0.059,0.00244152
0.040404,0.06,0.00244152
0.040404,0.061,0.00244152
0.040404,0.062,0.00244152
0.040404,0.063,0.00244152
0.040404,0.064,0.00244152
0.040404,0.065,0.00244152
0.040404,0.066,0.00244152
0.040404,0.067,0.00244152
0.040404,0.068,0.00244152
0.040404,0.069,0.00244152
0.040404,0.07,0.00244152
0.040404,0.071,0.00244152
0.040404,0.072,0.00244152
0.040404,0.073,0.00244152
0.040404,0.074,0.00244152
0.040404,0.075,0.00244152
0.040404,0.076,0.00244152
0.040404,0.077,0.00244152
0.040404,0.078,0.00244152
0.040404,0.079,0.00244152
0.040404,0.08,0.00244152
0.040404,0.081,0.00244152
0.040404,0.082,0.00244152
0.040404,0.083,0.00244152
0.040404,0.084,0.00244152
0.040404,0.085,0.00244152
0.040404,0.086,0.00244152
0.040404,0.087,0.00244152
0.040404,0.088,0.00244152
0.040404,0.089,0.00244152
0.040404,0.09,0.00244152
0.040404,0.091,0.00244152
0.040404,0.092,0.00244152
0.040404,0.093,0.00244152
0.040404,0.094,0.00244152
0.040404,0.095,0.00244152
0.040404,0.096,0.00244152
0.040404,0.097,0.00244152
0.040404,0.098,0.00244152
0.040404,0.099,0.00244152
0.040404,0.1,0.00244152
0.040404,0.101,0.00244152
0.040404,0.102,0.00244152
0.040404,0.103,0.00244152
0.040404,0.104,0.00244152
0.040404,0.105,0.00244152
0.040404,0.106,0.00244152
0.040404,0.107,0.00244152
0.040404,0.108,0.00244152
0.040404,0.109,0.00244152
0.040404,0.11,0.00244152
0.040404,0.111,0.00244152
0.040404,0.112,0.00244152
0.040404,0.113,0.00244152
0.040404,0.114,0.00244152
0.040404,0.115,0.00244152
0.040404,0.116,0.00244152
0.040404,0.117,0.00244152
0.040404,0.118,0.00244152
0.040404,0.119,0.00244152
0.040404,0.12,0.00244152
0.040404,0.121,0.00244152
0.040404,0.122,0.00244152
0.040404,0.123,0.00244152
0.040404,0.124,0.00244152
0.040404,0.125,0.00244152
0.040404,0.126,0.00244152
0.040404,0.127,0.00244152
0.040404,0.128,0.00244152
0.040404,0.129,0.00244152
0.040404,0.13,0.00244152
0.040404,0.131,0.00244152
0.040404,0.132,0.00244152
0.040404,0.133,0.00244152
0.040404,0.134,0.00244152
0.040404,0.135,0.00244152
0.040404,0.136,0.00244152
0.040404,0.137,0.00244152
0.040404,0.138,0.00244152
0.040404,0.139,0.00244152
0.040404,0.14,0.00244152
0.040404,0.141,0.00244152
0.040404,0.142,0.00244152
0.040404,0.143,0.00244152
0.040404,0.144,0.00244152
0.040404,0.145,0.00244152
0.040404,0.146,0.00244152
0.040404,0.147,0.00244152
0.040404,0.148,0.00244152
0.040404,0.149,0.00244152
0.040404,0.15,0.00244152
0.050505,0.001,0.00244152
0.050505,0.002,0.00244152
0.050505,0.003,0.00244152
0.050505,0.004,0.00244152
0.050505,0.005,0.00244152
0.050505,0.006,0.00244152
0.050505,0.007,0.00244152
0.050505,0.008,0.00244152
0.050505,0.009,0.00244152
0.050505,0.01,0.00244152
0.050505,0.011,0.00244152
0.050505,0.012,0.00244152
0.050505,0.013,0.00244152
0.050505,0.014,0.00244152
0.050505,0.015,0.00244152
0.050505,0.016,0.00244152
0.050505,0.017,0.00244152
0.050505,0.018,0.00244152
0.050505,0.019,0.00244152
0.050505,0.02,0.00244152
0.050505,0.021,0.00244152
0.050505,0.022,0.00244152
0.050505,0.023,0.00244152
0.050505,0.024,0.00244152
0.050505,0.025,0.00244152
0.050505,0.026,0.00244152
0.050505,0.027,0.00244152
0.050505,0.028,0.00244152
0.050505,0.029,0.00244152
0.050505,0.03,0.00244152
0.050505,0.031,0.00244152
0.050505,0.032,0.00244152
0.050505,0.033,0.00244152
0.050505,0.034,0.00244152
0.050505,0.035,0.00244152
0.050505,0.036,0.00244152
0.050505,0.037,0.00244152
0.050505,0.038,0.00244152
0.050505,0.039,0.00244152
0.050505,0.04,0.00244152
0.050505,0.041,0.00244152
0.050505,0.042,0.00244152
0.050505,0.043,0.00244152
0.050505,0.044,0.00244152
0.050505,0.045,0.00244152
0.050505,0.046,0.00244152
0.050505,0.047,0.00244152
0.050505,0.048,0.00244152
0.050505,0.049,0.00244152
0.050505,0.05,0.00244152
0.050505,0.051,0.00244152
0.050505,0.052,0.00244152
0.050505,0.053,0.00244152
0.050505,0.054,0.00244152
0.050505,0.055,0.00244152
0.050505,0.056,0.00244152
0.050505,0.057,0.00244152
0.050505,0.058,0.00244152
0.050505,0.059,0.00244152
0.050505,0.06,0.00244152
0.050505,0.061,0.00244152
0.050505,0.062,0.00244152
0.050505,0.063,0.00244152
0.050505,0.064,0.00244152
0.050505,0.065,0.00244152
0.050505,0.066,0.00244152
0.050505,0.067,0.00244152
0.050505,0.068,0.00244152
0.050505,0.069,0.00244152
0.050505,0.07,0.00244152
0.050505,0.071,0.00244152
0.050505,0.072,0.00244152
0.050505,0.073,0.00244152
0.050505,0.074,0.00244152
0.050505,0.075,0.00244152
0.050505,0.076,0.00244152
0.050505,0.077,0.00244152
0.050505,0.078,0.00244152
0.050505,0.079,0.00244152
0.050505,0.08,0.00244152
0.050505,0.081,0.00244152
0.050505,0.082,0.00244152
0.050505,0.083,0.00244152
0.050505,0.084,0.00244152
0.050505,0.085,0.00244152
0.050505,0.086,0.00244152
0.050505,0.087,0.00244152
0.050505,0.088,0.00244152
0.050505,0.089,0.00244152
0.050505,0.09,0.00244152
0.050505,0.091,0.00244152
0.050505,0.092,0.00244152
0.050505,0.093,0.00244152
0.050505,0.094,0.00244152
0.050505,0.095,0.00244152
0.050505,0.096,0.00244152
0.050505,0.097,0.00244152
0.050505,0.098,0.00244152
0.050505,0.099,0.00244152
0.050505,0.1,0.00244152
0.050505,0.101,0.00244152
0.050505,0.102,0.00244152
0.050505,0.103,0.00244152
0.050505,0.104,0.00244152
0.050505,0.105,0.00244152
0.050505,0.106,0.00244152
0.050505,0.107,0.00244152
0.050505,0.108,0.00244152
0.050505,0.109,0.00244152
0.050505,0.11,0.00244152
0.050505,0.111,0.00244152
0.050505,0.112,0.00244152
0.050505,0.113,0.00244152
0.050505,0.114,0.00244152
0.050505,0.115,0.00244152
0.050505,0.116,0.00244152
0.050505,0.117,0.00244152
0.050505,0.118,0.00244152
0.050505,0.119,0.00244152
0.050505,0.12,0.00244152
0.050505,0.121,0.00244152
0.050505,0.122,0.00244152
0.050505,0.123,0.00244152
0.050505,0.124,0.00244152
0.050505,0.125,0.00244152
0.050505,0.126,0.00244152
0.050505,0.127,0.00244152
0.050505,0.128,0.00244152
0.050505,0.129,0.00244152
0.050505,0.13,0.00244152
0.050505,0.131,0.00244152
0.050505,0.132,0.00244152
0.050505,0.133,0.00244152
0.050505,0.134,0.00244152
0.050505,0.135,0.00244152
0.050505,0.136,0.00244152
0.050505,0.137,0.00244152
0.050505,0.138,0.00244152
0.050505,0.139,0.00244152
0.050505,0.14,0.00244152
0.050505,0.141,0.00244152
0.050505,0.142,0.00244152
0.050505,0.143,0.00244152
0.050505,0.144,0.00244152
0.050505,0.145,0.00244152
0.050505,0.146,0.00244152
0.050505,0.147,0.00244152
0.050505,0.148,0.00244152
0.050505,0.149,0.00244152
0.050505,0.15,0.00244152
0.0606061,0.001,0.00244152
0.0606061,0.002,0.00244152
0.0606061,0.003,0.00244152
0.0606061,0.004,0.00244152
0.0606061,0.005,0.00244152
0.0606061,0.006,0.00244152
0.0606061,0.007,0.00244152
0.0606061,0.008,0.00244152
0.0606061,0.009,0.00244152
0.0606061,0.01,0.00244152
0.0606061,0.011,0.00244152
0.0606061,0.012,0.00244152
0.0606061,0.013,0.00244152
0.0606061,0.014,0.00244152
0.0606061,0.015,0.00244152
0.0606061,0.016,0.00244152
0.0606061,0.017,0.00244152
0.0606061,0.018,0.00244152
0.0606061,0.019,0.00244152
0.0606061,0.02,0.00244152
0.0606061,0.021,0.00244152
0.0606061,0.022,0.00244152
0.0606061,0.023,0.00244152
0.0606061,0.024,0.00244152
0.0606061,0.025,0.00244152
0.0606061,0.026,0.00244152
0.0606061,0.027,0.00244152
0.0606061,0.028,0.00244152
0.0606061,0.029,0.00244152
0.0606061,0.03,0.00244152
0.0606061,0.031,0.00244152
0.0606061,0.032,0.00244152
0.0606061,0.033,0.00244152
0.0606061,0.034,0.00244152
0.0606061,0.035,0.00244152
0.0606061,0.036,0.00244152
0.0606061,0.037,0.00244152
0.0606061,0.038,0.00244152
0.0606061,0.039,0.00244152
0.0606061,0.04,0.00244152
0.0606061,0.041,0.00244152
0.0606061,0.042,0.00244152
0.0606061,0.043,0.00244152
0.0606061,0.044,0.00244152
0.0606061,0.045,0.00244152
0.0606061,0.046,0.00244152
0.0606061,0.047,0.00244152
0.0606061,0.048,0.00244152
0.0606061,0.049,0.00244152
0.0606061,0.05,0.00244152
0.0606061,0.051,0.00244152
0.0606061,0.052,0.00244152
0.0606061,0.053,0.00244152
0.0606061,0.054,0.00244152
0.0606061,0.055,0.00244152
0.0606061,0.056,0.00244152
0.0606061,0.057,0.00244152
0.0606061,0.058,0.00244152
0.0606061,0.059,0.00244152
0.0606061,0.06,0.00244152
0.0606061,0.061,0.00244152
0.0606061,0.062,0.00244152
0.0606061,0.063,0.00244152
0.0606061,0.064,0.00244152
0.0606061,0.065,0.00244152
0.0606061,0.066,0.00244152
0.0606061,0.067,0.00244152
0.0606061,0.068,0.00244152
0.0606061,0.069,0.00244152
0.0606061,0.07,0.00244152
0.0606061,0.071,0.00244152
0.0606061,0.072,0.00244152
0.0606061,0.073,0.00244152
0.0606061,0.074,0.00244152
0.0606061,0.075,0.00244152
0.0606061,0.076,0.00244152
0.0606061,0.077,0.00244152
0.0606061,0.078,0.00244152
0.0606061,0.079,0.00244152
0.0606061,0.08,0.00244152
0.0606061,0.081,0.00244152
0.0606061,0.082,0.00244152
0.0606061,0.083,0.00244152
0.0606061,0.084,0.00244152
0.0606061,0.085,0.00244152
0.0606061,0.086,0.00244152
0.0606061,0.087,0.00244152
0.0606061,0.088,0.00244152
0.0606061,0.089,0.00244152
0.0606061,0.09,0.00244152
0.0606061,0.091,0.00244152
0.0606061,0.092,0.00244152
0.0606061,0.093,0.00244152
0.0606061,0.094,0.00244152
0.0606061,0.095,0.00244152
0.0606061,0.096,0.00244152
0.0606061,0.097,0.00244152
0.0606061,0.098,0.00244152
0.0606061,0.099,0.00244152
0.0606061,0.1,0.00244152
0.0606061,0.101,0.00244152
0.0606061,0.102,0.00244152
0.0606061,0.103,0.00244152
0.0606061,0.104,0.00244152
0.0606061,0.105,0.00244152
0.0606061,0.106,0.00244152
0.0606061,0.107,0.00244152
0.0606061,0.108,0.00244152
0.0606061,0.109,0.00244152
0.0606061,0.11,0.00244152
0.0606061,0.111,0.00244152
0.0606061,0.112,0.00244152
0.0606061,0.113,0.00244152
0.0606061,0.114,0.00244152
0.0606061,0.115,0.00244152
0.0606061,0.116,0.00244152
0.0606061,0.117,0.00244152
0.0606061,0.118,0.00244152
0.0606061,0.119,0.00244152
0.0606061,0.12,0.00244152
0.0606061,0.121,0.00244152
0.0606061,0.122,0.00244152
0.0606061,0.123,0.00244152
0.0606061,0.124,0.00244152
0.0606061,0.125,0.00244152
0.0606061,0.126,0.00244152
0.0606061,0.127,0.00244152
0.0606061,0.128,0.00244152
0.0606061,0.129,0.00244152
0.0606061,0.13,0.00244152
0.0606061,0.131,0.00244152
0.0606061,0.132,0.00244152
0.0606061,0.133,0.00244152
0.0606061,0.134,0.00244152
0.0606061,0.135,0.00244152
0.0606061,0.136,0.00244152
0.0606061,0.137,0.00244152
0.0606061,0.138,0.00244152
0.0606061,0.139,0.00244152
0.0606061,0.14,0.00244152
0.0606061,0.141,0.00244152
0.0606061,0.142,0.00244152
0.0606061,0.143,0.00244152
0.0606061,0.144,0.00244152
0.0606061,0.145,0.00244152
0.0606061,0.146,0.00244152
0.0606061,0.147,0.00244152
0.0606061,0.148,0.00244152
0.0606061,0.149,0.00244152
0.0606061,0.15,0.00244152
0.0707071,0.001,0.00244152
0.0707071,0.002,0.00244152
0.0707071,0.003,0.00244152
0.0707071,0.004,0.00244152
0.0707071,0.005,0.00244152
0.0707071,0.006,0.00244152
0.0707071,0.007,0.00244152
0.0707071,0.008,0.00244152
0.0707071,0.009,0.00244152
0.0707071,0.01,0.00244152
0.0707071,0.011,0.00244152
0.0707071,0.012,0.00244152
0.0707071,0.013,0.00244152
0.0707071,0.014,0.00244152
0.0707071,0.015,0.00244152
0.0707071,0.016,0.00244152
0.0707071,0.017,0.00244152
0.0707071,0.018,0.00244152
0.0707071,0.019,0.00244152
0.0707071,0.02,0.00244152
0.0707071,0.021,0.00244152
0.0707071,0.022,0.00244152
0.0707071,0.023,0.00244152
0.0707071,0.024,0.00244152
0.0707071,0.025,0.00244152
0.0707071,0.026,0.00244152
0.0707071,0.027,0.00244152
0.0707071,0.028,0.00244152
0.0707071,0.029,0.00244152
0.0707071,0.03,0.00244152
0.0707071,0.031,0.00244152
0.0707071,0.032,0.00244152
0.0707071,0.033,0.00244152
0.0707071,0.034,0.00244152
0.0707071,0.035,0.00244152
0.0707071,0.036,0.00244152
0.0707071,0.037,0.00244152
0.0707071,0.038,0.00244152
0.0707071,0.039,0.00244152
0.0707071,0.04,0.00244152
0.0707071,0.041,0.00244152
0.0707071,0.042,0.00244152
0.0707071,0.043,0.00244152
0.0707071,0.044,0.00244152
0.0707071,0.045,0.00244152
0.0707071,0.046,0.00244152
0.0707071,0.047,0.00244152
0.0707071,0.048,0.00244152
0.0707071,0.049,0.00244152
0.0707071,0.05,0.00244152
0.0707071,0.051,0.00244152
0.0707071,0.052,0.00244152
0.0707071,0.053,0.00244152
0.0707071,0.054,0.00244152
0.0707071,0.055,0.00244152
0.0707071,0.056,0.00244152
0.0707071,0.057,0.00244152
0.0707071,0.058,0.00244152
0.0707071,0.059,0.00244152
0.0707071,0.06,0.00244152
0.0707071,0.061,0.00244152
0.0707071,0.062,0.00244152
0.0707071,0.063,0.00244152
0.0707071,0.064,0.00244152
0.0707071,0.065,0.00244152
0.0707071,0.066,0.00244152
0.0707071,0.067,0.00244152
0.0707071,0.068,0.00244152
0.0707071,0.069,0.00244152
0.0707071,0.07,0.00244152
0.0707071,0.071,0.00244152
0.0707071,0.072,0.00244152
0.0707071,0.073,0.00244152
0.0707071,0.074,0.00244152
0.0707071,0.075,0.00244152
0.0707071,0.076,0.00244152
0.0707071,0.077,0.00244152
0.0707071,0.078,0.00244152
0.0707071,0.079,0.00244152
0.0707071,0.08,0.00244152
0.0707071,0.081,0.00244152
0.0707071,0.082,0.00244152
0.0707071,0.083,0.00244152
0.0707071,0.084,0.00244152
0.0707071,0.085,0.00244152
0.0707071,0.086,0.00244152
0.0707071,0.087,0.00244152
0.0707071,0.088,0.00244152
0.0707071,0.089,0.00244152
0.0707071,0.09,0.00244152
0.0707071,0.091,0.00244152
0.0707071,0.092,0.00244152
0.0707071,0.093,0.00244152
0.0707071,0.094,0.00244152
0.0707071,0.095,0.00244152
0.0707071,0.096,0.00244152
0.0707071,0.097,0.00244152
0.0707071,0.098,0.00244152
0.0707071,0.099,0.00244152
0.0707071,0.1,0.00244152
0.0707071,0.101,0.00244152
0.0707071,0.102,0.00244152
0.0707071,0.103,0.00244152
0.0707071,0.104,0.00244152
0.0707071,0.105,0.00244152
0.0707071,0.106,0.00244152
0.0707071,0.107,0.00244152
0.0707071,0.108,0.00244152
0.0707071,0.109,0.00244152
0.0707071,0.11,0.00244152
0.0707071,0.111,0.00244152
0.0707071,0.112,0.00244152
0.0707071,0.113,0.00244152
0.0707071,0.114,0.00244152
0.0707071,0.115,0.00244152
0.0707071,0.116,0.00244152
0.0707071,0.117,0.00244152
0.0707071,0.118,0.00244152
0.0707071,0.119,0.00244152
0.0707071,0.12,0.00244152
0.0707071,0.121,0.00244152
0.0707071,0.122,0.00244152
0.0707071,0.123,0.00244152
0.0707071,0.124,0.00244152
0.0707071,0.125,0.00244152
0.0707071,0.126,0.00244152
0.0707071,0.127,0.00244152
0.0707071,0.128,0.00244152
0.0707071,0.129,0.00244152
0.0707071,0.13,0.00244152
0.0707071,0.131,0.00244152
0.0707071,0.132,0.00244152
0.0707071,0.133,0.00244152
0.0707071,0.134,0.00244152
0.0707071,0.135,0.00244152
0.0707071,0.136,0.00244152
0.0707071,0.137,0.00244152
0.0707071,0.138,0.00244152
0.0707071,0.139,0.00244152
0.0707071,0.14,0.00244152
0.0707071,0.141,0.00244152
0.0707071,0.142,0.00244152
0.0707071,0.143,0.00244152
0.0707071,0.144,0.00244152
0.0707071,0.145,0.00244152
0.0707071,0.146,0.00244152
0.0707071,0.147,0.00244152
0.0707071,0.148,0.00244152
0.0707071,0.149,0.00244152
0.0707071,0.15,0.00244152
0.0808081,0.001,0.00244152
0.0808081,0.002,0.00244152
0.0808081,0.003,0.00244152
0.0808081,0.004,0.00244152
0.0808081,0.005,0.00244152
0.0808081,0.006,0.00244152
0.0808081,0.007,0.00244152
0.0808081,0.008,0.00244152
0.0808081,0.009,0.00244152
0.0808081,0.01,0.00244152
0.0808081,0.011,0.00244152
0.0808081,0.012,0.00244152
0.0808081,0.013,0.00244152
0.0808081,0.014,0.00244152
0.0808081,0.015,0.00244152
0.0808081,0.016,0.00244152
0.0808081,0.017,0.00244152
0.0808081,0.018,0.00244152
0.0808081,0.019,0.00244152
0.0808081,0.02,0.00244152
0.0808081,0.021,0.00244152
0.0808081,0.022,0.00244152
0.0808081,0.023,0.00244152
0.0808081,0.024,0.00244152
0.0808081,0.025,0.00244152
0.0808081,0.026,0.00244152
0.0808081,0.027,0.00244152
0.0808081,0.028,0.00244152
0.0808081,0.029,0.00244152
0.0808081,0.03,0.00244152
0.0808081,0.031,0.00244152
0.0808081,0.032,0.00244152
0.0808081,0.033,0.00244152
0.0808081,0.034,0.00244152
0.0808081,0.035,0.00244152
0.0808081,0.036,0.00244152
0.0808081,0.037,0.00244152
0.0808081,0.038,0.00244152
0.0808081,0.039,0.00244152
0.0808081,0.04,0.00244152
0.0808081,0.041,0.00244152
0.0808081,0.042,0.00244152
0.0808081,0.043,0.00244152
0.0808081,0.044,0.00244152
0.0808081,0.045,0.00244152
0.0808081,0.046,0.00244152
0.0808081,0.047,0.00244152
0.0808081,0.048,0.00244152
0.0808081,0.049,0.00244152
0.0808081,0.05,0.00244152
0.0808081,0.051,0.00244152
0.0808081,0.052,0.00244152
0.0808081,0.053,0.00244152
0.0808081,0.054,0.00244152
0.0808081,0.055,0.00244152
0.0808081,0.056,0.00244152
0.0808081,0.057,0.00244152
0.0808081,0.058,0.00244152
0.0808081,0.059,0.00244152
0.0808081,0.06,0.00244152
0.0808081,0.061,0.00244152
0.0808081,0.062,0.00244152
0.0808081,0.063,0.00244152
0.0808081,0.064,0.00244152
0.0808081,0.065,0.00244152
0.0808081,0.066,0.00244152
0.0808081,0.067,0.00244152
0.0808081,0.068,0.00244152
0.0808081,0.069,0.00244152
0.0808081,0.07,0.00244152
0.0808081,0.071,0.00244152
0.0808081,0.072,0.00244152
0.0808081,0.073,0.00244152
0.0808081,0.074,0.00244152
0.0808081,0.075,0.00244152
0.0808081,0.076,0.00244152
0.0808081,0.077,0.00244152
0.0808081,0.078,0.00244152
0.0808081,0.079,0.00244152
0.0808081,0.08,0.00244152
0.0808081,0.081,0.00244152
0.0808081,0.082,0.00244152
0.0808081,0.083,0.00244152
0.0808081,0.084,0.00244152
0.0808081,0.085,0.00244152
0.0808081,0.086,0.00244152
0.0808081,0.087,0.00244152
0.0808081,0.088,0.00244152
0.0808081,0.089,0.00244152
0.0808081,0.09,0.00244152
0.0808081,0.091,0.00244152
0.0808081,0.092,0.00244152
0.0808081,0.093,0.00244152
0.0808081,0.094,0.00244152
0.0808081,0.095,0.00244152
0.0808081,0.096,0.00244152
0.0808081,0.097,0.00244152
0.0808081,0.098,0.00244152
0.0808081,0.099,0.00244152
0.0808081,0.1,0.00244152
0.0808081,0.101,0.00244152
0.0808081,0.102,0.00244152
0.0808081,0.103,0.00244152
0.0808081,0.104,0.00244152
0.0808081,0.105,0.00244152
0.0808081,0.106,0.00244152
0.0808081,0.107,0.00244152
0.0808081,0.108,0.00244152
0.0808081,0.109,0.00244152
0.0808081,0.11,0.00244152
0.0808081,0.111,0.00244152
0.0808081,0.112,0.00244152
0.0808081,0.113,0.00244152
0.0808081,0.114,0.00244152
0.0808081,0.115,0.00244152
0.0808081,0.116,0.00244152
0.0808081,0.117,0.00244152
0.0808081,0.118,0.00244152
0.0808081,0.119,0.00244152
0.0808081,0.12,0.00244152
0.0808081,0.121,0.00244152
0.0808081,0.122,0.00244152
0.0808081,0.123,0.00244152
0.0808081,0.124,0.00244152
0.0808081,0.125,0.00244152
0.0808081,0.126,0.00244152
0.0808081,0.127,0.00244152
0.0808081,0.128,0.00244152
0.0808081,0.129,0.00244152
0.0808081,0.13,0.00244152
0.0808081,0.131,0.00244152
0.0808081,0.132,0.00244152
0.0808081,0.133,0.00244152
0.0808081,0.134,0.00244152
0.0808081,0.135,0.00244152
0.0808081,0.136,0.00244152
0.0808081,0.137,0.00244152
0.0808081,0.138,0.00244152
0.0808081,0.139,0.00244152
0.0808081,0.14,0.00244152
0.0808081,0.141,0.00244152
0.0808081,0.142,0.00244152
0.0808081,0.143,0.00244152
0.0808081,0.144,0.00244152
0.0808081,0.145,0.00244152
0.0808081,0.146,0.00244152
0.0808081,0.147,0.00244152
0.0808081,0.148,0.00244152
0.0808081,0.149,0.00244152
0.0808081,0.15,0.00244152
0.0909091,0.001,0.00244152
0.0909091,0.002,0.00244152
0.0909091,0.003,0.00244152
0.0909091,0.004,0.00244152
0.0909091,0.005,0.00244152
0.0909091,0.006,0.00244152
0.0909091,0.007,0.00244152
0.0909091,0.008,0.00244152
0.0909091,0.009,0.00244152
0.0909091,0.01,0.00244152
0.0909091,0.011,0.00244152
0.0909091,0.012,0.00244152
0.0909091,0.013,0.00244152
0.0909091,0.014,0.00244152
0.0909091,0.015,0.00244152
0.0909091,0.016,0.00244152
0.0909091,0.017,0.00244152
0.0909091,0.018,0.00244152
0.0909091,0.019,0.00244152
0.0909091,0.02,0.00244152
0.0909091,0.021,0.00244152
0.0909091,0.022,0.00244152
0.0909091,0.023,0.00244152
0.0909091,0.024,0.00244152
0.0909091,0.025,0.00244152
0.0909091,0.026,0.00244152
0.0909091,0.027,0.00244152
0.0909091,0.028,0.00244152
0.0909091,0.029,0.00244152
0.0909091,0.03,0.00244152
0.0909091,0.031,0.00244152
0.0909091,0.032,0.00244152
0.0909091,0.033,0.00244152
0.0909091,0.034,0.00244152
0.0909091,0.035,0.00244152
0.0909091,0.036,0.00244152
0.0909091,0.037,0.00244152
0.0909091,0.038,0.00244152
0.0909091,0.039,0.00244152
0.0909091,0.04,0.00244152
0.0909091,0.041,0.00244152
0.0909091,0.042,0.00244152
0.0909091,0.043,0.00244152
0.0909091,0.044,0.00244152
0.0909091,0.045,0.00244152
0.0909091,0.046,0.00244152
0.0909091,0.047,0.00244152
0.0909091,0.048,0.00244152
0.0909091,0.049,0.00244152
0.0909091,0.05,0.00244152
0.0909091,0.051,0.00244152
0.0909091,0.052,0.00244152
0.0909091,0.053,0.00244152
0.0909091,0.054,0.00244152
0.0909091,0.055,0.00244152
0.0909091,0.056,0.00244152
0.0909091,0.057,0.00244152
0.0909091,0.058,0.00244152
0.0909091,0.059,0.00244152
0.0909091,0.06,0.00244152
0.0909091,0.061,0.00244152
0.0909091,0.062,0.00244152
0.0909091,0.063,0.00244152
0.0909091,0.064,0.00244152
0.0909091,0.065,0.00244152
0.0909091,0.066,0.00244152
0.0909091,0.067,0.00244152
0.0909091,0.068,0.00244152
0.0909091,0.069,0.00244152
0.0909091,0.07,0.00244152
0.0909091,0.071,0.00244152
0.0909091,0.072,0.00244152
0.0909091,0.073,0.00244152
0.0909091,0.074,0.00244152
0.0909091,0.075,0.00244152
0.0909091,0.076,0.00244152
0.0909091,0.077,0.00244152
0.0909091,0.078,0.00244152
0.0909091,0.079,0.00244152
0.0909091,0.08,0.00244152
0.0909091,0.081,0.00244152
0.0909091,0.082,0.00244152
0.0909091,0.083,0.00244152
0.0909091,0.084,0.00244152
0.0909091,0.085,0.00244152
0.0909091,0.086,0.00244152
0.0909091,0.087,0.00244152
0.0909091,0.088,0.00244152
0.0909091,0.089,0.00244152
0.0909091,0.09,0.00244152
0.0909091,0.091,0.00244152
0.0909091,0.092,0.00244152
0.0909091,0.093,0.00244152
0.0909091,0.094,0.00244152
0.0909091,0.095,0.00244152
0.0909091,0.096,0.00244152
0.0909091,0.097,0.00244152
0.0909091,0.098,0.00244152
0.0909091,0.099,0.00244152
0.0909091,0.1,0.00244152
0.0909091,0.101,0.00244152
0.0909091,0.102,0.00244152
0.0909091,0.103,0.00244152
0.0909091,0.104,0.00244152
0.0909091,0.105,0.00244152
0.0909091,0.106,0.00244152
0.0909091,0.107,0.00244152
0.0909091,0.108,0.00244152
0.0909091,0.109,0.00244152
0.0909091,0.11,0.00244152
0.0909091,0.111,0.00244152
0.0909091,0.112,0.00244152
0.0909091,0.113,0.00244152
0.0909091,0.114,0.00244152
0.0909091,0.115,0.00244152
0.0909091,0.116,0.00244152
0.0909091,0.117,0.00244152
0.0909091,0.118,0.00244152
0.0909091,0.119,0.00244152
0.0909091,0.12,0.00244152
0.0909091,0.121,0.00244152
0.0909091,0.122,0.00244152
0.0909091,0.123,0.00244152
0.0909091,0.124,0.00244152
0.0909091,0.125,0.00244152
0.0909091,0.126,0.00244152
0.0909091,0.127,0.00244152
0.0909091,0.128,0.00244152
0.0909091,0.129,0.00244152
0.0909091,0.13,0.00244152
0.0909091,0.131,0.00244152
0.0909091,0.132,0.00244152
0.0909091,0.133,0.00244152
0.0909091,0.134,0.00244152
0.0909091,0.135,0.00244152
0.0909091,0.136,0.00244152
0.0909091,0.137,0.00244152
0.0909091,0.138,0.00244152
0.0909091,0.139,0.00244152
0.0909091,0.14,0.00244152
0.0909091,0.141,0.00244152
0.0909091,0.142,0.00244152
0.0909091,0.143,0.00244152
0.0909091,0.144,0.00244152
0.0909091,0.145,0.00244152
0.0909091,0.146,0.00244152
0.0909091,0.147,0.00244152
0.0909091,0.148,0.00244152
0.0909091,0.149,0.00244152
0.0909091,0.15,0.00244152
0.10101,0.001,0.00244152
0.10101,0.002,0.00244152
0.10101,0.003,0.00244152
0.10101,0.004,0.00244152
0.10101,0.005,0.00244152
0.10101,0.006,0.00244152
0.10101,0.007,0.00244152
0.10101,0.008,0.00244152
0.10101,0.009,0.00244152
0.10101,0.01,0.00244152
0.10101,0.011,0.00244152
0.10101,0.012,0.00244152
0.10101,0.013,0.00244152
0.10101,0.014,0.00244152
0.10101,0.015,0.00244152
0.10101,0.016,0.00244152
0.10101,0.017,0.00244152
0.10101,0.018,0.00244152
0.10101,0.019,0.00244152
0.10101,0.02,0.00244152
0.10101,0.021,0.00244152
0.10101,0.022,0.00244152
0.10101,0.023,0.00244152
0.10101,0.024,0.00244152
0.10101,0.025,0.00244152
0.10101,0.026,0.00244152
0.10101,0.027,0.00244152
0.10101,0.028,0.00244152
0.10101,0.029,0.00244152
0.10101,0.03,0.00244152
0.10101,0.031,0.00244152
0.10101,0.032,0.00244152
0.10101,0.033,0.00244152
0.10101,0.034,0.00244152
0.10101,0.035,0.00244152
0.10101,0.036,0.00244152
0.10101,0.037,0.00244152
0.10101,0.038,0.00244152
0.10101,0.039,0.00244152
0.10101,0.04,0.00244152
0.10101,0.041,0.00244152
0.10101,0.042,0.00244152
0.10101,0.043,0.00244152
0.10101,0.044,0.00244152
0.10101,0.045,0.00244152
0.10101,0.046,0.00244152
0.10101,0.047,0.00244152
0.10101,0.048,0.00244152
0.10101,0.049,0.00244152
0.10101,0.05,0.00244152
0.10101,0.051,0.00244152
0.10101,0.052,0.00244152
0.10101,0.053,0.00244152
0.10101,0.054,0.00244152
0.10101,0.055,0.00244152
0.10101,0.056,0.00244152
0.10101,0.057,0.00244152
0.10101,0.058,0.00244152
0.10101,0.059,0.00244152
0.10101,0.06,0.00244152
0.10101,0.061,0.00244152
0.10101,0.062,0.00244152
0.10101,0.063,0.00244152
0.10101,0.064,0.00244152
0.10101,0.065,0.00244152
0.10101,0.066,0.00244152
0.10101,0.067,0.00244152
0.10101,0.068,0.00244152
0.10101,0.069,0.00244152
0.10101,0.07,0.00244152
0.10101,0.071,0.00244152
0.10101,0.072,0.00244152
0.10101,0.073,0.00244152
0.10101,0.074,0.00244152
0.10101,0.075,0.00244152
0.10101,0.076,0.00244152
0.10101,0.077,0.00244152
0.10101,0.078,0.00244152
0.10101,0.079,0.00244152
0.10101,0.08,0.00244152
0.10101,0.081,0.00244152
0.10101,0.082,0.00244152
0.10101,0.083,0.00244152
0.10101,0.084,0.00244152
0.10101,0.085,0.00244152
0.10101,0.086,0.00244152
0.10101,0.087,0.00244152
0.10101,0.088,0.00244152
0.10101,0.089,0.00244152
0.10101,0.09,0.00244152
0.10101,0.091,0.00244152
0.10101,0.092,0.00244152
0.10101,0.093,0.00244152
0.10101,0.094,0.00244152
0.10101,0.095,0.00244152
0.10101,0.096,0.00244152
0.10101,0.097,0.00244152
0.10101,0.098,0.00244152
0.10101,0.099,0.00244152
0.10101,0.1,0.00244152
0.10101,0.101,0.00244152
0.10101,0.102,0.00244152
0.10101,0.103,0.00244152
0.10101,0.104,0.00244152
0.10101,0.105,0.00244152
0.10101,0.106,0.00244152
0.10101,0.107,0.00244152
0.10101,0.108,0.00244152
0.10101,0.109,0.00244152
0.10101,0.11,0.00244152
0.10101,0.111,0.00244152
0.10101,0.112,0.00244152
0.10101,0.113,0.00244152
0.10101,0.114,0.00244152
0.10101,0.115,0.00244152
0.10101,0.116,0.00244152
0.10101,0.117,0.00244152
0.10101,0.118,0.00244152
0.10101,0.119,0.00244152
0.10101,0.12,0.00244152
0.10101,0.121,0.00244152
0.10101,0.122,0.00244152
0.10101,0.123,0.00244152
0.10101,0.124,0.00244152
0.10101,0.125,0.00244152
0.10101,0.126,0.00244152
0.10101,0.127,0.00244152
0.10101,0.128,0.00244152
0.10101,0.129,0.00244152
0.10101,0.13,0.00244152
0.10101,0.131,0.00244152
0.10101,0.132,0.00244152
0.10101,0.133,0.00244152
0.10101,0.134,0.00244152
0.10101,0.135,0.00244152
0.10101,0.136,0.00244152
0.10101,0.137,0.00244152
0.10101,0.138,0.00244152
0.10101,0.139,0.00244152
0.10101,0.14,0.00244152
0.10101,0.141,0.00244152
0.10101,0.142,0.00244152
0.10101,0.143,0.00244152
0.10101,0.144,0.00244152
0.10101,0.145,0.00244152
0.10101,0.146,0.00244152
0.10101,0.147,0.00244152
0.10101,0.148,0.00244152
0.10101,0.149,0.00244152
0.10101,0.15,0.00244152
0.111111,0.001,0.00244152
0.111111,0.002,0.00244152
0.111111,0.003,0.00244152
0.111111,0.004,0.00244152
0.111111,0.005,0.00244152
0.111111,0.006,0.00244152
0.111111,0.007,0.00244152
0.111111,0.008,0.00244152
0.111111,0.009,0.00244152
0.111111,0.01,0.00244152
0.111111,0.011,0.00244152
0.111111,0.012,0.00244152
0.111111,0.013,0.00244152
0.111111,0.014,0.00244152
0.111111,0.015,0.00244152
0.111111,0.016,0.00244152
0.111111,0.017,0.00244152
0.111111,0.018,0.00244152
0.111111,0.019,0.00244152
0.111111,0.02,0.00244152
0.111111,0.021,0.00244152
0.111111,0.022,0.00244152
0.111111,0.023,0.00244152
0.111111,0.024,0.00244152
0.111111,0.025,0.00244152
0.111111,0.026,0.00244152
0.111111,0.027,0.00244152
0.111111,0.028,0.00244152
0.111111,0.029,0.00244152
0.111111,0.03,0.00244152
0.111111,0.031,0.00244152
0.111111,0.032,0.00244152
0.111111,0.033,0.00244152
0.111111,0.034,0.00244152
0.111111,0.035,0.00244152
0.111111,0.036,0.00244152
0.111111,0.037,0.00244152
0.111111,0.038,0.00244152
0.111111,0.039,0.00244152
0.111111,0.04,0.00244152
0.111111,0.041,0.00244152
0.111111,0.042,0.00244152
0.111111,0.043,0.00244152
0.111111,0.044,0.00244152
0.111111,0.045,0.00244152
0.111111,0.046,0.00244152
0.111111,0.047,0.00244152
0.111111,0.048,0.00244152
0.111111,0.049,0.00244152
0.111111,0.05,0.00244152
0.111111,0.051,0.00244152
0.111111,0.052,0.00244152
0.111111,0.053,0.00244152
0.111111,0.054,0.00244152
0.111111,0.055,0.00244152
0.111111,0.056,0.00244152
0.111111,0.057,0.00244152
0.111111,0.058,0.00244152
0.111111,0.059,0.00244152
0.111111,0.06,0.00244152
0.111111,0.061,0.00244152
0.111111,0.062,0.00244152
0.111111,0.063,0.00244152
0.111111,0.064,0.00244152
0.111111,0.065,0.00244152
0.111111,0.066,0.00244152
0.111111,0.067,0.00244152
0.111111,0.068,0.00244152
0.111111,0.069,0.00244152
0.111111,0.07,0.00244152
0.111111,0.071,0.00244152
0.111111,0.072,0.00244152
0.111111,0.073,0.00244152
0.111111,0.074,0.00244152
0.111111,0.075,0.00244152
0.111111,0.076,0.00244152
0.111111,0.077,0.00244152
0.111111,0.078,0.00244152
0.111111,0.079,0.00244152
0.111111,0.08,0.00244152
0.111111,0.081,0.00244152
0.111111,0.082,0.00244152
0.111111,0.083,0.00244152
0.111111,0.084,0.00244152
0.111111,0.085,0.00244152
0.111111,0.086,0.00244152
0.111111,0.087,0.00244152
0.111111,0.088,0.00244152
0.111111,0.089,0.00244152
0.111111,0.09,0.00244152
0.111111,0.091,0.00244152
0.111111,0.092,0.00244152
0.111111,0.093,0.00244152
0.111111,0.094,0.00244152
0.111111,0.095,0.00244152
0.111111,0.096,0.00244152
0.111111,0.097,0.00244152
0.111111,0.098,0.00244152
0.111111,0.099,0.00244152
0.111111,0.1,0.00244152
0.111111,0.101,0.00244152
0.111111,0.102,0.00244152
0.111111,0.103,0.00244152
0.111111,0.104,0.00244152
0.111111,0.105,0.00244152
0.111111,0.106,0.00244152
0.111111,0.107,0.00244152
0.111111,0.108,0.00244152
0.111111,0.109,0.00244152
0.111111,0.11,0.00244152
0.111111,0.111,0.00244152
0.111111,0.112,0.00244152
0.111111,0.113,0.00244152
0.111111,0.114,0.00244152
0.111111,0.115,0.00244152
0.111111,0.116,0.00244152
0.111111,0.117,0.00244152
0.111111,0.118,0.00244152
0.111111,0.119,0.00244152
0.111111,0.12,0.00244152
0.111111,0.121,0.00244152
0.111111,0.122,0.00244152
0.111111,0.123,0.00244152
0.111111,0.124,0.00244152
0.111111,0.125,0.00244152
0.111111,0.126,0.00244152
0.111111,0.127,0.00244152
0.111111,0.128,0.00244152
0.111111,0.129,0.00244152
0.111111,0.13,0.00244152
0.111111,0.131,0.00244152
0.111111,0.132,0.00244152
0.111111,0.133,0.00244152
0.111111,0.134,0.00244152
0.111111,0.135,0.00244152
0.111111,0.136,0.00244152
0.111111,0.137,0.00244152
0.111111,0.138,0.00244152
0.111111,0.139,0.00244152
0.111111,0.14,0.00244152
0.111111,0.141,0.00244152
0.111111,0.142,0.00244152
0.111111,0.143,0.00244152
0.111111,0.144,0.00244152
0.111111,0.145,0.00244152
0.111111,0.146,0.00244152
0.111111,0.147,0.00244152
0.111111,0.148,0.00244152
0.111111,0.149,0.00244152
0.111111,0.15,0.00244152
0.121212,0.001,0.00244152
0.121212,0.002,0.00244152
0.121212,0.003,0.00244152
0.121212,0.004,0.00244152
0.121212,0.005,0.00244152
0.121212,0.006,0.00244152
0.121212,0.007,0.00244152
0.121212,0.008,0.00244152
0.121212,0.009,0.00244152
0.121212,0.01,0.00244152
0.121212,0.011,0.00244152
0.121212,0.012,0.00244152
0.121212,0.013,0.00244152
0.121212,0.014,0.00244152
0.121212,0.015,0.00244152
0.121212,0.016,0.00244152
0.121212,0.017,0.00244152
0.121212,0.018,0.00244152
0.121212,0.019,0.00244152
0.121212,0.02,0.00244152
0.121212,0.021,0.00244152
0.121212,0.022,0.00244152
0.121212,0.023,0.00244152
0.121212,0.024,0.00244152
0.121212,0.025,0.00244152
0.121212,0.026,0.00244152
0.121212,0.027,0.00244152
0.121212,0.028,0.00244152
0.121212,0.029,0.00244152
0.121212,0.03,0.00244152
0.121212,0.031,0.00244152
0.121212,0.032,0.00244152
0.121212,0.033,0.00244152
0.121212,0.034,0.00244152
0.121212,0.035,0.00244152
0.121212,0.036,0.00244152
0.121212,0.037,0.00244152
0.121212,0.038,0.00244152
0.121212,0.039,0.00244152
0.121212,0.04,0.00244152
0.121212,0.041,0.00244152
0.121212,0.042,0.00244152
0.121212,0.043,0.00244152
0.121212,0.044,0.00244152
0.121212,0.045,0.00244152
0.121212,0.046,0.00244152
0.121212,0.047,0.00244152
0.121212,0.048,0.00244152
0.121212,0.049,0.00244152
0.121212,0.05,0.00244152
0.121212,0.051,0.00244152
0.121212,0.052,0.00244152
0.121212,0.053,0.00244152
0.121212,0.054,0.00244152
0.121212,0.055,0.00244152
0.121212,0.056,0.00244152
0.121212,0.057,0.00244152
0.121212,0.058,0.00244152
0.121212,0.059,0.00244152
0.121212,0.06,0.00244152
0.121212,0.061,0.00244152
0.121212,0.062,0.00244152
0.121212,0.063,0.00244152
0.121212,0.064,0.00244152
0.121212,0.065,0.00244152
0.121212,0.066,0.00244152
0.121212,0.067,0.00244152
0.121212,0.068,0.00244152
0.121212,0.069,0.00244152
0.121212,0.07,0.00244152
0.121212,0.071,0.00244152
0.121212,0.072,0.00244152
0.121212,0.073,0.00244152
0.121212,0.074,0.00244152
0.121212,0.075,0.00244152
0.121212,0.076,0.00244152
0.121212,0.077,0.00244152
0.121212,0.078,0.00244152
0.121212,0.079,0.00244152
0.121212,0.08,0.00244152
0.121212,0.081,0.00244152
0.121212,0.082,0.00244152
0.121212,0.083,0.00244152
0.121212,0.084,0.00244152
0.121212,0.085,0.00244152
0.121212,0.086,0.00244152
0.121212,0.087,0.00244152
0.121212,0.088,0.00244152
0.121212,0.089,0.00244152
0.121212,0.09,0.00244152
0.121212,0.091,0.00244152
0.121212,0.092,0.00244152
0.121212,0.093,0.00244152
0.121212,0.094,0.00244152
0.121212,0.095,0.00244152
0.121212,0.096,0.00244152
0.121212,0.097,0.00244152
0.121212,0.098,0.00244152
0.121212,0.099,0.00244152
0.121212,0.1,0.00244152
0.121212,0.101,0.00244152
0.121212,0.102,0.00244152
0.121212,0.103,0.00244152
0.121212,0.104,0.00244152
0.121212,0.105,0.00244152
0.121212,0.106,0.00244152
0.121212,0.107,0.00244152
0.121212,0.108,0.00244152
0.121212,0.109,0.00244152
0.121212,0.11,0.00244152
0.121212,0.111,0.00244152
0.121212,0.112,0.00244152
0.121212,0.113,0.00244152
0.121212,0.114,0.00244152
0.121212,0.115,0.00244152
0.121212,0.116,0.00244152
0.121212,0.117,0.00244152
0.121212,0.118,0.00244152
0.121212,0.119,0.00244152
0.121212,0.12,0.00244152
0.121212,0.121,0.00244152
0.121212,0.122,0.00244152
0.121212,0.123,0.00244152
0.121212,0.124,0.00244152
0.121212,0.125,0.00244152
0.121212,0.126,0.00244152
0.121212,0.127,0.00244152
0.121212,0.128,0.00244152
0.121212,0.129,0.00244152
0.121212,0.13,0.00244152
0.121212,0.131,0.00244152
0.121212,0.132,0.00244152
0.121212,0.133,0.00244152
0.121212,0.134,0.00244152
0.121212,0.135,0.00244152
0.121212,0.136,0.00244152
0.121212,0.137,0.00244152
0.121212,0.138,0.00244152
0.121212,0.139,0.00244152
0.121212,0.14,0.00244152
0.121212,0.141,0.00244152
0.121212,0.142,0.00244152
0.121212,0.143,0.00244152
0.121212,0.144,0.00244152
0.121212,0.145,0.00244152
0.121212,0.146,0.00244152
0.121212,0.147,0.00244152
0.121212,0.148,0.00244152
0.121212,0.149,0.00244152
0.121212,0.15,0.00244152
0.131313,0.001,0.00244152
0.131313,0.002,0.00244152
0.131313,0.003,0.00244152
0.131313,0.004,0.00244152
0.131313,0.005,0.00244152
0.131313,0.006,0.00244152
0.131313,0.007,0.00244152
0.131313,0.008,0.00244152
0.131313,0.009,0.00244152
0.131313,0.01,0.00244152
0.131313,0.011,0.00244152
0.131313,0.012,0.00244152
0.131313,0.013,0.00244152
0.131313,0.014,0.00244152
0.131313,0.015,0.00244152
0.131313,0.016,0.00244152
0.131313,0.017,0.00244152
0.131313,0.018,0.00244152
0.131313,0.019,0.00244152
0.131313,0.02,0.00244152
0.131313,0.021,0.00244152
0.131313,0.022,0.00244152
0.131313,0.023,0.00244152
0.131313,0.024,0.00244152
0.131313,0.025,0.00244152
0.131313,0.026,0.00244152
0.131313,0.027,0.00244152
0.131313,0.028,0.00244152
0.131313,0.029,0.00244152
0.131313,0.03,0.00244152
0.131313,0.031,0.00244152
0.131313,0.032,0.00244152
0.131313,0.033,0.00244152
0.131313,0.034,0.00244152
0.131313,0.035,0.00244152
0.131313,0.036,0.00244152
0.131313,0.037,0.00244152
0.131313,0.038,0.00244152
0.131313,0.039,0.00244152
0.131313,0.04,0.00244152
0.131313,0.041,0.00244152
0.131313,0.042,0.00244152
0.131313,0.043,0.00244152
0.131313,0.044,0.00244152
0.131313,0.045,0.00244152
0.131313,0.046,0.00244152
0.131313,0.047,0.00244152
0.131313,0.048,0.00244152
0.131313,0.049,0.00244152
0.131313,0.05,0.00244152
0.131313,0.051,0.00244152
0.131313,0.052,0.00244152
0.131313,0.053,0.00244152
0.131313,0.054,0.00244152
0.131313,0.055,0.00244152
0.131313,0.056,0.00244152
0.131313,0.057,0.00244152
0.131313,0.058,0.00244152
0.131313,0.059,0.00244152
0.131313,0.06,0.00244152
0.131313,0.061,0.00244152
0.131313,0.062,0.00244152
0.131313,0.063,0.00244152
0.131313,0.064,0.00244152
0.131313,0.065,0.00244152
0.131313,0.066,0.00244152
0.131313,0.067,0.00244152
0.131313,0.068,0.00244152
0.131313,0.069,0.00244152
0.131313,0.07,0.00244152
0.131313,0.071,0.00244152
0.131313,0.072,0.00244152
0.131313,0.073,0.00244152
0.131313,0.074,0.00244152
0.131313,0.075,0.00244152
0.131313,0.076,0.00244152
0.131313,0.077,0.00244152
0.131313,0.078,0.00244152
0.131313,0.079,0.00244152
0.131313,0.08,0.00244152
0.131313,0.081,0.00244152
0.131313,0.082,0.00244152
0.131313,0.083,0.00244152
0.131313,0.084,0.00244152
0.131313,0.085,0.00244152
0.131313,0.086,0.00244152
0.131313,0.087,0.00244152
0.131313,0.088,0.00244152
0.131313,0.089,0.00244152
0.131313,0.09,0.00244152
0.131313,0.091,0.00244152
0.131313,0.092,0.00244152
0.131313,0.093,0.00244152
0.131313,0.094,0.00244152
0.131313,0.095,0.00244152
0.131313,0.096,0.00244152
0.131313,0.097,0.00244152
0.131313,0.098,0.00244152
0.131313,0.099,0.00244152
0.131313,0.1,0.00244152
0.131313,0.101,0.00244152
0.131313,0.102,0.00244152
0.131313,0.103,0.00244152
0.131313,0.104,0.00244152
0.131313,0.105,0.00244152
0.131313,0.106,0.00244152
0.131313,0.107,0.00244152
0.131313,0.108,0.00244152
0.131313,0.109,0.00244152
0.131313,0.11,0.00244152
0.131313,0.111,0.00244152
0.131313,0.112,0.00244152
0.131313,0.113,0.00244152
0.131313,0.114,0.00244152
0.131313,0.115,0.00244152
0.131313,0.116,0.00244152
0.131313,0.117,0.00244152
0.131313,0.118,0.00244152
0.131313,0.119,0.00244152
0.131313,0.12,0.00244152
0.131313,0.121,0.00244152
0.131313,0.122,0.00244152
0.131313,0.123,0.00244152
0.131313,0.124,0.00244152
0.131313,0.125,0.00244152
0.131313,0.126,0.00244152
0.131313,0.127,0.00244152
0.131313,0.128,0.00244152
0.131313,0.129,0.00244152
0.131313,0.13,0.00244152
0.131313,0.131,0.00244152
0.131313,0.132,0.00244152
0.131313,0.133,0.00244152
0.131313,0.134,0.00244152
0.131313,0.135,0.00244152
0.131313,0.136,0.00244152
0.131313,0.137,0.00244152
0.131313,0.138,0.00244152
0.131313,0.139,0.00244152
0.131313,0.14,0.00244152
0.131313,0.141,0.00244152
0.131313,0.142,0.00244152
0.131313,0.143,0.00244152
0.131313,0.144,0.00244152
0.131313,0.145,0.00244152
0.131313,0.146,0.00244152
0.131313,0.147,0.00244152
0.131313,0.148,0.00244152
0.131313,0.149,0.00244152
0.131313,0.15,0.00244152
0.141414,0.001,0.00244152
0.141414,0.002,0.00244152
0.141414,0.003,0.00244152
0.141414,0.004,0.00244152
0.141414,0.005,0.00244152
0.141414,0.006,0.00244152
0.141414,0.007,0.00244152
0.141414,0.008,0.00244152
0.141414,0.009,0.00244152
0.141414,0.01,0.00244152
0.141414,0.011,0.00244152
0.141414,0.012,0.00244152
0.141414,0.013,0.00244152
0.141414,0.014,0.00244152
0.141414,0.015,0.00244152
0.141414,0.016,0.00244152
0.141414,0.017,0.00244152
0.141414,0.018,0.00244152
0.141414,0.019,0.00244152
0.141414,0.02,0.00244152
0.141414,0.021,0.00244152
0.141414,0.022,0.00244152
0.141414,0.023,0.00244152
0.141414,0.024,0.00244152
0.141414,0.025,0.00244152
0.141414,0.026,0.00244152
0.141414,0.027,0.00244152
0.141414,0.028,0.00244152
0.141414,0.029,0.00244152
0.141414,0.03,0.00244152
0.141414,0.031,0.00244152
0.141414,0.032,0.00244152
0.141414,0.033,0.00244152
0.141414,0.034,0.00244152
0.141414,0.035,0.00244152
0.141414,0.036,0.00244152
0.141414,0.037,0.00244152
0.141414,0.038,0.00244152
0.141414,0.039,0.00244152
0.141414,0.04,0.00244152
0.141414,0.041,0.00244152
0.141414,0.042,0.00244152
0.141414,0.043,0.00244152
0.141414,0.044,0.00244152
0.141414,0.045,0.00244152
0.141414,0.046,0.00244152
0.141414,0.047,0.00244152
0.141414,0.048,0.00244152
0.141414,0.049,0.00244152
0.141414,0.05,0.00244152
0.141414,0.051,0.00244152
0.141414,0.052,0.00244152
0.141414,0.053,0.00244152
0.141414,0.054,0.00244152
0.141414,0.055,0.00244152
0.141414,0.056,0.00244152
0.141414,0.057,0.00244152
0.141414,0.058,0.00244152
0.141414,0.059,0.00244152
0.141414,0.06,0.00244152
0.141414,0.061,0.00244152
0.141414,0.062,0.00244152
0.141414,0.063,0.00244152
0.141414,0.064,0.00244152
0.141414,0.065,0.00244152
0.141414,0.066,0.00244152
0.141414,0.067,0.00244152
0.141414,0.068,0.00244152
0.141414,0.069,0.00244152
0.141414,0.07,0.00244152
0.141414,0.071,0.00244152
0.141414,0.072,0.00244152
0.141414,0.073,0.00244152
0.141414,0.074,0.00244152
0.141414,0.075,0.00244152
0.141414,0.076,0.00244152
0.141414,0.077,0.00244152
0.141414,0.078,0.00244152
0.141414,0.079,0.00244152
0.141414,0.08,0.00244152
0.141414,0.081,0.00244152
0.141414,0.082,0.00244152
0.141414,0.083,0.00244152
0.141414,0.084,0.00244152
0.141414,0.085,0.00244152
0.141414,0.086,0.00244152
0.141414,0.087,0.00244152
0.141414,0.088,0.00244152
0.141414,0.089,0.00244152
0.141414,0.09,0.00244152
0.141414,0.091,0.00244152
0.141414,0.092,0.00244152
0.141414,0.093,0.00244152
0.141414,0.094,0.00244152
0.141414,0.095,0.00244152
0.141414,0.096,0.00244152
0.141414,0.097,0.00244152
0.141414,0.098,0.00244152
0.141414,0.099,0.00244152
0.141414,0.1,0.00244152
0.141414,0.101,0.00244152
0.141414,0.102,0.00244152
0.141414,0.103,0.00244152
0.141414,0.104,0.00244152
0.141414,0.105,0.00244152
0.141414,0.106,0.00244152
0.141414,0.107,0.00244152
0.141414,0.108,0.00244152
0.141414,0.109,0.00244152
0.141414,0.11,0.00244152
0.141414,0.111,0.00244152
0.141414,0.112,0.00244152
0.141414,0.113,0.00244152
0.141414,0.114,0.00244152
0.141414,0.115,0.00244152
0.141414,0.116,0.00244152
0.141414,0.117,0.00244152
0.141414,0.118,0.00244152
0.141414,0.119,0.00244152
0.141414,0.12,0.00244152
0.141414,0.121,0.00244152
0.141414,0.122,0.00244152
0.141414,0.123,0.00244152
0.141414,0.124,0.00244152
0.141414,0.125,0.00244152
0.141414,0.126,0.00244152
0.141414,0.127,0.00244152
0.141414,0.128,0.00244152
0.141414,0.129,0.00244152
0.141414,0.13,0.00244152
0.141414,0.131,0.00244152
0.141414,0.132,0.00244152
0.141414,0.133,0.00244152
0.141414,0.134,0.00244152
0.141414,0.135,0.00244152
0.141414,0.136,0.00244152
0.141414,0.137,0.00244152
0.141414,0.138,0.00244152
0.141414,0.139,0.00244152
0.141414,0.14,0.00244152
0.141414,0.141,0.00244152
0.141414,0.142,0.00244152
0.141414,0.143,0.00244152
0.141414,0.144,0.00244152
0.141414,0.145,0.00244152
0.141414,0.146,0.00244152
0.141414,0.147,0.00244152
0.141414,0.148,0.00244152
0.141414,0.149,0.00244152
0.141414,0.15,0.00244152
0.151515,0.001,0.00244152
0.151515,0.002,0.00244152
0.151515,0.003,0.00244152
0.151515,0.004,0.00244152
0.151515,0.005,0.00244152
0.151515,0.006,0.00244152
0.151515,0.007,0.00244152
0.151515,0.008,0.00244152
0.151515,0.009,0.00244152
0.151515,0.01,0.00244152
0.151515,0.011,0.00244152
0.151515,0.012,0.00244152
0.151515,0.013,0.00244152
0.151515,0.014,0.00244152
0.151515,0.015,0.00244152
0.151515,0.016,0.00244152
0.151515,0.017,0.00244152
0.151515,0.018,0.00244152
0.151515,0.019,0.00244152
0.151515,0.02,0.00244152
0.151515,0.021,0.00244152
0.151515,0.022,0.00244152
0.151515,0.023,0.00244152
0.151515,0.024,0.00244152
0.151515,0.025,0.00244152
0.151515,0.026,0.00244152
0.151515,0.027,0.00244152
0.151515,0.028,0.00244152
0.151515,0.029,0.00244152
0.151515,0.03,0.00244152
0.151515,0.031,0.00244152
0.151515,0.032,0.00244152
0.151515,0.033,0.00244152
0.151515,0.034,0.00244152
0.151515,0.035,0.00244152
0.151515,0.036,0.00244152
0.151515,0.037,0.00244152
0.151515,0.038,0.00244152
0.151515,0.039,0.00244152
0.151515,0.04,0.00244152
0.151515,0.041,0.00244152
0.151515,0.042,0.00244152
0.151515,0.043,0.00244152
0.151515,0.044,0.00244152
0.151515,0.045,0.00244152
0.151515,0.046,0.00244152
0.151515,0.047,0.00244152
0.151515,0.048,0.00244152
0.151515,0.049,0.00244152
0.151515,0.05,0.00244152
0.151515,0.051,0.00244152
0.151515,0.052,0.00244152
0.151515,0.053,0.00244152
0.151515,0.054,0.00244152
0.151515,0.055,0.00244152
0.151515,0.056,0.00244152
0.151515,0.057,0.00244152
0.151515,0.058,0.00244152
0.151515,0.059,0.00244152
0.151515,0.06,0.00244152
0.151515,0.061,0.00244152
0.151515,0.062,0.00244152
0.151515,0.063,0.00244152
0.151515,0.064,0.00244152
0.151515,0.065,0.00244152
0.151515,0.066,0.00244152
0.151515,0.067,0.00244152
0.151515,0.068,0.00244152
0.151515,0.069,0.00244152
0.151515,0.07,0.00244152
0.151515,0.071,0.00244152
0.151515,0.072,0.00244152
0.151515,0.073,0.00244152
0.151515,0.074,0.00244152
0.151515,0.075,0.00244152
0.151515,0.076,0.00244152
0.151515,0.077,0.00244152
0.151515,0.078,0.00244152
0.151515,0.079,0.00244152
0.151515,0.08,0.00244152
0.151515,0.081,0.00244152
0.151515,0.082,0.00244152
0.151515,0.083,0.00244152
0.151515,0.084,0.00244152
0.151515,0.085,0.00244152
0.151515,0.086,0.00244152
0.151515,0.087,0.00244152
0.151515,0.088,0.00244152
0.151515,0.089,0.00244152
0.151515,0.09,0.00244152
0.151515,0.091,0.00244152
0.151515,0.092,0.00244152
0.151515,0.093,0.00244152
0.151515,0.094,0.00244152
0.151515,0.095,0.00244152
0.151515,0.096,0.00244152
0.151515,0.097,0.00244152
0.151515,0.098,0.00244152
0.151515,0.099,0.00244152
0.151515,0.1,0.00244152
0.151515,0.101,0.00244152
0.151515,0.102,0.00244152
0.151515,0.103,0.00244152
0.151515,0.104,0.00244152
0.151515,0.105,0.00244152
0.151515,0.106,0.00244152
0.151515,0.107,0.00244152
0.151515,0.108,0.00244152
0.151515,0.109,0.00244152
0.151515,0.11,0.00244152
0.151515,0.111,0.00244152
0.151515,0.112,0.00244152
0.151515,0.113,0.00244152
0.151515,0.114,0.00244152
0.151515,0.115,0.00244152
0.151515,0.116,0.00244152
0.151515,0.117,0.00244152
0.151515,0.118,0.00244152
0.151515,0.119,0.00244152
0.151515,0.12,0.00244152
0.151515,0.121,0.00244152
0.151515,0.122,0.00244152
0.151515,0.123,0.00244152
0.151515,0.124,0.00244152
0.151515,0.125,0.00244152
0.151515,0.126,0.00244152
0.151515,0.127,0.00244152
0.151515,0.128,0.00244152
0.151515,0.129,0.00244152
0.151515,0.13,0.00244152
0.151515,0.131,0.00244152
0.151515,0.132,0.00244152
0.151515,0.133,0.00244152
0.151515,0.134,0.00244152
0.151515,0.135,0.00244152
0.151515,0.136,0.00244152
0.151515,0.137,0.00244152
0.151515,0.138,0.00244152
0.151515,0.139,0.00244152
0.151515,0.14,0.00244152
0.151515,0.141,0.00244152
0.151515,0.142,0.00244152
0.151515,0.143,0.00244152
0.151515,0.144,0.00244152
0.151515,0.145,0.00244152
0.151515,0.146,0.00244152
0.151515,0.147,0.00244152
0.151515,0.148,0.00244152
0.151515,0.149,0.00244152
0.151515,0.15,0.00244152
0.161616,0.001,0.00244152
0.161616,0.002,0.00244152
0.161616,0.003,0.00244152
0.161616,0.004,0.00244152
0.161616,0.005,0.00244152
0.161616,0.006,0.00244152
0.161616,0.007,0.00244152
0.161616,0.008,0.00244152
0.161616,0.009,0.00244152
0.161616,0.01,0.00244152
0.161616,0.011,0.00244152
0.161616,0.012,0.00244152
0.161616,0.013,0.00244152
0.161616,0.014,0.00244152
0.161616,0.015,0.00244152
0.161616,0.016,0.00244152
0.161616,0.017,0.00244152
0.161616,0.018,0.00244152
0.161616,0.019,0.00244152
0.161616,0.02,0.00244152
0.161616,0.021,0.00244152
0.161616,0.022,0.00244152
0.161616,0.023,0.00244152
0.161616,0.024,0.00244152
0.161616,0.025,0.00244152
0.161616,0.026,0.00244152
0.161616,0.027,0.00244152
0.161616,0.028,0.00244152
0.161616,0.029,0.00244152
0.161616,0.03,0.00244152
0.161616,0.031,0.00244152
0.161616,0.032,0.00244152
0.161616,0.033,0.00244152
0.161616,0.034,0.00244152
0.161616,0.035,0.00244152
0.161616,0.036,0.00244152
0.161616,0.037,0.00244152
0.161616,0.038,0.00244152
0.161616,0.039,0.00244152
0.161616,0.04,0.00244152
0.161616,0.041,0.00244152
0.161616,0.042,0.00244152
0.161616,0.043,0.00244152
0.161616,0.044,0.00244152
0.161616,0.045,0.00244152
0.161616,0.046,0.00244152
0.161616,0.047,0.00244152
0.161616,0.048,0.00244152
0.161616,0.049,0.00244152
0.161616,0.05,0.00244152
0.161616,0.051,0.00244152
0.161616,0.052,0.00244152
0.161616,0.053,0.00244152
0.161616,0.054,0.00244152
0.161616,0.055,0.00244152
0.161616,0.056,0.00244152
0.161616,0.057,0.00244152
0.161616,0.058,0.00244152
0.161616,0.059,0.00244152
0.161616,0.06,0.00244152
0.161616,0.061,0.00244152
0.161616,0.062,0.00244152
0.161616,0.063,0.00244152
0.161616,0.064,0.00244152
0.161616,0.065,0.00244152
0.161616,0.066,0.00244152
0.161616,0.067,0.00244152
0.161616,0.068,0.00244152
0.161616,0.069,0.00244152
0.161616,0.07,0.00244152
0.161616,0.071,0.00244152
0.161616,0.072,0.00244152
0.161616,0.073,0.00244152
0.161616,0.074,0.00244152
0.161616,0.075,0.00244152
0.161616,0.076,0.00244152
0.161616,0.077,0.00244152
0.161616,0.078,0.00244152
0.161616,0.079,0.00244152
0.161616,0.08,0.00244152
0.161616,0.081,0.00244152
0.161616,0.082,0.00244152
0.161616,0.083,0.00244152
0.161616,0.084,0.00244152
0.161616,0.085,0.00244152
0.161616,0.086,0.00244152
0.161616,0.087,0.00244152
0.161616,0.088,0.00244152
0.161616,0.089,0.00244152
0.161616,0.09,0.00244152
0.161616,0.091,0.00244152
0.161616,0.092,0.00244152
0.161616,0.093,0.00244152
0.161616,0.094,0.00244152
0.161616,0.095,0.00244152
0.161616,0.096,0.00244152
0.161616,0.097,0.00244152
0.161616,0.098,0.00244152
0.161616,0.099,0.00244152
0.161616,0.1,0.00244152
0.161616,0.101,0.00244152
0.161616,0.102,0.00244152
0.161616,0.103,0.00244152
0.161616,0.104,0.00244152
0.161616,0.105,0.00244152
0.161616,0.106,0.00244152
0.161616,0.107,0.00244152
0.161616,0.108,0.00244152
0.161616,0.109,0.00244152
0.161616,0.11,0.00244152
0.161616,0.111,0.00244152
0.161616,0.112,0.00244152
0.161616,0.113,0.00244152
0.161616,0.114,0.00244152
0.161616,0.115,0.00244152
0.161616,0.116,0.00244152
0.161616,0.117,0.00244152
0.161616,0.118,0.00244152
0.161616,0.119,0.00244152
0.161616,0.12,0.00244152
0.161616,0.121,0.00244152
0.161616,0.122,0.00244152
0.161616,0.123,0.00244152
0.161616,0.124,0.00244152
0.161616,0.125,0.00244152
0.161616,0.126,0.00244152
0.161616,0.127,0.00244152
0.161616,0.128,0.00244152
0.161616,0.129,0.00244152
0.161616,0.13,0.00244152
0.161616,0.131,0.00244152
0.161616,0.132,0.00244152
0.161616,0.133,0.00244152
0.161616,0.134,0.00244152
0.161616,0.135,0.00244152
0.161616,0.136,0.00244152
0.161616,0.137,0.00244152
0.161616,0.138,0.00244152
0.161616,0.139,0.00244152
0.161616,0.14,0.00244152
0.161616,0.141,0.00244152
0.161616,0.142,0.00244152
0.161616,0.143,0.00244152
0.161616,0.144,0.00244152
0.161616,0.145,0.00244152
0.161616,0.146,0.00244152
0.161616,0.147,0.00244152
0.161616,0.148,0.00244152
0.161616,0.149,0.00244152
0.161616,0.15,0.00244152
0.171717,0.001,0.00244152
0.171717,0.002,0.00244152
0.171717,0.003,0.00244152
0.171717,0.004,0.00244152
0.171717,0.005,0.00244152
0.171717,0.006,0.00244152
0.171717,0.007,0.00244152
0.171717,0.008,0.00244152
0.171717,0.009,0.00244152
0.171717,0.01,0.00244152
0.171717,0.011,0.00244152
0.171717,0.012,0.00244152
0.171717,0.013,0.00244152
0.171717,0.014,0.00244152
0.171717,0.015,0.00244152
0.171717,0.016,0.00244152
0.171717,0.017,0.00244152
0.171717,0.018,0.00244152
0.171717,0.019,0.00244152
0.171717,0.02,0.00244152
0.171717,0.021,0.00244152
0.171717,0.022,0.00244152
0.171717,0.023,0.00244152
0.171717,0.024,0.00244152
0.171717,0.025,0.00244152
0.171717,0.026,0.00244152
0.171717,0.027,0.00244152
0.171717,0.028,0.00244152
0.171717,0.029,0.00244152
0.171717,0.03,0.00244152
0.171717,0.031,0.00244152
0.171717,0.032,0.00244152
0.171717,0.033,0.00244152
0.171717,0.034,0.00244152
0.171717,0.035,0.00244152
0.171717,0.036,0.00244152
0.171717,0.037,0.00244152
0.171717,0.038,0.00244152
0.171717,0.039,0.00244152
0.171717,0.04,0.00244152
0.171717,0.041,0.00244152
0.171717,0.042,0.00244152
0.171717,0.043,0.00244152
0.171717,0.044,0.00244152
0.171717,0.045,0.00244152
0.171717,0.046,0.00244152
0.171717,0.047,0.00244152
0.171717,0.048,0.00244152
0.171717,0.049,0.00244152
0.171717,0.05,0.00244152
0.171717,0.051,0.00244152
0.171717,0.052,0.00244152
0.171717,0.053,0.00244152
0.171717,0.054,0.00244152
0.171717,0.055,0.00244152
0.171717,0.056,0.00244152
0.171717,0.057,0.00244152
0.171717,0.058,0.00244152
0.171717,0.059,0.00244152
0.171717,0.06,0.00244152
0.171717,0.061,0.00244152
0.171717,0.062,0.00244152
0.171717,0.063,0.00244152
0.171717,0.064,0.00244152
0.171717,0.065,0.00244152
0.171717,0.066,0.00244152
0.171717,0.067,0.00244152
0.171717,0.068,0.00244152
0.171717,0.069,0.00244152
0.171717,0.07,0.00244152
0.171717,0.071,0.00244152
0.171717,0.072,0.00244152
0.171717,0.073,0.00244152
0.171717,0.074,0.00244152
0.171717,0.075,0.00244152
0.171717,0.076,0.00244152
0.171717,0.077,0.00244152
0.171717,0.078,0.00244152
0.171717,0.079,0.00244152
0.171717,0.08,0.00244152
0.171717,0.081,0.00244152
0.171717,0.082,0.00244152
0.171717,0.083,0.00244152
0.171717,0.084,0.00244152
0.171717,0.085,0.00244152
0.171717,0.086,0.00244152
0.171717,0.087,0.00244152
0.171717,0.088,0.00244152
0.171717,0.089,0.00244152
0.171717,0.09,0.00244152
0.171717,0.091,0.00244152
0.171717,0.092,0.00244152
0.171717,0.093,0.00244152
0.171717,0.094,0.00244152
0.171717,0.095,0.00244152
0.171717,0.096,0.00244152
0.171717,0.097,0.00244152
0.171717,0.098,0.00244152
0.171717,0.099,0.00244152
0.171717,0.1,0.00244152
0.171717,0.101,0.00244152
0.171717,0.102,0.00244152
0.171717,0.103,0.00244152
0.171717,0.104,0.00244152
0.171717,0.105,0.00244152
0.171717,0.106,0.00244152
0.171717,0.107,0.00244152
0.171717,0.108,0.00244152
0.171717,0.109,0.00244152
0.171717,0.11,0.00244152
0.171717,0.111,0.00244152
0.171717,0.112,0.00244152
0.171717,0.113,0.00244152
0.171717,0.114,0.00244152
0.171717,0.115,0.00244152
0.171717,0.116,0.00244152
0.171717,0.117,0.00244152
0.171717,0.118,0.00244152
0.171717,0.119,0.00244152
0.171717,0.12,0.00244152
0.171717,0.121,0.00244152
0.171717,0.122,0.00244152
0.171717,0.123,0.00244152
0.171717,0.124,0.00244152
0.171717,0.125,0.00244152
0.171717,0.126,0.00244152
0.171717,0.127,0.00244152
0.171717,0.128,0.00244152
0.171717,0.129,0.00244152
0.171717,0.13,0.00244152
0.171717,0.131,0.00244152
0.171717,0.132,0.00244152
0.171717,0.133,0.00244152
0.171717,0.134,0.00244152
0.171717,0.135,0.00244152
0.171717,0.136,0.00244152
0.171717,0.137,0.00244152
0.171717,0.138,0.00244152
0.171717,0.139,0.00244152
0.171717,0.14,0.00244152
0.171717,0.141,0.00244152
0.171717,0.142,0.00244152
0.171717,0.143,0.00244152
0.171717,0.144,0.00244152
0.171717,0.145,0.00244152
0.171717,0.146,0.00244152
0.171717,0.147,0.00244152
0.171717,0.148,0.00244152
0.171717,0.149,0.00244152
0.171717,0.15,0.00244152
0.181818,0.001,0.00244152
0.181818,0.002,0.00244152
0.181818,0.003,0.00244152
0.181818,0.004,0.00244152
0.181818,0.005,0.00244152
0.181818,0.006,0.00244152
0.181818,0.007,0.00244152
0.181818,0.008,0.00244152
0.181818,0.009,0.00244152
0.181818,0.01,0.00244152
0.181818,0.011,0.00244152
0.181818,0.012,0.00244152
0.181818,0.013,0.00244152
0.181818,0.014,0.00244152
0.181818,0.015,0.00244152
0.181818,0.016,0.00244152
0.181818,0.017,0.00244152
0.181818,0.018,0.00244152
0.181818,0.019,0.00244152
0.181818,0.02,0.00244152
0.181818,0.021,0.00244152
0.181818,0.022,0.00244152
0.181818,0.023,0.00244152
0.181818,0.024,0.00244152
0.181818,0.025,0.00244152
0.181818,0.026,0.00244152
0.181818,0.027,0.00244152
0.181818,0.028,0.00244152
0.181818,0.029,0.00244152
0.181818,0.03,0.00244152
0.181818,0.031,0.00244152
0.181818,0.032,0.00244152
0.181818,0.033,0.00244152
0.181818,0.034,0.00244152
0.181818,0.035,0.00244152
0.181818,0.036,0.00244152
0.181818,0.037,0.00244152
0.181818,0.038,0.00244152
0.181818,0.039,0.00244152
0.181818,0.04,0.00244152
0.181818,0.041,0.00244152
0.181818,0.042,0.00244152
0.181818,0.043,0.00244152
0.181818,0.044,0.00244152
0.181818,0.045,0.00244152
0.181818,0.046,0.00244152
0.181818,0.047,0.00244152
0.181818,0.048,0.00244152
0.181818,0.049,0.00244152
0.181818,0.05,0.00244152
0.181818,0.051,0.00244152
0.181818,0.052,0.00244152
0.181818,0.053,0.00244152
0.181818,0.054,0.00244152
0.181818,0.055,0.00244152
0.181818,0.056,0.00244152
0.181818,0.057,0.00244152
0.181818,0.058,0.00244152
0.181818,0.059,0.00244152
0.181818,0.06,0.00244152
0.181818,0.061,0.00244152
0.181818,0.062,0.00244152
0.181818,0.063,0.00244152
0.181818,0.064,0.00244152
0.181818,0.065,0.00244152
0.181818,0.066,0.00244152
0.181818,0.067,0.00244152
0.181818,0.068,0.00244152
0.181818,0.069,0.00244152
0.181818,0.07,0.00244152
0.181818,0.071,0.00244152
0.181818,0.072,0.00244152
0.181818,0.073,0.00244152
0.181818,0.074,0.00244152
0.181818,0.075,0.00244152
0.181818,0.076,0.00244152
0.181818,0.077,0.00244152
0.181818,0.078,0.00244152
0.181818,0.079,0.00244152
0.181818,0.08,0.00244152
0.181818,0.081,0.00244152
0.181818,0.082,0.00244152
0.181818,0.083,0.00244152
0.181818,0.084,0.00244152
0.181818,0.085,0.00244152
0.181818,0.086,0.00244152
0.181818,0.087,0.00244152
0.181818,0.088,0.00244152
0.181818,0.089,0.00244152
0.181818,0.09,0.00244152
0.181818,0.091,0.00244152
0.181818,0.092,0.00244152
0.181818,0.093,0.00244152
0.181818,0.094,0.00244152
0.181818,0.095,0.00244152
0.181818,0.096,0.00244152
0.181818,0.097,0.00244152
0.181818,0.098,0.00244152
0.181818,0.099,0.00244152
0.181818,0.1,0.00244152
0.181818,0.101,0.00244152
0.181818,0.102,0.00244152
0.181818,0.103,0.00244152
0.181818,0.104,0.00244152
0.181818,0.105,0.00244152
0.181818,0.106,0.00244152
0.181818,0.107,0.00244152
0.181818,0.108,0.00244152
0.181818,0.109,0.00244152
0.181818,0.11,0.00244152
0.181818,0.111,0.00244152
0.181818,0.112,0.00244152
0.181818,0.113,0.00244152
0.181818,0.114,0.00244152
0.181818,0.115,0.00244152
0.181818,0.116,0.00244152
0.181818,0.117,0.00244152
0.181818,0.118,0.00244152
0.181818,0.119,0.00244152
0.181818,0.12,0.00244152
0.181818,0.121,0.00244152
0.181818,0.122,0.00244152
0.181818,0.123,0.00244152
0.181818,0.124,0.00244152
0.181818,0.125,0.00244152
0.181818,0.126,0.00244152
0.181818,0.127,0.00244152
0.181818,0.128,0.00244152
0.181818,0.129,0.00244152
0.181818,0.13,0.00244152
0.181818,0.131,0.00244152
0.181818,0.132,0.00244152
0.181818,0.133,0.00244152
0.181818,0.134,0.00244152
0.181818,0.135,0.00244152
0.181818,0.136,0.00244152
0.181818,0.137,0.00244152
0.181818,0.138,0.00244152
0.181818,0.139,0.00244152
0.181818,0.14,0.00244152
0.181818,0.141,0.00244152
0.181818,0.142,0.00244152
0.181818,0.143,0.00244152
0.181818,0.144,0.00244152
0.181818,0.145,0.00244152
0.181818,0.146,0.00244152
0.181818,0.147,0.00244152
0.181818,0.148,0.00244152
0.181818,0.149,0.00244152
0.181818,0.15,0.00244152
0.191919,0.001,0.00244152
0.191919,0.002,0.00244152
0.191919,0.003,0.00244152
0.191919,0.004,0.00244152
0.191919,0.005,0.00244152
0.191919,0.006,0.00244152
0.191919,0.007,0.00244152
0.191919,0.008,0.00244152
0.191919,0.009,0.00244152
0.191919,0.01,0.00244152
0.191919,0.011,0.00244152
0.191919,0.012,0.00244152
0.191919,0.013,0.00244152
0.191919,0.014,0.00244152
0.191919,0.015,0.00244152
0.191919,0.016,0.00244152
0.191919,0.017,0.00244152
0.191919,0.018,0.00244152
0.191919,0.019,0.00244152
0.191919,0.02,0.00244152
0.191919,0.021,0.00244152
0.191919,0.022,0.00244152
0.191919,0.023,0.00244152
0.191919,0.024,0.00244152
0.191919,0.025,0.00244152
0.191919,0.026,0.00244152
0.191919,0.027,0.00244152
0.191919,0.028,0.00244152
0.191919,0.029,0.00244152
0.191919,0.03,0.00244152
0.191919,0.031,0.00244152
0.191919,0.032,0.00244152
0.191919,0.033,0.00244152
0.191919,0.034,0.00244152
0.191919,0.035,0.00244152
0.191919,0.036,0.00244152
0.191919,0.037,0.00244152
0.191919,0.038,0.00244152
0.191919,0.039,0.00244152
0.191919,0.04,0.00244152
0.191919,0.041,0.00244152
0.191919,0.042,0.00244152
0.191919,0.043,0.00244152
0.191919,0.044,0.00244152
0.191919,0.045,0.00244152
0.191919,0.046,0.00244152
0.191919,0.047,0.00244152
0.191919,0.048,0.00244152
0.191919,0.049,0.00244152
0.191919,0.05,0.00244152
0.191919,0.051,0.00244152
0.191919,0.052,0.00244152
0.191919,0.053,0.00244152
0.191919,0.054,0.00244152
0.191919,0.055,0.00244152
0.191919,0.056,0.00244152
0.191919,0.057,0.00244152
0.191919,0.058,0.00244152
0.191919,0.059,0.00244152
0.191919,0.06,0.00244152
0.191919,0.061,0.00244152
0.191919,0.062,0.00244152
0.191919,0.063,0.00244152
0.191919,0.064,0.00244152
0.191919,0.065,0.00244152
0.191919,0.066,0.00244152
0.191919,0.067,0.00244152
0.191919,0.068,0.00244152
0.191919,0.069,0.00244152
0.191919,0.07,0.00244152
0.191919,0.071,0.00244152
0.191919,0.072,0.00244152
0.191919,0.073,0.00244152
0.191919,0.074,0.00244152
0.191919,0.075,0.00244152
0.191919,0.076,0.00244152
0.191919,0.077,0.00244152
0.191919,0.078,0.00244152
0.191919,0.079,0.00244152
0.191919,0.08,0.00244152
0.191919,0.081,0.00244152
0.191919,0.082,0.00244152
0.191919,0.083,0.00244152
0.191919,0.084,0.00244152
0.191919,0.085,0.00244152
0.191919,0.086,0.00244152
0.191919,0.087,0.00244152
0.191919,0.088,0.00244152
0.191919,0.089,0.00244152
0.191919,0.09,0.00244152
0.191919,0.091,0.00244152
0.191919,0.092,0.00244152
0.191919,0.093,0.00244152
0.191919,0.094,0.00244152
0.191919,0.095,0.00244152
0.191919,0.096,0.00244152
0.191919,0.097,0.00244152
0.191919,0.098,0.00244152
0.191919,0.099,0.00244152
0.191919,0.1,0.00244152
0.191919,0.101,0.00244152
0.191919,0.102,0.00244152
0.191919,0.103,0.00244152
0.191919,0.104,0.00244152
0.191919,0.105,0.00244152
0.191919,0.106,0.00244152
0.191919,0.107,0.00244152
0.191919,0.108,0.00244152
0.191919,0.109,0.00244152
0.191919,0.11,0.00244152
0.191919,0.111,0.00244152
0.191919,0.112,0.00244152
0.191919,0.113,0.00244152
0.191919,0.114,0.00244152
0.191919,0.115,0.00244152
0.191919,0.116,0.00244152
0.191919,0.117,0.00244152
0.191919,0.118,0.00244152
0.191919,0.119,0.00244152
0.191919,0.12,0.00244152
0.191919,0.121,0.00244152
0.191919,0.122,0.00244152
0.191919,0.123,0.00244152
0.191919,0.124,0.00244152
0.191919,0.125,0.00244152
0.191919,0.126,0.00244152
0.191919,0.127,0.00244152
0.191919,0.128,0.00244152
0.191919,0.129,0.00244152
0.191919,0.13,0.00244152
0.191919,0.131,0.00244152
0.191919,0.132,0.00244152
0.191919,0.133,0.00244152
0.191919,0.134,0.00244152
0.191919,0.135,0.00244152
0.191919,0.136,0.00244152
0.191919,0.137,0.00244152
0.191919,0.138,0.00244152
0.191919,0.139,0.00244152
0.191919,0.14,0.00244152
0.191919,0.141,0.00244152
0.191919,0.142,0.00244152
0.191919,0.143,0.00244152
0.191919,0.144,0.00244152
0.191919,0.145,0.00244152
0.191919,0.146,0.00244152
0.191919,0.147,0.00244152
0.191919,0.148,0.00244152
0.191919,0.149,0.00244152
0.191919,0.15,0.00244152
0.20202,0.001,0.00244152
0.20202,0.002,0.00244152
0.20202,0.003,0.00244152
0.20202,0.004,0.00244152
0.20202,0.005,0.00244152
0.20202,0.006,0.00244152
0.20202,0.007,0.00244152
0.20202,0.008,0.00244152
0.20202,0.009,0.00244152
0.20202,0.01,0.00244152
0.20202,0.011,0.00244152
0.20202,0.012,0.00244152
0.20202,0.013,0.00244152
0.20202,0.014,0.00244152
0.20202,0.015,0.00244152
0.20202,0.016,0.00244152
0.20202,0.017,0.00244152
0.20202,0.018,0.00244152
0.20202,0.019,0.00244152
0.20202,0.02,0.00244152
0.20202,0.021,0.00244152
0.20202,0.022,0.00244152
0.20202,0.023,0.00244152
0.20202,0.024,0.00244152
0.20202,0.025,0.00244152
0.20202,0.026,0.00244152
0.20202,0.027,0.00244152
0.20202,0.028,0.00244152
0.20202,0.029,0.00244152
0.20202,0.03,0.00244152
0.20202,0.031,0.00244152
0.20202,0.032,0.00244152
0.20202,0.033,0.00244152
0.20202,0.034,0.00244152
0.20202,0.035,0.00244152
0.20202,0.036,0.00244152
0.20202,0.037,0.00244152
0.20202,0.038,0.00244152
0.20202,0.039,0.00244152
0.20202,0.04,0.00244152
0.20202,0.041,0.00244152
0.20202,0.042,0.00244152
0.20202,0.043,0.00244152
0.20202,0.044,0.00244152
0.20202,0.045,0.00244152
0.20202,0.046,0.00244152
0.20202,0.047,0.00244152
0.20202,0.048,0.00244152
0.20202,0.049,0.00244152
0.20202,0.05,0.00244152
0.20202,0.051,0.00244152
0.20202,0.052,0.00244152
0.20202,0.053,0.00244152
0.20202,0.054,0.00244152
0.20202,0.055,0.00244152
0.20202,0.056,0.00244152
0.20202,0.057,0.00244152
0.20202,0.058,0.00244152
0.20202,0.059,0.00244152
0.20202,0.06,0.00244152
0.20202,0.061,0.00244152
0.20202,0.062,0.00244152
0.20202,0.063,0.00244152
0.20202,0.064,0.00244152
0.20202,0.065,0.00244152
0.20202,0.066,0.00244152
0.20202,0.067,0.00244152
0.20202,0.068,0.00244152
0.20202,0.069,0.00244152
0.20202,0.07,0.00244152
0.20202,0.071,0.00244152
0.20202,0.072,0.00244152
0.20202,0.073,0.00244152
0.20202,0.074,0.00244152
0.20202,0.075,0.00244152
0.20202,0.076,0.00244152
0.20202,0.077,0.00244152
0.20202,0.078,0.00244152
0.20202,0.079,0.00244152
0.20202,0.08,0.00244152
0.20202,0.081,0.00244152
0.20202,0.082,0.00244152
0.20202,0.083,0.00244152
0.20202,0.084,0.00244152
0.20202,0.085,0.00244152
0.20202,0.086,0.00244152
0.20202,0.087,0.00244152
0.20202,0.088,0.00244152
0.20202,0.089,0.00244152
0.20202,0.09,0.00244152
0.20202,0.091,0.00244152
0.20202,0.092,0.00244152
0.20202,0.093,0.00244152
0.20202,0.094,0.00244152
0.20202,0.095,0.00244152
0.20202,0.096,0.00244152
0.20202,0.097,0.00244152
0.20202,0.098,0.00244152
0.20202,0.099,0.00244152
0.20202,0.1,0.00244152
0.20202,0.101,0.00244152
0.20202,0.102,0.00244152
0.20202,0.103,0.00244152
0.20202,0.104,0.00244152
0.20202,0.105,0.00244152
0.20202,0.106,0.00244152
0.20202,0.107,0.00244152
0.20202,0.108,0.00244152
0.20202,0.109,0.00244152
0.20202,0.11,0.00244152
0.20202,0.111,0.00244152
0.20202,0.112,0.00244152
0.20202,0.113,0.00244152
0.20202,0.114,0.00244152
0.20202,0.115,0.00244152
0.20202,0.116,0.00244152
0.20202,0.117,0.00244152
0.20202,0.118,0.00244152
0.20202,0.119,0.00244152
0.20202,0.12,0.00244152
0.20202,0.121,0.00244152
0.20202,0.122,0.00244152
0.20202,0.123,0.00244152
0.20202,0.124,0.00244152
0.20202,0.125,0.00244152
0.20202,0.126,0.00244152
0.20202,0.127,0.00244152
0.20202,0.128,0.00244152
0.20202,0.129,0.00244152
0.20202,0.13,0.00244152
0.20202,0.131,0.00244152
0.20202,0.132,0.00244152
0.20202,0.133,0.00244152
0.20202,0.134,0.00244152
0.20202,0.135,0.00244152
0.20202,0.136,0.00244152
0.20202,0.137,0.00244152
0.20202,0.138,0.00244152
0.20202,0.139,0.00244152
0.20202,0.14,0.00244152
0.20202,0.141,0.00244152
0.20202,0.142,0.00244152
0.20202,0.143,0.00244152
0.20202,0.144,0.00244152
0.20202,0.145,0.00244152
0.20202,0.146,0.00244152
0.20202,0.147,0.00244152
0.20202,0.148,0.00244152
0.20202,0.149,0.00244152
0.20202,0.15,0.00244152
0.212121,0.001,0.00244152
0.212121,0.002,0.00244152
0.212121,0.003,0.00244152
0.212121,0.004,0.00244152
0.212121,0.005,0.00244152
0.212121,0.006,0.00244152
0.212121,0.007,0.00244152
0.212121,0.008,0.00244152
0.212121,0.009,0.00244152
0.212121,0.01,0.00244152
0.212121,0.011,0.00244152
0.212121,0.012,0.00244152
0.212121,0.013,0.00244152
0.212121,0.014,0.00244152
0.212121,0.015,0.00244152
0.212121,0.016,0.00244152
0.212121,0.017,0.00244152
0.212121,0.018,0.00244152
0.212121,0.019,0.00244152
0.212121,0.02,0.00244152
0.212121,0.021,0.00244152
0.212121,0.022,0.00244152
0.212121,0.023,0.00244152
0.212121,0.024,0.00244152
0.212121,0.025,0.00244152
0.212121,0.026,0.00244152
0.212121,0.027,0.00244152
0.212121,0.028,0.00244152
0.212121,0.029,0.00244152
0.212121,0.03,0.00244152
0.212121,0.031,0.00244152
0.212121,0.032,0.00244152
0.212121,0.033,0.00244152
0.212121,0.034,0.00244152
0.212121,0.035,0.00244152
0.212121,0.036,0.00244152
0.212121,0.037,0.00244152
0.212121,0.038,0.00244152
0.212121,0.039,0.00244152
0.212121,0.04,0.00244152
0.212121,0.041,0.00244152
0.212121,0.042,0.00244152
0.212121,0.043,0.00244152
0.212121,0.044,0.00244152
0.212121,0.045,0.00244152
0.212121,0.046,0.00244152
0.212121,0.047,0.00244152
0.212121,0.048,0.00244152
0.212121,0.049,0.00244152
0.212121,0.05,0.00244152
0.212121,0.051,0.00244152
0.212121,0.052,0.00244152
0.212121,0.053,0.00244152
0.212121,0.054,0.00244152
0.212121,0.055,0.00244152
0.212121,0.056,0.00244152
0.212121,0.057,0.00244152
0.212121,0.058,0.00244152
0.212121,0.059,0.00244152
0.212121,0.06,0.00244152
0.212121,0.061,0.00244152
0.212121,0.062,0.00244152
0.212121,0.063,0.00244152
0.212121,0.064,0.00244152
0.212121,0.065,0.00244152
0.212121,0.066,0.00244152
0.212121,0.067,0.00244152
0.212121,0.068,0.00244152
0.212121,0.069,0.00244152
0.212121,0.07,0.00244152
0.212121,0.071,0.00244152
0.212121,0.072,0.00244152
0.212121,0.073,0.00244152
0.212121,0.074,0.00244152
0.212121,0.075,0.00244152
0.212121,0.076,0.00244152
0.212121,0.077,0.00244152
0.212121,0.078,0.00244152
0.212121,0.079,0.00244152
0.212121,0.08,0.00244152
0.212121,0.081,0.00244152
0.212121,0.082,0.00244152
0.212121,0.083,0.00244152
0.212121,0.084,0.00244152
0.212121,0.085,0.00244152
0.212121,0.086,0.00244152
0.212121,0.087,0.00244152
0.212121,0.088,0.00244152
0.212121,0.089,0.00244152
0.212121,0.09,0.00244152
0.212121,0.091,0.00244152
0.212121,0.092,0.00244152
0.212121,0.093,0.00244152
0.212121,0.094,0.00244152
0.212121,0.095,0.00244152
0.212121,0.096,0.00244152
0.212121,0.097,0.00244152
0.212121,0.098,0.00244152
0.212121,0.099,0.00244152
0.212121,0.1,0.00244152
0.212121,0.101,0.00244152
0.212121,0.102,0.00244152
0.212121,0.103,0.00244152
0.212121,0.104,0.00244152
0.212121,0.105,0.00244152
0.212121,0.106,0.00244152
0.212121,0.107,0.00244152
0.212121,0.108,0.00244152
0.212121,0.109,0.00244152
0.212121,0.11,0.00244152
0.212121,0.111,0.00244152
0.212121,0.112,0.00244152
0.212121,0.113,0.00244152
0.212121,0.114,0.00244152
0.212121,0.115,0.00244152
0.212121,0.116,0.00244152
0.212121,0.117,0.00244152
0.212121,0.118,0.00244152
0.212121,0.119,0.00244152
0.212121,0.12,0.00244152
0.212121,0.121,0.00244152
0.212121,0.122,0.00244152
0.212121,0.123,0.00244152
0.212121,0.124,0.00244152
0.212121,0.125,0.00244152
0.212121,0.126,0.00244152
0.212121,0.127,0.00244152
0.212121,0.128,0.00244152
0.212121,0.129,0.00244152
0.212121,0.13,0.00244152
0.212121,0.131,0.00244152
0.212121,0.132,0.00244152
0.212121,0.133,0.00244152
0.212121,0.134,0.00244152
0.212121,0.135,0.00244152
0.212121,0.136,0.00244152
0.212121,0.137,0.00244152
0.212121,0.138,0.00244152
0.212121,0.139,0.00244152
0.212121,0.14,0.00244152
0.212121,0.141,0.00244152
0.212121,0.142,0.00244152
0.212121,0.143,0.00244152
0.212121,0.144,0.00244152
0.212121,0.145,0.00244152
0.212121,0.146,0.00244152
0.212121,0.147,0.00244152
0.212121,0.148,0.00244152
0.212121,0.149,0.00244152
0.212121,0.15,0.00244152
0.222222,0.001,0.00244152
0.222222,0.002,0.00244152
0.222222,0.003,0.00244152
0.222222,0.004,0.00244152
0.222222,0.005,0.00244152
0.222222,0.006,0.00244152
0.222222,0.007,0.00244152
0.222222,0.008,0.00244152
0.222222,0.009,0.00244152
0.222222,0.01,0.00244152
0.222222,0.011,0.00244152
0.222222,0.012,0.00244152
0.222222,0.013,0.00244152
0.222222,0.014,0.00244152
0.222222,0.015,0.00244152
0.222222,0.016,0.00244152
0.222222,0.017,0.00244152
0.222222,0.018,0.00244152
0.222222,0.019,0.00244152
0.222222,0.02,0.00244152
0.222222,0.021,0.00244152
0.222222,0.022,0.00244152
0.222222,0.023,0.00244152
0.222222,0.024,0.00244152
0.222222,0.025,0.00244152
0.222222,0.026,0.00244152
0.222222,0.027,0.00244152
0.222222,0.028,0.00244152
0.222222,0.029,0.00244152
0.222222,0.03,0.00244152
0.222222,0.031,0.00244152
0.222222,0.032,0.00244152
0.222222,0.033,0.00244152
0.222222,0.034,0.00244152
0.222222,0.035,0.00244152
0.222222,0.036,0.00244152
0.222222,0.037,0.00244152
0.222222,0.038,0.00244152
0.222222,0.039,0.00244152
0.222222,0.04,0.00244152
0.222222,0.041,0.00244152
0.222222,0.042,0.00244152
0.222222,0.043,0.00244152
0.222222,0.044,0.00244152
0.222222,0.045,0.00244152
0.222222,0.046,0.00244152
0.222222,0.047,0.00244152
0.222222,0.048,0.00244152
0.222222,0.049,0.00244152
0.222222,0.05,0.00244152
0.222222,0.051,0.00244152
0.222222,0.052,0.00244152
0.222222,0.053,0.00244152
0.222222,0.054,0.00244152
0.222222,0.055,0.00244152
0.222222,0.056,0.00244152
0.222222,0.057,0.00244152
0.222222,0.058,0.00244152
0.222222,0.059,0.00244152
0.222222,0.06,0.00244152
0.222222,0.061,0.00244152
0.222222,0.062,0.00244152
0.222222,0.063,0.00244152
0.222222,0.064,0.00244152
0.222222,0.065,0.00244152
0.222222,0.066,0.00244152
0.222222,0.067,0.00244152
0.222222,0.068,0.00244152
0.222222,0.069,0.00244152
0.222222,0.07,0.00244152
0.222222,0.071,0.00244152
0.222222,0.072,0.00244152
0.222222,0.073,0.00244152
0.222222,0.074,0.00244152
0.222222,0.075,0.00244152
0.222222,0.076,0.00244152
0.222222,0.077,0.00244152
0.222222,0.078,0.00244152
0.222222,0.079,0.00244152
0.222222,0.08,0.00244152
0.222222,0.081,0.00244152
0.222222,0.082,0.00244152
0.222222,0.083,0.00244152
0.222222,0.084,0.00244152
0.222222,0.085,0.00244152
0.222222,0.086,0.00244152
0.222222,0.087,0.00244152
0.222222,0.088,0.00244152
0.222222,0.089,0.00244152
0.222222,0.09,0.00244152
0.222222,0.091,0.00244152
0.222222,0.092,0.00244152
0.222222,0.093,0.00244152
0.222222,0.094,0.00244152
0.222222,0.095,0.00244152
0.222222,0.096,0.00244152
0.222222,0.097,0.00244152
0.222222,0.098,0.00244152
0.222222,0.099,0.00244152
0.222222,0.1,0.00244152
0.222222,0.101,0.00244152
0.222222,0.102,0.00244152
0.222222,0.103,0.00244152
0.222222,0.104,0.00244152
0.222222,0.105,0.00244152
0.222222,0.106,0.00244152
0.222222,0.107,0.00244152
0.222222,0.108,0.00244152
0.222222,0.109,0.00244152
0.222222,0.11,0.00244152
0.222222,0.111,0.00244152
0.222222,0.112,0.00244152
0.222222,0.113,0.00244152
0.222222,0.114,0.00244152
0.222222,0.115,0.00244152
0.222222,0.116,0.00244152
0.222222,0.117,0.00244152
0.222222,0.118,0.00244152
0.222222,0.119,0.00244152
0.222222,0.12,0.00244152
0.222222,0.121,0.00244152
0.222222,0.122,0.00244152
0.222222,0.123,0.00244152
0.222222,0.124,0.00244152
0.222222,0.125,0.00244152
0.222222,0.126,0.00244152
0.222222,0.127,0.00244152
0.222222,0.128,0.00244152
0.222222,0.129,0.00244152
0.222222,0.13,0.00244152
0.222222,0.131,0.00244152
0.222222,0.132,0.00244152
0.222222,0.133,0.00244152
0.222222,0.134,0.00244152
0.222222,0.135,0.00244152
0.222222,0.136,0.00244152
0.222222,0.137,0.00244152
0.222222,0.138,0.00244152
0.222222,0.139,0.00244152
0.222222,0.14,0.00244152
0.222222,0.141,0.00244152
0.222222,0.142,0.00244152
0.222222,0.143,0.00244152
0.222222,0.144,0.00244152
0.222222,0.145,0.00244152
0.222222,0.146,0.00244152
0.222222,0.147,0.00244152
0.222222,0.148,0.00244152
0.222222,0.149,0.00244152
0.222222,0.15,0.00244152
0.232323,0.001,0.00244152
0.232323,0.002,0.00244152
0.232323,0.003,0.00244152
0.232323,0.004,0.00244152
0.232323,0.005,0.00244152
0.232323,0.006,0.00244152
0.232323,0.007,0.00244152
0.232323,0.008,0.00244152
0.232323,0.009,0.00244152
0.232323,0.01,0.00244152
0.232323,0.011,0.00244152
0.232323,0.012,0.00244152
0.232323,0.013,0.00244152
0.232323,0.014,0.00244152
0.232323,0.015,0.00244152
0.232323,0.016,0.00244152
0.232323,0.017,0.00244152
0.232323,0.018,0.00244152
0.232323,0.019,0.00244152
0.232323,0.02,0.00244152
0.232323,0.021,0.00244152
0.232323,0.022,0.00244152
0.232323,0.023,0.00244152
0.232323,0.024,0.00244152
0.232323,0.025,0.00244152
0.232323,0.026,0.00244152
0.232323,0.027,0.00244152
0.232323,0.028,0.00244152
0.232323,0.029,0.00244152
0.232323,0.03,0.00244152
0.232323,0.031,0.00244152
0.232323,0.032,0.00244152
0.232323,0.033,0.00244152
0.232323,0.034,0.00244152
0.232323,0.035,0.00244152
0.232323,0.036,0.00244152
0.232323,0.037,0.00244152
0.232323,0.038,0.00244152
0.232323,0.039,0.00244152
0.232323,0.04,0.00244152
0.232323,0.041,0.00244152
0.232323,0.042,0.00244152
0.232323,0.043,0.00244152
0.232323,0.044,0.00244152
0.232323,0.045,0.00244152
0.232323,0.046,0.00244152
0.232323,0.047,0.00244152
0.232323,0.048,0.00244152
0.232323,0.049,0.00244152
0.232323,0.05,0.00244152
0.232323,0.051,0.00244152
0.232323,0.052,0.00244152
0.232323,0.053,0.00244152
0.232323,0.054,0.00244152
0.232323,0.055,0.00244152
0.232323,0.056,0.00244152
0.232323,0.057,0.00244152
0.232323,0.058,0.00244152
0.232323,0.059,0.00244152
0.232323,0.06,0.00244152
0.232323,0.061,0.00244152
0.232323,0.062,0.00244152
0.232323,0.063,0.00244152
0.232323,0.064,0.00244152
0.232323,0.065,0.00244152
0.232323,0.066,0.00244152
0.232323,0.067,0.00244152
0.232323,0.068,0.00244152
0.232323,0.069,0.00244152
0.232323,0.07,0.00244152
0.232323,0.071,0.00244152
0.232323,0.072,0.00244152
0.232323,0.073,0.00244152
0.232323,0.074,0.00244152
0.232323,0.075,0.00244152
0.232323,0.076,0.00244152
0.232323,0.077,0.00244152
0.232323,0.078,0.00244152
0.232323,0.079,0.00244152
0.232323,0.08,0.00244152
0.232323,0.081,0.00244152
0.232323,0.082,0.00244152
0.232323,0.083,0.00244152
0.232323,0.084,0.00244152
0.232323,0.085,0.00244152
0.232323,0.086,0.00244152
0.232323,0.087,0.00244152
0.232323,0.088,0.00244152
0.232323,0.089,0.00244152
0.232323,0.09,0.00244152
0.232323,0.091,0.00244152
0.232323,0.092,0.00244152
0.232323,0.093,0.00244152
0.232323,0.094,0.00244152
0.232323,0.095,0.00244152
0.232323,0.096,0.00244152
0.232323,0.097,0.00244152
0.232323,0.098,0.00244152
0.232323,0.099,0.00244152
0.232323,0.1,0.00244152
0.232323,0.101,0.00244152
0.232323,0.102,0.00244152
0.232323,0.103,0.00244152
0.232323,0.104,0.00244152
0.232323,0.105,0.00244152
0.232323,0.106,0.00244152
0.232323,0.107,0.00244152
0.232323,0.108,0.00244152
0.232323,0.109,0.00244152
0.232323,0.11,0.00244152
0.232323,0.111,0.00244152
0.232323,0.112,0.00244152
0.232323,0.113,0.00244152
0.232323,0.114,0.00244152
0.232323,0.115,0.00244152
0.232323,0.116,0.00244152
0.232323,0.117,0.00244152
0.232323,0.118,0.00244152
0.232323,0.119,0.00244152
0.232323,0.12,0.00244152
0.232323,0.121,0.00244152
0.232323,0.122,0.00244152
0.232323,0.123,0.00244152
0.232323,0.124,0.00244152
0.232323,0.125,0.00244152
0.232323,0.126,0.00244152
0.232323,0.127,0.00244152
0.232323,0.128,0.00244152
0.232323,0.129,0.00244152
0.232323,0.13,0.00244152
0.232323,0.131,0.00244152
0.232323,0.132,0.00244152
0.232323,0.133,0.00244152
0.232323,0.134,0.00244152
0.232323,0.135,0.00244152
0.232323,0.136,0.00244152
0.232323,0.137,0.00244152
0.232323,0.138,0.00244152
0.232323,0.139,0.00244152
0.232323,0.14,0.00244152
0.232323,0.141,0.00244152
0.232323,0.142,0.00244152
0.232323,0.143,0.00244152
0.232323,0.144,0.00244152
0.232323,0.145,0.00244152
0.232323,0.146,0.00244152
0.232323,0.147,0.00244152
0.232323,0.148,0.00244152
0.232323,0.149,0.00244152
0.232323,0.15,0.00244152
0.242424,0.001,0.00244152
0.242424,0.002,0.00244152
0.242424,0.003,0.00244152
0.242424,0.004,0.00244152
0.242424,0.005,0.00244152
0.242424,0.006,0.00244152
0.242424,0.007,0.00244152
0.242424,0.008,0.00244152
0.242424,0.009,0.00244152
0.242424,0.01,0.00244152
0.242424,0.011,0.00244152
0.242424,0.012,0.00244152
0.242424,0.013,0.00244152
0.242424,0.014,0.00244152
0.242424,0.015,0.00244152
0.242424,0.016,0.00244152
0.242424,0.017,0.00244152
0.242424,0.018,0.00244152
0.242424,0.019,0.00244152
0.242424,0.02,0.00244152
0.242424,0.021,0.00244152
0.242424,0.022,0.00244152
0.242424,0.023,0.00244152
0.242424,0.024,0.00244152
0.242424,0.025,0.00244152
0.242424,0.026,0.00244152
0.242424,0.027,0.00244152
0.242424,0.028,0.00244152
0.242424,0.029,0.00244152
0.242424,0.03,0.00244152
0.242424,0.031,0.00244152
0.242424,0.032,0.00244152
0.242424,0.033,0.00244152
0.242424,0.034,0.00244152
0.242424,0.035,0.00244152
0.242424,0.036,0.00244152
0.242424,0.037,0.00244152
0.242424,0.038,0.00244152
0.242424,0.039,0.00244152
0.242424,0.04,0.00244152
0.242424,0.041,0.00244152
0.242424,0.042,0.00244152
0.242424,0.043,0.00244152
0.242424,0.044,0.00244152
0.242424,0.045,0.00244152
0.242424,0.046,0.00244152
0.242424,0.047,0.00244152
0.242424,0.048,0.00244152
0.242424,0.049,0.00244152
0.242424,0.05,0.00244152
0.242424,0.051,0.00244152
0.242424,0.052,0.00244152
0.242424,0.053,0.00244152
0.242424,0.054,0.00244152
0.242424,0.055,0.00244152
0.242424,0.056,0.00244152
0.242424,0.057,0.00244152
0.242424,0.058,0.00244152
0.242424,0.059,0.00244152
0.242424,0.06,0.00244152
0.242424,0.061,0.00244152
0.242424,0.062,0.00244152
0.242424,0.063,0.00244152
0.242424,0.064,0.00244152
0.242424,0.065,0.00244152
0.242424,0.066,0.00244152
0.242424,0.067,0.00244152
0.242424,0.068,0.00244152
0.242424,0.069,0.00244152
0.242424,0.07,0.00244152
0.242424,0.071,0.00244152
0.242424,0.072,0.00244152
0.242424,0.073,0.00244152
0.242424,0.074,0.00244152
0.242424,0.075,0.00244152
0.242424,0.076,0.00244152
0.242424,0.077,0.00244152
0.242424,0.078,0.00244152
0.242424,0.079,0.00244152
0.242424,0.08,0.00244152
0.242424,0.081,0.00244152
0.242424,0.082,0.00244152
0.242424,0.083,0.00244152
0.242424,0.084,0.00244152
0.242424,0.085,0.00244152
0.242424,0.086,0.00244152
0.242424,0.087,0.00244152
0.242424,0.088,0.00244152
0.242424,0.089,0.00244152
0.242424,0.09,0.00244152
0.242424,0.091,0.00244152
0.242424,0.092,0.00244152
0.242424,0.093,0.00244152
0.242424,0.094,0.00244152
0.242424,0.095,0.00244152
0.242424,0.096,0.00244152
0.242424,0.097,0.00244152
0.242424,0.098,0.00244152
0.242424,0.099,0.00244152
0.242424,0.1,0.00244152
0.242424,0.101,0.00244152
0.242424,0.102,0.00244152
0.242424,0.103,0.00244152
0.242424,0.104,0.00244152
0.242424,0.105,0.00244152
0.242424,0.106,0.00244152
0.242424,0.107,0.00244152
0.242424,0.108,0.00244152
0.242424,0.109,0.00244152
0.242424,0.11,0.00244152
0.242424,0.111,0.00244152
0.242424,0.112,0.00244152
0.242424,0.113,0.00244152
0.242424,0.114,0.00244152
0.242424,0.115,0.00244152
0.242424,0.116,0.00244152
0.242424,0.117,0.00244152
0.242424,0.118,0.00244152
0.242424,0.119,0.00244152
0.242424,0.12,0.00244152
0.242424,0.121,0.00244152
0.242424,0.122,0.00244152
0.242424,0.123,0.00244152
0.242424,0.124,0.00244152
0.242424,0.125,0.00244152
0.242424,0.126,0.00244152
0.242424,0.127,0.00244152
0.242424,0.128,0.00244152
0.242424,0.129,0.00244152
0.242424,0.13,0.00244152
0.242424,0.131,0.00244152
0.242424,0.132,0.00244152
0.242424,0.133,0.00244152
0.242424,0.134,0.00244152
0.242424,0.135,0.00244152
0.242424,0.136,0.00244152
0.242424,0.137,0.00244152
0.242424,0.138,0.00244152
0.242424,0.139,0.00244152
0.242424,0.14,0.00244152
0.242424,0.141,0.00244152
0.242424,0.142,0.00244152
0.242424,0.143,0.00244152
0.242424,0.144,0.00244152
0.242424,0.145,0.00244152
0.242424,0.146,0.00244152
0.242424,0.147,0.00244152
0.242424,0.148,0.00244152
0.242424,0.149,0.00244152
0.242424,0.15,0.00244152
0.252525,0.001,0.00244152
0.252525,0.002,0.00244152
0.252525,0.003,0.00244152
0.252525,0.004,0.00244152
0.252525,0.005,0.00244152
0.252525,0.006,0.00244152
0.252525,0.007,0.00244152
0.252525,0.008,0.00244152
0.252525,0.009,0.00244152
0.252525,0.01,0.00244152
0.252525,0.011,0.00244152
0.252525,0.012,0.00244152
0.252525,0.013,0.00244152
0.252525,0.014,0.00244152
0.252525,0.015,0.00244152
0.252525,0.016,0.00244152
0.252525,0.017,0.00244152
0.252525,0.018,0.00244152
0.252525,0.019,0.00244152
0.252525,0.02,0.00244152
0.252525,0.021,0.00244152
0.252525,0.022,0.00244152
0.252525,0.023,0.00244152
0.252525,0.024,0.00244152
0.252525,0.025,0.00244152
0.252525,0.026,0.00244152
0.252525,0.027,0.00244152
0.252525,0.028,0.00244152
0.252525,0.029,0.00244152
0.252525,0.03,0.00244152
0.252525,0.031,0.00244152
0.252525,0.032,0.00244152
0.252525,0.033,0.00244152
0.252525,0.034,0.00244152
0.252525,0.035,0.00244152
0.252525,0.036,0.00244152
0.252525,0.037,0.00244152
0.252525,0.038,0.00244152
0.252525,0.039,0.00244152
0.252525,0.04,0.00244152
0.252525,0.041,0.00244152
0.252525,0.042,0.00244152
0.252525,0.043,0.00244152
0.252525,0.044,0.00244152
0.252525,0.045,0.00244152
0.252525,0.046,0.00244152
0.252525,0.047,0.00244152
0.252525,0.048,0.00244152
0.252525,0.049,0.00244152
0.252525,0.05,0.00244152
0.252525,0.051,0.00244152
0.252525,0.052,0.00244152
0.252525,0.053,0.00244152
0.252525,0.054,0.00244152
0.252525,0.055,0.00244152
0.252525,0.056,0.00244152
0.252525,0.057,0.00244152
0.252525,0.058,0.00244152
0.252525,0.059,0.00244152
0.252525,0.06,0.00244152
0.252525,0.061,0.00244152
0.252525,0.062,0.00244152
0.252525,0.063,0.00244152
0.252525,0.064,0.00244152
0.252525,0.065,0.00244152
0.252525,0.066,0.00244152
0.252525,0.067,0.00244152
0.252525,0.068,0.00244152
0.252525,0.069,0.00244152
0.252525,0.07,0.00244152
0.252525,0.071,0.00244152
0.252525,0.072,0.00244152
0.252525,0.073,0.00244152
0.252525,0.074,0.00244152
0.252525,0.075,0.00244152
0.252525,0.076,0.00244152
0.252525,0.077,0.00244152
0.252525,0.078,0.00244152
0.252525,0.079,0.00244152
0.252525,0.08,0.00244152
0.252525,0.081,0.00244152
0.252525,0.082,0.00244152
0.252525,0.083,0.00244152
0.252525,0.084,0.00244152
0.252525,0.085,0.00244152
0.252525,0.086,0.00244152
0.252525,0.087,0.00244152
0.252525,0.088,0.00244152
0.252525,0.089,0.00244152
0.252525,0.09,0.00244152
0.252525,0.091,0.00244152
0.252525,0.092,0.00244152
0.252525,0.093,0.00244152
0.252525,0.094,0.00244152
0.252525,0.095,0.00244152
0.252525,0.096,0.00244152
0.252525,0.097,0.00244152
0.252525,0.098,0.00244152
0.252525,0.099,0.00244152
0.252525,0.1,0.00244152
0.252525,0.101,0.00244153
0.252525,0.102,0.00244153
0.252525,0.103,0.00244153
0.252525,0.104,0.00244153
0.252525,0.105,0.00244153
0.252525,0.106,0.00244153
0.252525,0.107,0.00244153
0.252525,0.108,0.00244153
0.252525,0.109,0.00244153
0.252525,0.11,0.00244153
0.252525,0.111,0.00244153
0.252525,0.112,0.00244153
0.252525,0.113,0.00244153
0.252525,0.114,0.00244153
0.252525,0.115,0.00244153
0.252525,0.116,0.00244153
0.252525,0.117,0.00244152
0.252525,0.118,0.00244152
0.252525,0.119,0.00244152
0.252525,0.12,0.00244152
0.252525,0.121,0.00244152
0.252525,0.122,0.00244152
0.252525,0.123,0.00244152
0.252525,0.124,0.00244152
0.252525,0.125,0.00244152
0.252525,0.126,0.00244152
0.252525,0.127,0.00244152
0.252525,0.128,0.00244152
0.252525,0.129,0.00244152
0.252525,0.13,0.00244152
0.252525,0.131,0.00244153
0.252525,0.132,0.00244153
0.252525,0.133,0.00244153
0.252525,0.134,0.00244153
0.252525,0.135,0.00244153
0.252525,0.136,0.00244153
0.252525,0.137,0.00244153
0.252525,0.138,0.00244153
0.252525,0.139,0.00244153
0.252525,0.14,0.00244153
0.252525,0.141,0.00244153
0.252525,0.142,0.00244153
0.252525,0.143,0.00244153
0.252525,0.144,0.00244153
0.252525,0.145,0.00244153
0.252525,0.146,0.00244153
0.252525,0.147,0.00244153
0.252525,0.148,0.00244153
0.252525,0.149,0.00244153
0.252525,0.15,0.00244153
0.262626,0.001,0.00244152
0.262626,0.002,0.00244152
0.262626,0.003,0.00244152
0.262626,0.004,0.00244152
0.262626,0.005,0.00244152
0.262626,0.006,0.00244152
0.262626,0.007,0.00244152
0.262626,0.008,0.00244152
0.262626,0.009,0.00244152
0.262626,0.01,0.00244152
0.262626,0.011,0.00244152
0.262626,0.012,0.00244152
0.262626,0.013,0.00244152
0.262626,0.014,0.00244152
0.262626,0.015,0.00244152
0.262626,0.016,0.00244152
0.262626,0.017,0.00244152
0.262626,0.018,0.00244152
0.262626,0.019,0.00244152
0.262626,0.02,0.00244152
0.262626,0.021,0.00244152
0.262626,0.022,0.00244152
0.262626,0.023,0.00244152
0.262626,0.024,0.00244152
0.262626,0.025,0.00244152
0.262626,0.026,0.00244152
0.262626,0.027,0.00244152
0.262626,0.028,0.00244152
0.262626,0.029,0.00244152
0.262626,0.03,0.00244152
0.262626,0.031,0.00244152
0.262626,0.032,0.00244152
0.262626,0.033,0.00244152
0.262626,0.034,0.00244152
0.262626,0.035,0.00244152
0.262626,0.036,0.00244152
0.262626,0.037,0.00244152
0.262626,0.038,0.00244152
0.262626,0.039,0.00244152
0.262626,0.04,0.00244152
0.262626,0.041,0.00244152
0.262626,0.042,0.00244152
0.262626,0.043,0.00244152
0.262626,0.044,0.00244152
0.262626,0.045,0.00244152
0.262626,0.046,0.00244152
0.262626,0.047,0.00244152
0.262626,0.048,0.00244152
0.262626,0.049,0.00244152
0.262626,0.05,0.00244152
0.262626,0.051,0.00244152
0.262626,0.052,0.00244152
0.262626,0.053,0.00244152
0.262626,0.054,0.00244152
0.262626,0.055,0.00244152
0.262626,0.056,0.00244152
0.262626,0.057,0.00244152
0.262626,0.058,0.00244152
0.262626,0.059,0.00244152
0.262626,0.06,0.00244152
0.262626,0.061,0.00244152
0.262626,0.062,0.00244152
0.262626,0.063,0.00244152
0.262626,0.064,0.00244152
0.262626,0.065,0.00244152
0.262626,0.066,0.00244152
0.262626,0.067,0.00244152
0.262626,0.068,0.00244152
0.262626,0.069,0.00244152
0.262626,0.07,0.00244152
0.262626,0.071,0.00244152
0.262626,0.072,0.00244152
0.262626,0.073,0.00244152
0.262626,0.074,0.00244152
0.262626,0.075,0.00244152
0.262626,0.076,0.00244152
0.262626,0.077,0.00244152
0.262626,0.078,0.00244152
0.262626,0.079,0.00244152
0.262626,0.08,0.00244152
0.262626,0.081,0.00244152
0.262626,0.082,0.00244153
0.262626,0.083,0.00244152
0.262626,0.084,0.00244152
0.262626,0.085,0.00244152
0.262626,0.086,0.00244152
0.262626,0.087,0.00244152
0.262626,0.088,0.00244152
0.262626,0.089,0.00244152
0.262626,0.09,0.00244152
0.262626,0.091,0.00244153
0.262626,0.092,0.00244152
0.262626,0.093,0.00244152
0.262626,0.094,0.00244152
0.262626,0.095,0.00244153
0.262626,0.096,0.00244153
0.262626,0.097,0.00244152
0.262626,0.098,0.00244153
0.262626,0.099,0.00244153
0.262626,0.1,0.00244153
0.262626,0.101,0.00244153
0.262626,0.102,0.00244152
0.262626,0.103,0.00244153
0.262626,0.104,0.00244153
0.262626,0.105,0.00244153
0.262626,0.106,0.00244153
0.262626,0.107,0.00244153
0.262626,0.108,0.00244152
0.262626,0.109,0.00244152
0.262626,0.11,0.00244152
0.262626,0.111,0.00244152
0.262626,0.112,0.00244152
0.262626,0.113,0.00244152
0.262626,0.114,0.00244152
0.262626,0.115,0.00244152
0.262626,0.116,0.00244152
0.262626,0.117,0.00244152
0.262626,0.118,0.00244152
0.262626,0.119,0.00244152
0.262626,0.12,0.00244152
0.262626,0.121,0.00244152
0.262626,0.122,0.00244152
0.262626,0.123,0.00244152
0.262626,0.124,0.00244152
0.262626,0.125,0.00244152
0.262626,0.126,0.00244152
0.262626,0.127,0.00244152
0.262626,0.128,0.00244152
0.262626,0.129,0.00244152
0.262626,0.13,0.00244152
0.262626,0.131,0.00244152
0.262626,0.132,0.00244153
0.262626,0.133,0.00244153
0.262626,0.134,0.00244153
0.262626,0.135,0.00244153
0.262626,0.136,0.00244153
0.262626,0.137,0.00244153
0.262626,0.138,0.00244153
0.262626,0.139,0.00244152
0.262626,0.14,0.00244152
0.262626,0.141,0.00244152
0.262626,0.142,0.00244152
0.262626,0.143,0.00244152
0.262626,0.144,0.00244152
0.262626,0.145,0.00244152
0.262626,0.146,0.00244152
0.262626,0.147,0.00244152
0.262626,0.148,0.00244152
0.262626,0.149,0.00244152
0.262626,0.15,0.00244152
0.272727,0.001,0.00244152
0.272727,0.002,0.00244152
0.272727,0.003,0.00244152
0.272727,0.004,0.00244152
0.272727,0.005,0.00244152
0.272727,0.006,0.00244152
0.272727,0.007,0.00244152
0.272727,0.008,0.00244152
0.272727,0.009,0.00244152
0.272727,0.01,0.00244152
0.272727,0.011,0.00244152
0.272727,0.012,0.00244152
0.272727,0.013,0.00244152
0.272727,0.014,0.00244152
0.272727,0.015,0.00244152
0.272727,0.016,0.00244152
0.272727,0.017,0.00244152
0.272727,0.018,0.00244152
0.272727,0.019,0.00244152
0.272727,0.02,0.00244152
0.272727,0.021,0.00244152
0.272727,0.022,0.00244152
0.272727,0.023,0.00244152
0.272727,0.024,0.00244152
0.272727,0.025,0.00244152
0.272727,0.026,0.00244152
0.272727,0.027,0.00244152
0.272727,0.028,0.00244152
0.272727,0.029,0.00244152
0.272727,0.03,0.00244152
0.272727,0.031,0.00244152
0.272727,0.032,0.00244152
0.272727,0.033,0.00244152
0.272727,0.034,0.00244152
0.272727,0.035,0.00244152
0.272727,0.036,0.00244152
0.272727,0.037,0.00244152
0.272727,0.038,0.00244152
0.272727,0.039,0.00244152
0.272727,0.04,0.00244152
0.272727,0.041,0.00244152
0.272727,0.042,0.00244152
0.272727,0.043,0.00244152
0.272727,0.044,0.00244152
0.272727,0.045,0.00244152
0.272727,0.046,0.00244152
0.272727,0.047,0.00244152
0.272727,0.048,0.00244152
0.272727,0.049,0.00244152
0.272727,0.05,0.00244152
0.272727,0.051,0.00244152
0.272727,0.052,0.00244152
0.272727,0.053,0.00244152
0.272727,0.054,0.00244152
0.272727,0.055,0.00244152
0.272727,0.056,0.00244152
0.272727,0.057,0.00244152
0.272727,0.058,0.00244152
0.272727,0.059,0.00244152
0.272727,0.06,0.00244152
0.272727,0.061,0.00244152
0.272727,0.062,0.00244152
0.272727,0.063,0.00244153
0.272727,0.064,0.00244152
0.272727,0.065,0.00244153
0.272727,0.066,0.00244153
0.272727,0.067,0.00244153
0.272727,0.068,0.00244153
0.272727,0.069,0.00244153
0.272727,0.07,0.00244153
0.272727,0.071,0.00244152
0.272727,0.072,0.00244152
0.272727,0.073,0.00244152
0.272727,0.074,0.00244153
0.272727,0.075,0.00244153
0.272727,0.076,0.00244153
0.272727,0.077,0.00244153
0.272727,0.078,0.00244153
0.272727,0.079,0.00244153
0.272727,0.08,0.00244153
0.272727,0.081,0.00244153
0.272727,0.082,0.00244153
0.272727,0.083,0.00244153
0.272727,0.084,0.00244153
0.272727,0.085,0.00244153
0.272727,0.086,0.00244153
0.272727,0.087,0.00244153
0.272727,0.088,0.00244153
0.272727,0.089,0.00244153
0.272727,0.09,0.00244153
0.272727,0.091,0.00244153
0.272727,0.092,0.00244153
0.272727,0.093,0.00244153
0.272727,0.094,0.00244153
0.272727,0.095,0.00244153
0.272727,0.096,0.00244153
0.272727,0.097,0.00244153
0.272727,0.098,0.00244153
0.272727,0.099,0.00244153
0.272727,0.1,0.00244153
0.272727,0.101,0.00244153
0.272727,0.102,0.00244153
0.272727,0.103,0.00244153
0.272727,0.104,0.00244153
0.272727,0.105,0.00244153
0.272727,0.106,0.00244153
0.272727,0.107,0.00244153
0.272727,0.108,0.00244153
0.272727,0.109,0.00244153
0.272727,0.11,0.00244153
0.272727,0.111,0.00244153
0.272727,0.112,0.00244153
0.272727,0.113,0.00244153
0.272727,0.114,0.00244153
0.272727,0.115,0.00244153
0.272727,0.116,0.00244153
0.272727,0.117,0.00244153
0.272727,0.118,0.00244153
0.272727,0.119,0.00244153
0.272727,0.12,0.00244153
0.272727,0.121,0.00244153
0.272727,0.122,0.00244153
0.272727,0.123,0.00244153
0.272727,0.124,0.00244153
0.272727,0.125,0.00244153
0.272727,0.126,0.00244153
0.272727,0.127,0.00244153
0.272727,0.128,0.00244153
0.272727,0.129,0.00244153
0.272727,0.13,0.00244153
0.272727,0.131,0.00244153
0.272727,0.132,0.00244153
0.272727,0.133,0.00244153
0.272727,0.134,0.00244153
0.272727,0.135,0.00244153
0.272727,0.136,0.00244153
0.272727,0.137,0.00244153
0.272727,0.138,0.00244153
0.272727,0.139,0.00244153
0.272727,0.14,0.00244153
0.272727,0.141,0.00244153
0.272727,0.142,0.00244153
0.272727,0.143,0.00244153
0.272727,0.144,0.00244153
0.272727,0.145,0.00244153
0.272727,0.146,0.00244153
0.272727,0.147,0.00244153
0.272727,0.148,0.00244153
0.272727,0.149,0.00244153
0.272727,0.15,0.00244153
0.282828,0.001,0.00244152
0.282828,0.002,0.00244152
0.282828,0.003,0.00244152
0.282828,0.004,0.00244152
0.282828,0.005,0.00244152
0.282828,0.006,0.00244152
0.282828,0.007,0.00244152
0.282828,0.008,0.00244152
0.282828,0.009,0.00244152
0.282828,0.01,0.00244152
0.282828,0.011,0.00244152
0.282828,0.012,0.00244152
0.282828,0.013,0.00244152
0.282828,0.014,0.00244152
0.282828,0.015,0.00244152
0.282828,0.016,0.00244152
0.282828,0.017,0.00244152
0.282828,0.018,0.00244152
0.282828,0.019,0.00244152
0.282828,0.02,0.00244152
0.282828,0.021,0.00244152
0.282828,0.022,0.00244152
0.282828,0.023,0.00244152
0.282828,0.024,0.00244152
0.282828,0.025,0.00244152
0.282828,0.026,0.00244152
0.282828,0.027,0.00244152
0.282828,0.028,0.00244152
0.282828,0.029,0.00244152
0.282828,0.03,0.00244152
0.282828,0.031,0.00244152
0.282828,0.032,0.00244152
0.282828,0.033,0.00244152
0.282828,0.034,0.00244152
0.282828,0.035,0.00244152
0.282828,0.036,0.00244152
0.282828,0.037,0.00244152
0.282828,0.038,0.00244152
0.282828,0.039,0.00244152
0.282828,0.04,0.00244152
0.282828,0.041,0.00244152
0.282828,0.042,0.00244152
0.282828,0.043,0.00244152
0.282828,0.044,0.00244152
0.282828,0.045,0.00244152
0.282828,0.046,0.00244152
0.282828,0.047,0.00244152
0.282828,0.048,0.00244152
0.282828,0.049,0.00244152
0.282828,0.05,0.00244152
0.282828,0.051,0.00244153
0.282828,0.052,0.00244152
0.282828,0.053,0.00244152
0.282828,0.054,0.00244152
0.282828,0.055,0.00244153
0.282828,0.056,0.00244152
0.282828,0.057,0.00244153
0.282828,0.058,0.00244153
0.282828,0.059,0.00244153
0.282828,0.06,0.00244153
0.282828,0.061,0.00244153
0.282828,0.062,0.00244152
0.282828,0.063,0.00244153
0.282828,0.064,0.00244152
0.282828,0.065,0.00244152
0.282828,0.066,0.00244152
0.282828,0.067,0.00244152
0.282828,0.068,0.00244153
0.282828,0.069,0.00244153
0.282828,0.07,0.00244153
0.282828,0.071,0.00244153
0.282828,0.072,0.00244153
0.282828,0.073,0.00244153
0.282828,0.074,0.00244153
0.282828,0.075,0.00244152
0.282828,0.076,0.00244152
0.282828,0.077,0.00244152
0.282828,0.078,0.00244153
0.282828,0.079,0.00244152
0.282828,0.08,0.00244152
0.282828,0.081,0.00244152
0.282828,0.082,0.00244152
0.282828,0.083,0.00244152
0.282828,0.084,0.00244152
0.282828,0.085,0.00244152
0.282828,0.086,0.00244152
0.282828,0.087,0.00244152
0.282828,0.088,0.00244152
0.282828,0.089,0.00244152
0.282828,0.09,0.00244152
0.282828,0.091,0.00244152
0.282828,0.092,0.00244152
0.282828,0.093,0.00244152
0.282828,0.094,0.00244152
0.282828,0.095,0.00244152
0.282828,0.096,0.00244152
0.282828,0.097,0.00244152
0.282828,0.098,0.00244152
0.282828,0.099,0.00244152
0.282828,0.1,0.00244152
0.282828,0.101,0.00244152
0.282828,0.102,0.00244152
0.282828,0.103,0.00244152
0.282828,0.104,0.00244152
0.282828,0.105,0.00244152
0.282828,0.106,0.00244152
0.282828,0.107,0.00244152
0.282828,0.108,0.00244152
0.282828,0.109,0.00244152
0.282828,0.11,0.00244152
0.282828,0.111,0.00244152
0.282828,0.112,0.00244152
0.282828,0.113,0.00244152
0.282828,0.114,0.00244152
0.282828,0.115,0.00244152
0.282828,0.116,0.00244152
0.282828,0.117,0.00244152
0.282828,0.118,0.00244152
0.282828,0.119,0.00244152
0.282828,0.12,0.00244152
0.282828,0.121,0.00244152
0.282828,0.122,0.00244152
0.282828,0.123,0.00244152
0.282828,0.124,0.00244152
0.282828,0.125,0.00244152
0.282828,0.126,0.00244152
0.282828,0.127,0.00244152
0.282828,0.128,0.00244152
0.282828,0.129,0.00244152
0.282828,0.13,0.00244152
0.282828,0.131,0.00244152
0.282828,0.132,0.00244152
0.282828,0.133,0.00244152
0.282828,0.134,0.00244152
0.282828,0.135,0.00244152
0.282828,0.136,0.00244152
0.282828,0.137,0.00244152
0.282828,0.138,0.00244152
0.282828,0.139,0.00244152
0.282828,0.14,0.00244152
0.282828,0.141,0.00244152
0.282828,0.142,0.00244152
0.282828,0.143,0.00244152
0.282828,0.144,0.00244152
0.282828,0.145,0.00244152
0.282828,0.146,0.00244152
0.282828,0.147,0.00244152
0.282828,0.148,0.00244152
0.282828,0.149,0.00244152
0.282828,0.15,0.00244152
0.292929,0.001,0.00244152
0.292929,0.002,0.00244152
0.292929,0.003,0.00244152
0.292929,0.004,0.00244152
0.292929,0.005,0.00244152
0.292929,0.006,0.00244152
0.292929,0.007,0.00244152
0.292929,0.008,0.00244152
0.292929,0.009,0.00244152
0.292929,0.01,0.00244152
0.292929,0.011,0.00244152
0.292929,0.012,0.00244152
0.292929,0.013,0.00244152
0.292929,0.014,0.00244152
0.292929,0.015,0.00244152
0.292929,0.016,0.00244152
0.292929,0.017,0.00244152
0.292929,0.018,0.00244152
0.292929,0.019,0.00244152
0.292929,0.02,0.00244152
0.292929,0.021,0.00244152
0.292929,0.022,0.00244152
0.292929,0.023,0.00244152
0.292929,0.024,0.00244152
0.292929,0.025,0.00244152
0.292929,0.026,0.00244152
0.292929,0.027,0.00244152
0.292929,0.028,0.00244152
0.292929,0.029,0.00244152
0.292929,0.03,0.00244152
0.292929,0.031,0.00244152
0.292929,0.032,0.00244152
0.292929,0.033,0.00244152
0.292929,0.034,0.00244152
0.292929,0.035,0.00244152
0.292929,0.036,0.00244152
0.292929,0.037,0.00244152
0.292929,0.038,0.00244152
0.292929,0.039,0.00244153
0.292929,0.04,0.00244153
0.292929,0.041,0.00244153
0.292929,0.042,0.00244152
0.292929,0.043,0.00244153
0.292929,0.044,0.00244153
0.292929,0.045,0.00244152
0.292929,0.046,0.00244153
0.292929,0.047,0.00244153
0.292929,0.048,0.00244153
0.292929,0.049,0.00244153
0.292929,0.05,0.00244153
0.292929,0.051,0.00244153
0.292929,0.052,0.00244153
0.292929,0.053,0.00244153
0.292929,0.054,0.00244153
0.292929,0.055,0.00244153
0.292929,0.056,0.00244153
0.292929,0.057,0.00244153
0.292929,0.058,0.00244153
0.292929,0.059,0.00244153
0.292929,0.06,0.00244153
0.292929,0.061,0.00244153
0.292929,0.062,0.00244153
0.292929,0.063,0.00244153
0.292929,0.064,0.00244153
0.292929,0.065,0.00244153
0.292929,0.066,0.00244153
0.292929,0.067,0.00244153
0.292929,0.068,0.00244153
0.292929,0.069,0.00244153
0.292929,0.07,0.00244153
0.292929,0.071,0.00244153
0.292929,0.072,0.00244153
0.292929,0.073,0.00244153
0.292929,0.074,0.00244153
0.292929,0.075,0.00244153
0.292929,0.076,0.00244153
0.292929,0.077,0.00244153
0.292929,0.078,0.00244153
0.292929,0.079,0.00244153
0.292929,0.08,0.00244153
0.292929,0.081,0.00244153
0.292929,0.082,0.00244153
0.292929,0.083,0.00244153
0.292929,0.084,0.00244153
0.292929,0.085,0.00244154
0.292929,0.086,0.00244154
0.292929,0.087,0.00244154
0.292929,0.088,0.00244154
0.292929,0.089,0.00244154
0.292929,0.09,0.00244154
0.292929,0.091,0.00244154
0.292929,0.092,0.00244154
0.292929,0.093,0.00244154
0.292929,0.094,0.00244154
0.292929,0.095,0.00244154
0.292929,0.096,0.00244154
0.292929,0.097,0.00244154
0.292929,0.098,0.00244154
0.292929,0.099,0.00244154
0.292929,0.1,0.00244154
0.292929,0.101,0.00244154
0.292929,0.102,0.00244154
0.292929,0.103,0.00244154
0.292929,0.104,0.00244154
0.292929,0.105,0.00244154
0.292929,0.106,0.00244154
0.292929,0.107,0.00244154
0.292929,0.108,0.00244154
0.292929,0.109,0.00244154
0.292929,0.11,0.00244154
0.292929,0.111,0.00244154
0.292929,0.112,0.00244154
0.292929,0.113,0.00244154
0.292929,0.114,0.00244154
0.292929,0.115,0.00244154
0.292929,0.116,0.00244154
0.292929,0.117,0.00244154
0.292929,0.118,0.00244154
0.292929,0.119,0.00244154
0.292929,0.12,0.00244154
0.292929,0.121,0.00244154
0.292929,0.122,0.00244154
0.292929,0.123,0.00244154
0.292929,0.124,0.00244154
0.292929,0.125,0.00244154
0.292929,0.126,0.00244154
0.292929,0.127,0.00244154
0.292929,0.128,0.00244154
0.292929,0.129,0.00244154
0.292929,0.13,0.00244153
0.292929,0.131,0.00244153
0.292929,0.132,0.00244153
0.292929,0.133,0.00244153
0.292929,0.134,0.00244153
0.292929,0.135,0.00244153
0.292929,0.136,0.00244153
0.292929,0.137,0.00244153
0.292929,0.138,0.00244153
0.292929,0.139,0.00244153
0.292929,0.14,0.00244153
0.292929,0.141,0.00244153
0.292929,0.142,0.00244153
0.292929,0.143,0.00244153
0.292929,0.144,0.00244153
0.292929,0.145,0.00244153
0.292929,0.146,0.00244153
0.292929,0.147,0.00244153
0.292929,0.148,0.00244153
0.292929,0.149,0.00244153
0.292929,0.15,0.00244153
0.30303,0.001,0.00244152
0.30303,0.002,0.00244152
0.30303,0.003,0.00244152
0.30303,0.004,0.00244152
0.30303,0.005,0.00244152
0.30303,0.006,0.00244152
0.30303,0.007,0.00244152
0.30303,0.008,0.00244152
0.30303,0.009,0.00244152
0.30303,0.01,0.00244152
0.30303,0.011,0.00244152
0.30303,0.012,0.00244152
0.30303,0.013,0.00244152
0.30303,0.014,0.00244152
0.30303,0.015,0.00244152
0.30303,0.016,0.00244152
0.30303,0.017,0.00244152
0.30303,0.018,0.00244152
0.30303,0.019,0.00244152
0.30303,0.02,0.00244152
0.30303,0.021,0.00244152
0.30303,0.022,0.00244152
0.30303,0.023,0.00244152
0.30303,0.024,0.00244152
0.30303,0.025,0.00244152
0.30303,0.026,0.00244152
0.30303,0.027,0.00244152
0.30303,0.028,0.00244152
0.30303,0.029,0.00244153
0.30303,0.03,0.00244153
0.30303,0.031,0.00244152
0.30303,0.032,0.00244152
0.30303,0.033,0.00244153
0.30303,0.034,0.00244153
0.30303,0.035,0.00244152
0.30303,0.036,0.00244153
0.30303,0.037,0.00244153
0.30303,0.038,0.00244152
0.30303,0.039,0.00244153
0.30303,0.04,0.00244153
0.30303,0.041,0.00244153
0.30303,0.042,0.00244152
0.30303,0.043,0.00244152
0.30303,0.044,0.00244152
0.30303,0.045,0.00244152
0.30303,0.046,0.00244152
0.30303,0.047,0.00244152
0.30303,0.048,0.00244152
0.30303,0.049,0.00244152
0.30303,0.05,0.00244152
0.30303,0.051,0.00244152
0.30303,0.052,0.00244152
0.30303,0.053,0.00244152
0.30303,0.054,0.00244152
0.30303,0.055,0.00244152
0.30303,0.056,0.00244152
0.30303,0.057,0.00244152
0.30303,0.058,0.00244152
0.30303,0.059,0.00244152
0.30303,0.06,0.00244152
0.30303,0.061,0.00244152
0.30303,0.062,0.00244152
0.30303,0.063,0.00244152
0.30303,0.064,0.00244151
0.30303,0.065,0.00244151
0.30303,0.066,0.00244151
0.30303,0.067,0.00244151
0.30303,0.068,0.00244151
0.30303,0.069,0.00244151
0.30303,0.07,0.0024415
0.30303,0.071,0.0024415
0.30303,0.072,0.00244151
0.30303,0.073,0.0024415
0.30303,0.074,0.0024415
0.30303,0.075,0.0024415
0.30303,0.076,0.0024415
0.30303,0.077,0.0024415
0.30303,0.078,0.0024415
0.30303,0.079,0.00244149
0.30303,0.08,0.00244149
0.30303,0.081,0.00244149
0.30303,0.082,0.00244149
0.30303,0.083,0.00244149
0.30303,0.084,0.00244149
0.30303,0.085,0.00244149
0.30303,0.086,0.00244149
0.30303,0.087,0.00244148
0.30303,0.088,0.00244148
0.30303,0.089,0.00244148
0.30303,0.09,0.00244148
0.30303,0.091,0.00244148
0.30303,0.092,0.00244148
0.30303,0.093,0.00244148
0.30303,0.094,0.00244148
0.30303,0.095,0.00244148
0.30303,0.096,0.00244148
0.30303,0.097,0.00244148
0.30303,0.098,0.00244148
0.30303,0.099,0.00244148
0.30303,0.1,0.00244148
0.30303,0.101,0.00244148
0.30303,0.102,0.00244148
0.30303,0.103,0.00244148
0.30303,0.104,0.00244148
0.30303,0.105,0.00244148
0.30303,0.106,0.00244148
0.30303,0.107,0.00244149
0.30303,0.108,0.00244149
0.30303,0.109,0.00244149
0.30303,0.11,0.00244149
0.30303,0.111,0.00244149
0.30303,0.112,0.00244149
0.30303,0.113,0.00244149
0.30303,0.114,0.0024415
0.30303,0.115,0.0024415
0.30303,0.116,0.0024415
0.30303,0.117,0.0024415
0.30303,0.118,0.0024415
0.30303,0.119,0.0024415
0.30303,0.12,0.0024415
0.30303,0.121,0.00244151
0.30303,0.122,0.00244151
0.30303,0.123,0.00244151
0.30303,0.124,0.00244151
0.30303,0.125,0.00244151
0.30303,0.126,0.00244151
0.30303,0.127,0.00244151
0.30303,0.128,0.00244152
0.30303,0.129,0.00244152
0.30303,0.13,0.00244152
0.30303,0.131,0.00244152
0.30303,0.132,0.00244152
0.30303,0.133,0.00244152
0.30303,0.134,0.00244152
0.30303,0.135,0.00244152
0.30303,0.136,0.00244152
0.30303,0.137,0.00244153
0.30303,0.138,0.00244152
0.30303,0.139,0.00244153
0.30303,0.14,0.00244153
0.30303,0.141,0.00244153
0.30303,0.142,0.00244153
0.30303,0.143,0.00244153
0.30303,0.144,0.00244153
0.30303,0.145,0.00244153
0.30303,0.146,0.00244153
0.30303,0.147,0.00244153
0.30303,0.148,0.00244153
0.30303,0.149,0.00244153
0.30303,0.15,0.00244153
0.313131,0.001,0.00244152
0.313131,0.002,0.00244152
0.313131,0.003,0.00244152
0.313131,0.004,0.00244152
0.313131,0.005,0.00244152
0.313131,0.006,0.00244152
0.313131,0.007,0.00244152
0.313131,0.008,0.00244152
0.313131,0.009,0.00244152
0.313131,0.01,0.00244152
0.313131,0.011,0.00244152
0.313131,0.012,0.00244152
0.313131,0.013,0.00244152
0.313131,0.014,0.00244152
0.313131,0.015,0.00244152
0.313131,0.016,0.00244152
0.313131,0.017,0.00244152
0.313131,0.018,0.00244152
0.313131,0.019,0.00244152
0.313131,0.02,0.00244152
0.313131,0.021,0.00244152
0.313131,0.022,0.00244152
0.313131,0.023,0.00244152
0.313131,0.024,0.00244153
0.313131,0.025,0.00244153
0.313131,0.026,0.00244153
0.313131,0.027,0.00244153
0.313131,0.028,0.00244153
0.313131,0.029,0.00244153
0.313131,0.03,0.00244153
0.313131,0.031,0.00244153
0.313131,0.032,0.00244153
0.313131,0.033,0.00244153
0.313131,0.034,0.00244153
0.313131,0.035,0.00244153
0.313131,0.036,0.00244153
0.313131,0.037,0.00244153
0.313131,0.038,0.00244153
0.313131,0.039,0.00244153
0.313131,0.04,0.00244153
0.313131,0.041,0.00244153
0.313131,0.042,0.00244153
0.313131,0.043,0.00244154
0.313131,0.044,0.00244154
0.313131,0.045,0.00244154
0.313131,0.046,0.00244154
0.313131,0.047,0.00244154
0.313131,0.048,0.00244154
0.313131,0.049,0.00244155
0.313131,0.05,0.00244155
0.313131,0.051,0.00244155
0.313131,0.052,0.00244155
0.313131,0.053,0.00244156
0.313131,0.054,0.00244156
0.313131,0.055,0.00244156
0.313131,0.056,0.00244157
0.313131,0.057,0.00244157
0.313131,0.058,0.00244157
0.313131,0.059,0.00244158
0.313131,0.06,0.00244158
0.313131,0.061,0.00244159
0.313131,0.062,0.00244159
0.313131,0.063,0.0024416
0.313131,0.064,0.0024416
0.313131,0.065,0.0024416
0.313131,0.066,0.00244161
0.313131,0.067,0.00244161
0.313131,0.068,0.00244162
0.313131,0.069,0.00244162
0.313131,0.07,0.00244163
0.313131,0.071,0.00244163
0.313131,0.072,0.00244163
0.313131,0.073,0.00244164
0.313131,0.074,0.00244164
0.313131,0.075,0.00244165
0.313131,0.076,0.00244165
0.313131,0.077,0.00244165
0.313131,0.078,0.00244166
0.313131,0.079,0.00244166
0.313131,0.08,0.00244166
0.313131,0.081,0.00244166
0.313131,0.082,0.00244167
0.313131,0.083,0.00244166
0.313131,0.084,0.00244166
0.313131,0.085,0.00244166
0.313131,0.086,0.00244167
0.313131,0.087,0.00244167
0.313131,0.088,0.00244167
0.313131,0.089,0.00244167
0.313131,0.09,0.00244166
0.313131,0.091,0.00244166
0.313131,0.092,0.00244166
0.313131,0.093,0.00244166
0.313131,0.094,0.00244165
0.313131,0.095,0.00244165
0.313131,0.096,0.00244165
0.313131,0.097,0.00244165
0.313131,0.098,0.00244164
0.313131,0.099,0.00244164
0.313131,0.1,0.00244164
0.313131,0.101,0.00244163
0.313131,0.102,0.00244163
0.313131,0.103,0.00244162
0.313131,0.104,0.00244162
0.313131,0.105,0.00244161
0.313131,0.106,0.00244161
0.313131,0.107,0.0024416
0.313131,0.108,0.0024416
0.313131,0.109,0.00244159
0.313131,0.11,0.00244159
0.313131,0.111,0.00244158
0.313131,0.112,0.00244158
0.313131,0.113,0.00244157
0.313131,0.114,0.00244157
0.313131,0.115,0.00244156
0.313131,0.116,0.00244156
0.313131,0.117,0.00244156
0.313131,0.118,0.00244155
0.313131,0.119,0.00244155
0.313131,0.12,0.00244155
0.313131,0.121,0.00244154
0.313131,0.122,0.00244154
0.313131,0.123,0.00244153
0.313131,0.124,0.00244153
0.313131,0.125,0.00244153
0.313131,0.126,0.00244153
0.313131,0.127,0.00244152
0.313131,0.128,0.00244152
0.313131,0.129,0.00244152
0.313131,0.13,0.00244152
0.313131,0.131,0.00244152
0.313131,0.132,0.00244151
0.313131,0.133,0.00244151
0.313131,0.134,0.00244151
0.313131,0.135,0.00244151
0.313131,0.136,0.00244151
0.313131,0.137,0.00244151
0.313131,0.138,0.00244151
0.313131,0.139,0.00244151
0.313131,0.14,0.00244151
0.313131,0.141,0.00244151
0.313131,0.142,0.00244151
0.313131,0.143,0.00244151
0.313131,0.144,0.00244151
0.313131,0.145,0.00244151
0.313131,0.146,0.00244151
0.313131,0.147,0.00244151
0.313131,0.148,0.00244151
0.313131,0.149,0.00244151
0.313131,0.15,0.00244151
0.323232,0.001,0.00244152
0.323232,0.002,0.00244152
0.323232,0.003,0.00244152
0.323232,0.004,0.00244152
0.323232,0.005,0.00244152
0.323232,0.006,0.00244152
0.323232,0.007,0.00244152
0.323232,0.008,0.00244152
0.323232,0.009,0.00244152
0.323232,0.01,0.00244152
0.323232,0.011,0.00244152
0.323232,0.012,0.00244152
0.323232,0.013,0.00244152
0.323232,0.014,0.00244152
0.323232,0.015,0.00244153
0.323232,0.016,0.00244152
0.323232,0.017,0.00244153
0.323232,0.018,0.00244153
0.323232,0.019,0.00244153
0.323232,0.02,0.00244153
0.323232,0.021,0.00244153
0.323232,0.022,0.00244153
0.323232,0.023,0.00244152
0.323232,0.024,0.00244152
0.323232,0.025,0.00244152
0.323232,0.026,0.00244152
0.323232,0.027,0.00244152
0.323232,0.028,0.00244152
0.323232,0.029,0.00244152
0.323232,0.03,0.00244152
0.323232,0.031,0.00244151
0.323232,0.032,0.00244151
0.323232,0.033,0.00244151
0.323232,0.034,0.00244151
0.323232,0.035,0.0024415
0.323232,0.036,0.0024415
0.323232,0.037,0.00244149
0.323232,0.038,0.00244149
0.323232,0.039,0.00244148
0.323232,0.04,0.00244147
0.323232,0.041,0.00244147
0.323232,0.042,0.00244146
0.323232,0.043,0.00244145
0.323232,0.044,0.00244144
0.323232,0.045,0.00244143
0.323232,0.046,0.00244142
0.323232,0.047,0.00244141
0.323232,0.048,0.00244139
0.323232,0.049,0.00244138
0.323232,0.05,0.00244137
0.323232,0.051,0.00244136
0.323232,0.052,0.00244134
0.323232,0.053,0.00244133
0.323232,0.054,0.00244131
0.323232,0.055,0.0024413
0.323232,0.056,0.00244128
0.323232,0.057,0.00244127
0.323232,0.058,0.00244125
0.323232,0.059,0.00244124
0.323232,0.06,0.00244122
0.323232,0.061,0.00244121
0.323232,0.062,0.0024412
0.323232,0.063,0.00244118
0.323232,0.064,0.00244117
0.323232,0.065,0.00244116
0.323232,0.066,0.00244115
0.323232,0.067,0.00244114
0.323232,0.068,0.00244112
0.323232,0.069,0.00244112
0.323232,0.07,0.00244111
0.323232,0.071,0.0024411
0.323232,0.072,0.0024411
0.323232,0.073,0.00244109
0.323232,0.074,0.00244109
0.323232,0.075,0.00244109
0.323232,0.076,0.00244109
0.323232,0.077,0.00244109
0.323232,0.078,0.00244109
0.323232,0.079,0.0024411
0.323232,0.08,0.0024411
0.323232,0.081,0.0024411
0.323232,0.082,0.00244111
0.323232,0.083,0.00244112
0.323232,0.084,0.00244113
0.323232,0.085,0.00244114
0.323232,0.086,0.00244115
0.323232,0.087,0.00244116
0.323232,0.088,0.00244117
0.323232,0.089,0.00244118
0.323232,0.09,0.0024412
0.323232,0.091,0.00244121
0.323232,0.092,0.00244123
0.323232,0.093,0.00244124
0.323232,0.094,0.00244126
0.323232,0.095,0.00244127
0.323232,0.096,0.00244129
0.323232,0.097,0.0024413
0.323232,0.098,0.00244132
0.323232,0.099,0.00244133
0.323232,0.1,0.00244135
0.323232,0.101,0.00244137
0.323232,0.102,0.00244138
0.323232,0.103,0.0024414
0.323232,0.104,0.00244141
0.323232,0.105,0.00244143
0.323232,0.106,0.00244144
0.323232,0.107,0.00244145
0.323232,0.108,0.00244146
0.323232,0.109,0.00244148
0.323232,0.11,0.00244149
0.323232,0.111,0.0024415
0.323232,0.112,0.00244151
0.323232,0.113,0.00244152
0.323232,0.114,0.00244153
0.323232,0.115,0.00244154
0.323232,0.116,0.00244154
0.323232,0.117,0.00244155
0.323232,0.118,0.00244156
0.323232,0.119,0.00244156
0.323232,0.12,0.00244157
0.323232,0.121,0.00244157
0.323232,0.122,0.00244157
0.323232,0.123,0.00244158
0.323232,0.124,0.00244158
0.323232,0.125,0.00244158
0.323232,0.126,0.00244158
0.323232,0.127,0.00244158
0.323232,0.128,0.00244159
0.323232,0.129,0.00244158
0.323232,0.13,0.00244158
0.323232,0.131,0.00244158
0.323232,0.132,0.00244158
0.323232,0.133,0.00244158
0.323232,0.134,0.00244158
0.323232,0.135,0.00244158
0.323232,0.136,0.00244157
0.323232,0.137,0.00244157
0.323232,0.138,0.00244157
0.323232,0.139,0.00244157
0.323232,0.14,0.00244156
0.323232,0.141,0.00244156
0.323232,0.142,0.00244156
0.323232,0.143,0.00244156
0.323232,0.144,0.00244155
0.323232,0.145,0.00244155
0.323232,0.146,0.00244155
0.323232,0.147,0.00244155
0.323232,0.148,0.00244154
0.323232,0.149,0.00244154
0.323232,0.15,0.00244154
0.333333,0.001,0.00244152
0.333333,0.002,0.00244152
0.333333,0.003,0.00244152
0.333333,0.004,0.00244152
0.333333,0.005,0.00244152
0.333333,0.006,0.00244152
0.333333,0.007,0.00244152
0.333333,0.008,0.00244152
0.333333,0.009,0.00244152
0.333333,0.01,0.00244152
0.333333,0.011,0.00244152
0.333333,0.012,0.00244153
0.333333,0.013,0.00244153
0.333333,0.014,0.00244153
0.333333,0.015,0.00244152
0.333333,0.016,0.00244153
0.333333,0.017,0.00244153
0.333333,0.018,0.00244153
0.333333,0.019,0.00244153
0.333333,0.02,0.00244153
0.333333,0.021,0.00244154
0.333333,0.022,0.00244154
0.333333,0.023,0.00244155
0.333333,0.024,0.00244155
0.333333,0.025,0.00244156
0.333333,0.026,0.00244157
0.333333,0.027,0.00244158
0.333333,0.028,0.00244159
0.333333,0.029,0.00244161
0.333333,0.03,0.00244163
0.333333,0.031,0.00244165
0.333333,0.032,0.00244167
0.333333,0.033,0.00244169
0.333333,0.034,0.00244172
0.333333,0.035,0.00244175
0.333333,0.036,0.00244178
0.333333,0.037,0.00244182
0.333333,0.038,0.00244185
0.333333,0.039,0.00244189
0.333333,0.04,0.00244194
0.333333,0.041,0.00244198
0.333333,0.042,0.00244202
0.333333,0.043,0.00244207
0.333333,0.044,0.00244212
0.333333,0.045,0.00244217
0.333333,0.046,0.00244222
0.333333,0.047,0.00244227
0.333333,0.048,0.00244232
0.333333,0.049,0.00244237
0.333333,0.05,0.00244242
0.333333,0.051,0.00244247
0.333333,0.052,0.00244252
0.333333,0.053,0.00244256
0.333333,0.054,0.00244261
0.333333,0.055,0.00244265
0.333333,0.056,0.00244269
0.333333,0.057,0.00244273
0.333333,0.058,0.00244276
0.333333,0.059,0.00244279
0.333333,0.06,0.00244282
0.333333,0.061,0.00244284
0.333333,0.062,0.00244286
0.333333,0.063,0.00244287
0.333333,0.064,0.00244288
0.333333,0.065,0.00244289
0.333333,0.066,0.00244289
0.333333,0.067,0.00244289
0.333333,0.068,0.00244288
0.333333,0.069,0.00244287
0.333333,0.07,0.00244286
0.333333,0.071,0.00244284
0.333333,0.072,0.00244282
0.333333,0.073,0.00244279
0.333333,0.074,0.00244276
0.333333,0.075,0.00244273
0.333333,0.076,0.00244269
0.333333,0.077,0.00244265
0.333333,0.078,0.00244261
0.333333,0.079,0.00244256
0.333333,0.08,0.00244252
0.333333,0.081,0.00244247
0.333333,0.082,0.00244242
0.333333,0.083,0.00244237
0.333333,0.084,0.00244232
0.333333,0.085,0.00244227
0.333333,0.086,0.00244221
0.333333,0.087,0.00244216
0.333333,0.088,0.00244211
0.333333,0.089,0.00244205
0.333333,0.09,0.002442
0.333333,0.091,0.00244195
0.333333,0.092,0.0024419
0.333333,0.093,0.00244185
0.333333,0.094,0.00244181
0.333333,0.095,0.00244176
0.333333,0.096,0.00244172
0.333333,0.097,0.00244168
0.333333,0.098,0.00244164
0.333333,0.099,0.0024416
0.333333,0.1,0.00244157
0.333333,0.101,0.00244154
0.333333,0.102,0.00244151
0.333333,0.103,0.00244148
0.333333,0.104,0.00244145
0.333333,0.105,0.00244143
0.333333,0.106,0.00244141
0.333333,0.107,0.00244139
0.333333,0.108,0.00244138
0.333333,0.109,0.00244136
0.333333,0.11,0.00244136
0.333333,0.111,0.00244134
0.333333,0.112,0.00244134
0.333333,0.113,0.00244133
0.333333,0.114,0.00244133
0.333333,0.115,0.00244133
0.333333,0.116,0.00244133
0.333333,0.117,0.00244133
0.333333,0.118,0.00244133
0.333333,0.119,0.00244134
0.333333,0.12,0.00244134
0.333333,0.121,0.00244135
0.333333,0.122,0.00244135
0.333333,0.123,0.00244136
0.333333,0.124,0.00244137
0.333333,0.125,0.00244138
0.333333,0.126,0.00244139
0.333333,0.127,0.0024414
0.333333,0.128,0.00244141
0.333333,0.129,0.00244141
0.333333,0.13,0.00244143
0.333333,0.131,0.00244144
0.333333,0.132,0.00244144
0.333333,0.133,0.00244145
0.333333,0.134,0.00244146
0.333333,0.135,0.00244147
0.333333,0.136,0.00244148
0.333333,0.137,0.00244149
0.333333,0.138,0.0024415
0.333333,0.139,0.0024415
0.333333,0.14,0.00244151
0.333333,0.141,0.00244152
0.333333,0.142,0.00244152
0.333333,0.143,0.00244153
0.333333,0.144,0.00244153
0.333333,0.145,0.00244154
0.333333,0.146,0.00244154
0.333333,0.147,0.00244155
0.333333,0.148,0.00244155
0.333333,0.149,0.00244155
0.333333,0.15,0.00244155
0.343434,0.001,0.00244152
0.343434,0.002,0.00244152
0.343434,0.003,0.00244152
0.343434,0.004,0.00244152
0.343434,0.005,0.00244152
0.343434,0.006,0.00244152
0.343434,0.007,0.00244153
0.343434,0.008,0.00244153
0.343434,0.009,0.00244152
0.343434,0.01,0.00244152
0.343434,0.011,0.00244152
0.343434,0.012,0.00244152
0.343434,0.013,0.00244152
0.343434,0.014,0.00244151
0.343434,0.015,0.0024415
0.343434,0.016,0.00244149
0.343434,0.017,0.00244147
0.343434,0.018,0.00244145
0.343434,0.019,0.00244142
0.343434,0.02,0.00244139
0.343434,0.021,0.00244135
0.343434,0.022,0.0024413
0.343434,0.023,0.00244124
0.343434,0.024,0.00244117
0.343434,0.025,0.00244109
0.343434,0.026,0.002441
0.343434,0.027,0.0024409
0.343434,0.028,0.00244078
0.343434,0.029,0.00244066
0.343434,0.03,0.00244053
0.343434,0.031,0.00244039
0.343434,0.032,0.00244023
0.343434,0.033,0.00244007
0.343434,0.034,0.00243991
0.343434,0.035,0.00243973
0.343434,0.036,0.00243956
0.343434,0.037,0.00243937
0.343434,0.038,0.00243919
0.343434,0.039,0.00243901
0.343434,0.04,0.00243882
0.343434,0.041,0.00243864
0.343434,0.042,0.00243846
0.343434,0.043,0.00243829
0.343434,0.044,0.00243813
0.343434,0.045,0.00243797
0.343434,0.046,0.00243782
0.343434,0.047,0.00243768
0.343434,0.048,0.00243756
0.343434,0.049,0.00243745
0.343434,0.05,0.00243735
0.343434,0.051,0.00243727
0.343434,0.052,0.0024372
0.343434,0.053,0.00243715
0.343434,0.054,0.00243711
0.343434,0.055,0.00243709
0.343434,0.056,0.00243709
0.343434,0.057,0.0024371
0.343434,0.058,0.00243713
0.343434,0.059,0.00243718
0.343434,0.06,0.00243724
0.343434,0.061,0.00243731
0.343434,0.062,0.0024374
0.343434,0.063,0.0024375
0.343434,0.064,0.00243762
0.343434,0.065,0.00243774
0.343434,0.066,0.00243788
0.343434,0.067,0.00243803
0.343434,0.068,0.00243818
0.343434,0.069,0.00243834
0.343434,0.07,0.00243851
0.343434,0.071,0.00243868
0.343434,0.072,0.00243886
0.343434,0.073,0.00243903
0.343434,0.074,0.00243922
0.343434,0.075,0.0024394
0.343434,0.076,0.00243958
0.343434,0.077,0.00243976
0.343434,0.078,0.00243993
0.343434,0.079,0.00244011
0.343434,0.08,0.00244028
0.343434,0.081,0.00244045
0.343434,0.082,0.00244061
0.343434,0.083,0.00244076
0.343434,0.084,0.00244091
0.343434,0.085,0.00244105
0.343434,0.086,0.00244118
0.343434,0.087,0.00244131
0.343434,0.088,0.00244142
0.343434,0.089,0.00244153
0.343434,0.09,0.00244163
0.343434,0.091,0.00244173
0.343434,0.092,0.00244181
0.343434,0.093,0.00244189
0.343434,0.094,0.00244195
0.343434,0.095,0.00244201
0.343434,0.096,0.00244206
0.343434,0.097,0.0024421
0.343434,0.098,0.00244214
0.343434,0.099,0.00244216
0.343434,0.1,0.00244218
0.343434,0.101,0.0024422
0.343434,0.102,0.00244221
0.343434,0.103,0.00244221
0.343434,0.104,0.00244221
0.343434,0.105,0.0024422
0.343434,0.106,0.00244218
0.343434,0.107,0.00244217
0.343434,0.108,0.00244215
0.343434,0.109,0.00244212
0.343434,0.11,0.0024421
0.343434,0.111,0.00244207
0.343434,0.112,0.00244204
0.343434,0.113,0.00244201
0.343434,0.114,0.00244197
0.343434,0.115,0.00244194
0.343434,0.116,0.00244191
0.343434,0.117,0.00244187
0.343434,0.118,0.00244184
0.343434,0.119,0.0024418
0.343434,0.12,0.00244177
0.343434,0.121,0.00244174
0.343434,0.122,0.0024417
0.343434,0.123,0.00244167
0.343434,0.124,0.00244164
0.343434,0.125,0.00244162
0.343434,0.126,0.00244159
0.343434,0.127,0.00244157
0.343434,0.128,0.00244154
0.343434,0.129,0.00244152
0.343434,0.13,0.0024415
0.343434,0.131,0.00244149
0.343434,0.132,0.00244147
0.343434,0.133,0.00244146
0.343434,0.134,0.00244145
0.343434,0.135,0.00244144
0.343434,0.136,0.00244143
0.343434,0.137,0.00244142
0.343434,0.138,0.00244142
0.343434,0.139,0.00244141
0.343434,0.14,0.00244141
0.343434,0.141,0.00244141
0.343434,0.142,0.00244141
0.343434,0.143,0.00244141
0.343434,0.144,0.00244141
0.343434,0.145,0.00244141
0.343434,0.146,0.00244142
0.343434,0.147,0.00244142
0.343434,0.148,0.00244143
0.343434,0.149,0.00244143
0.343434,0.15,0.00244144
0.353535,0.001,0.00244152
0.353535,0.002,0.00244152
0.353535,0.003,0.00244152
0.353535,0.004,0.00244152
0.353535,0.005,0.00244153
0.353535,0.006,0.00244153
0.353535,0.007,0.00244153
0.353535,0.008,0.00244154
0.353535,0.009,0.00244156
0.353535,0.01,0.00244159
0.353535,0.011,0.00244163
0.353535,0.012,0.00244169
0.353535,0.013,0.00244178
0.353535,0.014,0.0024419
0.353535,0.015,0.00244205
0.353535,0.016,0.00244223
0.353535,0.017,0.00244246
0.353535,0.018,0.00244273
0.353535,0.019,0.00244304
0.353535,0.02,0.00244339
0.353535,0.021,0.00244378
0.353535,0.022,0.00244422
0.353535,0.023,0.00244469
0.353535,0.024,0.00244519
0.353535,0.025,0.00244573
0.353535,0.026,0.00244629
0.353535,0.027,0.00244687
0.353535,0.028,0.00244747
0.353535,0.029,0.00244807
0.353535,0.03,0.00244869
0.353535,0.031,0.0024493
0.353535,0.032,0.00244991
0.353535,0.033,0.00245051
0.353535,0.034,0.00245109
0.353535,0.035,0.00245166
0.353535,0.036,0.00245219
0.353535,0.037,0.00245269
0.353535,0.038,0.00245316
0.353535,0.039,0.00245358
0.353535,0.04,0.00245396
0.353535,0.041,0.0024543
0.353535,0.042,0.00245458
0.353535,0.043,0.00245481
0.353535,0.044,0.00245498
0.353535,0.045,0.0024551
0.353535,0.046,0.00245516
0.353535,0.047,0.00245516
0.353535,0.048,0.00245511
0.353535,0.049,0.00245499
0.353535,0.05,0.00245482
0.353535,0.051,0.00245459
0.353535,0.052,0.00245431
0.353535,0.053,0.00245398
0.353535,0.054,0.00245361
0.353535,0.055,0.00245319
0.353535,0.056,0.00245272
0.353535,0.057,0.00245222
0.353535,0.058,0.00245169
0.353535,0.059,0.00245114
0.353535,0.06,0.00245056
0.353535,0.061,0.00244996
0.353535,0.062,0.00244935
0.353535,0.063,0.00244872
0.353535,0.064,0.0024481
0.353535,0.065,0.00244747
0.353535,0.066,0.00244685
0.353535,0.067,0.00244623
0.353535,0.068,0.00244563
0.353535,0.069,0.00244504
0.353535,0.07,0.00244447
0.353535,0.071,0.00244393
0.353535,0.072,0.0024434
0.353535,0.073,0.0024429
0.353535,0.074,0.00244243
0.353535,0.075,0.00244199
0.353535,0.076,0.00244158
0.353535,0.077,0.00244121
0.353535,0.078,0.00244086
0.353535,0.079,0.00244055
0.353535,0.08,0.00244026
0.353535,0.081,0.00244002
0.353535,0.082,0.0024398
0.353535,0.083,0.00243961
0.353535,0.084,0.00243945
0.353535,0.085,0.00243933
0.353535,0.086,0.00243923
0.353535,0.087,0.00243915
0.353535,0.088,0.0024391
0.353535,0.089,0.00243908
0.353535,0.09,0.00243907
0.353535,0.091,0.00243909
0.353535,0.092,0.00243912
0.353535,0.093,0.00243917
0.353535,0.094,0.00243924
0.353535,0.095,0.00243932
0.353535,0.096,0.00243941
0.353535,0.097,0.00243951
0.353535,0.098,0.00243961
0.353535,0.099,0.00243973
0.353535,0.1,0.00243985
0.353535,0.101,0.00243997
0.353535,0.102,0.0024401
0.353535,0.103,0.00244022
0.353535,0.104,0.00244035
0.353535,0.105,0.00244048
0.353535,0.106,0.0024406
0.353535,0.107,0.00244072
0.353535,0.108,0.00244084
0.353535,0.109,0.00244095
0.353535,0.11,0.00244106
0.353535,0.111,0.00244116
0.353535,0.112,0.00244126
0.353535,0.113,0.00244135
0.353535,0.114,0.00244143
0.353535,0.115,0.00244151
0.353535,0.116,0.00244158
0.353535,0.117,0.00244165
0.353535,0.118,0.0024417
0.353535,0.119,0.00244175
0.353535,0.12,0.0024418
0.353535,0.121,0.00244184
0.353535,0.122,0.00244187
0.353535,0.123,0.00244189
0.353535,0.124,0.00244191
0.353535,0.125,0.00244193
0.353535,0.126,0.00244194
0.353535,0.127,0.00244194
0.353535,0.128,0.00244195
0.353535,0.129,0.00244194
0.353535,0.13,0.00244194
0.353535,0.131,0.00244193
0.353535,0.132,0.00244192
0.353535,0.133,0.0024419
0.353535,0.134,0.00244188
0.353535,0.135,0.00244186
0.353535,0.136,0.00244184
0.353535,0.137,0.00244182
0.353535,0.138,0.0024418
0.353535,0.139,0.00244178
0.353535,0.14,0.00244175
0.353535,0.141,0.00244173
0.353535,0.142,0.00244171
0.353535,0.143,0.00244169
0.353535,0.144,0.00244166
0.353535,0.145,0.00244164
0.353535,0.146,0.00244162
0.353535,0.147,0.0024416
0.353535,0.148,0.00244158
0.353535,0.149,0.00244156
0.353535,0.15,0.00244155
0.363636,0.001,0.00244152
0.363636,0.002,0.00244152
0.363636,0.003,0.00244152
0.363636,0.004,0.00244151
0.363636,0.005,0.00244146
0.363636,0.006,0.00244135
0.363636,0.007,0.00244115
0.363636,0.008,0.00244082
0.363636,0.009,0.00244032
0.363636,0.01,0.0024396
0.363636,0.011,0.00243862
0.363636,0.012,0.00243734
0.363636,0.013,0.00243575
0.363636,0.014,0.00243382
0.363636,0.015,0.00243157
0.363636,0.016,0.00242901
0.363636,0.017,0.00242617
0.363636,0.018,0.00242311
0.363636,0.019,0.00241987
0.363636,0.02,0.00241651
0.363636,0.021,0.00241311
0.363636,0.022,0.00240971
0.363636,0.023,0.00240638
0.363636,0.024,0.00240318
0.363636,0.025,0.00240017
0.363636,0.026,0.00239738
0.363636,0.027,0.00239487
0.363636,0.028,0.00239265
0.363636,0.029,0.00239077
0.363636,0.03,0.00238922
0.363636,0.031,0.00238803
0.363636,0.032,0.0023872
0.363636,0.033,0.00238671
0.363636,0.034,0.00238657
0.363636,0.035,0.00238675
0.363636,0.036,0.00238724
0.363636,0.037,0.00238802
0.363636,0.038,0.00238906
0.363636,0.039,0.00239035
0.363636,0.04,0.00239185
0.363636,0.041,0.00239355
0.363636,0.042,0.00239541
0.363636,0.043,0.00239742
0.363636,0.044,0.00239955
0.363636,0.045,0.00240177
0.363636,0.046,0.00240407
0.363636,0.047,0.00240643
0.363636,0.048,0.00240883
0.363636,0.049,0.00241124
0.363636,0.05,0.00241366
0.363636,0.051,0.00241607
0.363636,0.052,0.00241845
0.363636,0.053,0.0024208
0.363636,0.054,0.0024231
0.363636,0.055,0.00242535
0.363636,0.056,0.00242752
0.363636,0.057,0.00242962
0.363636,0.058,0.00243164
0.363636,0.059,0.00243357
0.363636,0.06,0.00243541
0.363636,0.061,0.00243715
0.363636,0.062,0.00243878
0.363636,0.063,0.00244031
0.363636,0.064,0.00244172
0.363636,0.065,0.00244302
0.363636,0.066,0.00244421
0.363636,0.067,0.00244529
0.363636,0.068,0.00244625
0.363636,0.069,0.0024471
0.363636,0.07,0.00244783
0.363636,0.071,0.00244846
0.363636,0.072,0.00244898
0.363636,0.073,0.00244939
0.363636,0.074,0.00244971
0.363636,0.075,0.00244993
0.363636,0.076,0.00245007
0.363636,0.077,0.00245012
0.363636,0.078,0.00245009
0.363636,0.079,0.00244998
0.363636,0.08,0.00244982
0.363636,0.081,0.00244959
0.363636,0.082,0.00244931
0.363636,0.083,0.00244899
0.363636,0.084,0.00244863
0.363636,0.085,0.00244823
0.363636,0.086,0.00244781
0.363636,0.087,0.00244736
0.363636,0.088,0.0024469
0.363636,0.089,0.00244644
0.363636,0.09,0.00244597
0.363636,0.091,0.00244549
0.363636,0.092,0.00244503
0.363636,0.093,0.00244457
0.363636,0.094,0.00244412
0.363636,0.095,0.00244369
0.363636,0.096,0.00244328
0.363636,0.097,0.00244289
0.363636,0.098,0.00244252
0.363636,0.099,0.00244217
0.363636,0.1,0.00244185
0.363636,0.101,0.00244156
0.363636,0.102,0.00244129
0.363636,0.103,0.00244104
0.363636,0.104,0.00244083
0.363636,0.105,0.00244064
0.363636,0.106,0.00244047
0.363636,0.107,0.00244033
0.363636,0.108,0.00244022
0.363636,0.109,0.00244012
0.363636,0.11,0.00244005
0.363636,0.111,0.00244
0.363636,0.112,0.00243997
0.363636,0.113,0.00243995
0.363636,0.114,0.00243995
0.363636,0.115,0.00243997
0.363636,0.116,0.00244
0.363636,0.117,0.00244004
0.363636,0.118,0.00244009
0.363636,0.119,0.00244015
0.363636,0.12,0.00244022
0.363636,0.121,0.0024403
0.363636,0.122,0.00244038
0.363636,0.123,0.00244046
0.363636,0.124,0.00244054
0.363636,0.125,0.00244063
0.363636,0.126,0.00244072
0.363636,0.127,0.00244081
0.363636,0.128,0.00244089
0.363636,0.129,0.00244098
0.363636,0.13,0.00244106
0.363636,0.131,0.00244114
0.363636,0.132,0.00244122
0.363636,0.133,0.00244129
0.363636,0.134,0.00244136
0.363636,0.135,0.00244142
0.363636,0.136,0.00244148
0.363636,0.137,0.00244153
0.363636,0.138,0.00244158
0.363636,0.139,0.00244162
0.363636,0.14,0.00244166
0.363636,0.141,0.0024417
0.363636,0.142,0.00244173
0.363636,0.143,0.00244175
0.363636,0.144,0.00244177
0.363636,0.145,0.00244179
0.363636,0.146,0.0024418
0.363636,0.147,0.00244181
0.363636,0.148,0.00244181
0.363636,0.149,0.00244181
0.363636,0.15,0.00244181
0.373737,0.001,0.00244152
0.373737,0.002,0.00244152
0.373737,0.003,0.00244206
0.373737,0.004,0.0024432
0.373737,0.005,0.00244487
0.373737,0.006,0.00244676
0.373737,0.007,0.00244839
0.373737,0.008,0.00244918
0.373737,0.009,0.00244867
0.373737,0.01,0.00244674
0.373737,0.011,0.00244371
0.373737,0.012,0.0024403
0.373737,0.013,0.00243737
0.373737,0.014,0.00243571
0.373737,0.015,0.00243582
0.373737,0.016,0.00243789
0.373737,0.017,0.00244188
0.373737,0.018,0.0024476
0.373737,0.019,0.00245477
0.373737,0.02,0.00246311
0.373737,0.021,0.00247234
0.373737,0.022,0.00248217
0.373737,0.023,0.00249233
0.373737,0.024,0.00250252
0.373737,0.025,0.00251247
0.373737,0.026,0.00252188
0.373737,0.027,0.00253049
0.373737,0.028,0.00253805
0.373737,0.029,0.00254437
0.373737,0.03,0.00254929
0.373737,0.031,0.00255271
0.373737,0.032,0.00255456
0.373737,0.033,0.00255483
0.373737,0.034,0.00255356
0.373737,0.035,0.00255083
0.373737,0.036,0.00254672
0.373737,0.037,0.00254138
0.373737,0.038,0.00253495
0.373737,0.039,0.00252762
0.373737,0.04,0.00251955
0.373737,0.041,0.00251094
0.373737,0.042,0.00250197
0.373737,0.043,0.00249282
0.373737,0.044,0.00248365
0.373737,0.045,0.00247462
0.373737,0.046,0.00246587
0.373737,0.047,0.00245749
0.373737,0.048,0.0024496
0.373737,0.049,0.00244226
0.373737,0.05,0.00243553
0.373737,0.051,0.00242944
0.373737,0.052,0.00242401
0.373737,0.053,0.00241926
0.373737,0.054,0.00241516
0.373737,0.055,0.00241171
0.373737,0.056,0.00240889
0.373737,0.057,0.00240665
0.373737,0.058,0.00240496
0.373737,0.059,0.00240378
0.373737,0.06,0.00240307
0.373737,0.061,0.00240278
0.373737,0.062,0.00240288
0.373737,0.063,0.00240333
0.373737,0.064,0.00240407
0.373737,0.065,0.00240507
0.373737,0.066,0.00240629
0.373737,0.067,0.00240771
0.373737,0.068,0.00240928
0.373737,0.069,0.00241097
0.373737,0.07,0.00241277
0.373737,0.071,0.00241464
0.373737,0.072,0.00241657
0.373737,0.073,0.00241852
0.373737,0.074,0.00242049
0.373737,0.075,0.00242245
0.373737,0.076,0.00242439
0.373737,0.077,0.0024263
0.373737,0.078,0.00242816
0.373737,0.079,0.00242997
0.373737,0.08,0.00243171
0.373737,0.081,0.00243338
0.373737,0.082,0.00243496
0.373737,0.083,0.00243646
0.373737,0.084,0.00243787
0.373737,0.085,0.00243918
0.373737,0.086,0.0024404
0.373737,0.087,0.00244151
0.373737,0.088,0.00244253
0.373737,0.089,0.00244344
0.373737,0.09,0.00244425
0.373737,0.091,0.00244496
0.373737,0.092,0.00244557
0.373737,0.093,0.00244609
0.373737,0.094,0.00244652
0.373737,0.095,0.00244686
0.373737,0.096,0.00244712
0.373737,0.097,0.0024473
0.373737,0.098,0.0024474
0.373737,0.099,0.00244744
0.373737,0.1,0.00244742
0.373737,0.101,0.00244734
0.373737,0.102,0.00244721
0.373737,0.103,0.00244703
0.373737,0.104,0.00244681
0.373737,0.105,0.00244657
0.373737,0.106,0.00244629
0.373737,0.107,0.00244599
0.373737,0.108,0.00244567
0.373737,0.109,0.00244534
0.373737,0.11,0.002445
0.373737,0.111,0.00244466
0.373737,0.112,0.00244432
0.373737,0.113,0.00244398
0.373737,0.114,0.00244365
0.373737,0.115,0.00244332
0.373737,0.116,0.00244301
0.373737,0.117,0.00244271
0.373737,0.118,0.00244243
0.373737,0.119,0.00244216
0.373737,0.12,0.00244192
0.373737,0.121,0.00244169
0.373737,0.122,0.00244148
0.373737,0.123,0.00244129
0.373737,0.124,0.00244112
0.373737,0.125,0.00244097
0.373737,0.126,0.00244084
0.373737,0.127,0.00244073
0.373737,0.128,0.00244064
0.373737,0.129,0.00244056
0.373737,0.13,0.0024405
0.373737,0.131,0.00244046
0.373737,0.132,0.00244043
0.373737,0.133,0.00244041
0.373737,0.134,0.00244041
0.373737,0.135,0.00244042
0.373737,0.136,0.00244044
0.373737,0.137,0.00244047
0.373737,0.138,0.0024405
0.373737,0.139,0.00244054
0.373737,0.14,0.0024406
0.373737,0.141,0.00244065
0.373737,0.142,0.00244071
0.373737,0.143,0.00244077
0.373737,0.144,0.00244083
0.373737,0.145,0.00244089
0.373737,0.146,0.00244096
0.373737,0.147,0.00244102
0.373737,0.148,0.00244108
0.373737,0.149,0.00244115
0.373737,0.15,0.0024412
0.383838,0.001,0.00244152
0.383838,0.002,0.00237987
0.383838,0.003,0.0022359
0.383838,0.004,0.00202963
0.383838,0.005,0.00178954
0.383838,0.006,0.00154704
0.383838,0.007,0.0013306
0.383838,0.008,0.0011613
0.383838,0.009,0.00105086
0.383838,0.01,0.00100168
0.383838,0.011,0.00100806
0.383838,0.012,0.00105818
0.383838,0.013,0.00113694
0.383838,0.014,0.00122968
0.383838,0.015,0.00132521
0.383838,0.016,0.00141693
0.383838,0.017,0.00150234
0.383838,0.018,0.00158143
0.383838,0.019,0.00165527
0.383838,0.02,0.00172492
0.383838,0.021,0.00179093
0.383838,0.022,0.00185324
0.383838,0.023,0.00191128
0.383838,0.024,0.0019643
0.383838,0.025,0.00201166
0.383838,0.026,0.00205303
0.383838,0.027,0.00208853
0.383838,0.028,0.00211866
0.383838,0.029,0.00214424
0.383838,0.03,0.00216621
0.383838,0.031,0.00218554
0.383838,0.032,0.00220316
0.383838,0.033,0.00221985
0.383838,0.034,0.00223627
0.383838,0.035,0.00225294
0.383838,0.036,0.00227024
0.383838,0.037,0.00228837
0.383838,0.038,0.00230741
0.383838,0.039,0.00232729
0.383838,0.04,0.00234785
0.383838,0.041,0.00236879
0.383838,0.042,0.0023898
0.383838,0.043,0.00241051
0.383838,0.044,0.00243055
0.383838,0.045,0.00244958
0.383838,0.046,0.00246726
0.383838,0.047,0.00248334
0.383838,0.048,0.00249759
0.383838,0.049,0.00250985
0.383838,0.05,0.00252001
0.383838,0.051,0.00252804
0.383838,0.052,0.00253393
0.383838,0.053,0.00253774
0.383838,0.054,0.00253959
0.383838,0.055,0.0025396
0.383838,0.056,0.00253794
0.383838,0.057,0.00253481
0.383838,0.058,0.00253041
0.383838,0.059,0.00252495
0.383838,0.06,0.00251864
0.383838,0.061,0.00251169
0.383838,0.062,0.0025043
0.383838,0.063,0.00249664
0.383838,0.064,0.00248889
0.383838,0.065,0.00248118
0.383838,0.066,0.00247364
0.383838,0.067,0.00246638
0.383838,0.068,0.00245949
0.383838,0.069,0.00245302
0.383838,0.07,0.00244704
0.383838,0.071,0.00244158
0.383838,0.072,0.00243665
0.383838,0.073,0.00243227
0.383838,0.074,0.00242844
0.383838,0.075,0.00242513
0.383838,0.076,0.00242234
0.383838,0.077,0.00242005
0.383838,0.078,0.00241822
0.383838,0.079,0.00241683
0.383838,0.08,0.00241583
0.383838,0.081,0.00241521
0.383838,0.082,0.00241492
0.383838,0.083,0.00241492
0.383838,0.084,0.0024152
0.383838,0.085,0.00241571
0.383838,0.086,0.00241643
0.383838,0.087,0.00241732
0.383838,0.088,0.00241836
0.383838,0.089,0.00241952
0.383838,0.09,0.00242078
0.383838,0.091,0.00242212
0.383838,0.092,0.00242351
0.383838,0.093,0.00242494
0.383838,0.094,0.00242639
0.383838,0.095,0.00242785
0.383838,0.096,0.0024293
0.383838,0.097,0.00243072
0.383838,0.098,0.00243212
0.383838,0.099,0.00243347
0.383838,0.1,0.00243477
0.383838,0.101,0.00243602
0.383838,0.102,0.0024372
0.383838,0.103,0.00243831
0.383838,0.104,0.00243935
0.383838,0.105,0.00244032
0.383838,0.106,0.0024412
0.383838,0.107,0.00244201
0.383838,0.108,0.00244273
0.383838,0.109,0.00244338
0.383838,0.11,0.00244394
0.383838,0.111,0.00244443
0.383838,0.112,0.00244485
0.383838,0.113,0.00244519
0.383838,0.114,0.00244546
0.383838,0.115,0.00244567
0.383838,0.116,0.00244581
0.383838,0.117,0.0024459
0.383838,0.118,0.00244593
0.383838,0.119,0.00244592
0.383838,0.12,0.00244586
0.383838,0.121,0.00244576
0.383838,0.122,0.00244563
0.383838,0.123,0.00244547
0.383838,0.124,0.00244528
0.383838,0.125,0.00244507
0.383838,0.126,0.00244484
0.383838,0.127,0.0024446
0.383838,0.128,0.00244435
0.383838,0.129,0.0024441
0.383838,0.13,0.00244384
0.383838,0.131,0.00244358
0.383838,0.132,0.00244332
0.383838,0.133,0.00244307
0.383838,0.134,0.00244283
0.383838,0.135,0.00244259
0.383838,0.136,0.00244237
0.383838,0.137,0.00244216
0.383838,0.138,0.00244196
0.383838,0.139,0.00244178
0.383838,0.14,0.00244161
0.383838,0.141,0.00244145
0.383838,0.142,0.00244132
0.383838,0.143,0.00244119
0.383838,0.144,0.00244108
0.383838,0.145,0.00244099
0.383838,0.146,0.00244091
0.383838,0.147,0.00244084
0.383838,0.148,0.00244079
0.383838,0.149,0.00244075
0.383838,0.15,0.00244072
0.393939,0.001,0.000295188
0.393939,0.002,9.62529e-05
0.393939,0.003,4.22026e-05
0.393939,0.004,0.000128742
0.393939,0.005,0.00034944
0.393939,0.006,0.000691936
0.393939,0.007,0.00113387
0.393939,0.008,0.00164065
0.393939,0.009,0.00216605
0.393939,0.01,0.00265599
0.393939,0.011,0.00305509
0.393939,0.012,0.00331673
0.393939,0.013,0.00341356
0.393939,0.014,0.00334337
0.393939,0.015,0.0031279
0.393939,0.016,0.00280586
0.393939,0.017,0.00242292
0.393939,0.018,0.00202234
0.393939,0.019,0.00163876
0.393939,0.02,0.00129583
0.393939,0.021,0.00100666
0.393939,0.022,0.000776079
0.393939,0.023,0.000603293
0.393939,0.024,0.000484451
0.393939,0.025,0.00041442
0.393939,0.026,0.000387655
0.393939,0.027,0.000398341
0.393939,0.028,0.000440317
0.393939,0.029,0.000507232
0.393939,0.03,0.000593022
0.393939,0.031,0.000692496
0.393939,0.032,0.000801651
0.393939,0.033,0.000917505
0.393939,0.034,0.00103766
0.393939,0.035,0.00115979
0.393939,0.036,0.00128146
0.393939,0.037,0.00140006
0.393939,0.038,0.00151314
0.393939,0.039,0.00161859
0.393939,0.04,0.00171491
0.393939,0.041,0.00180126
0.393939,0.042,0.00187745
0.393939,0.043,0.00194383
0.393939,0.044,0.00200114
0.393939,0.045,0.00205037
0.393939,0.046,0.00209266
0.393939,0.047,0.00212917
0.393939,0.048,0.00216105
0.393939,0.049,0.00218934
0.393939,0.05,0.00221499
0.393939,0.051,0.00223874
0.393939,0.052,0.00226122
0.393939,0.053,0.00228288
0.393939,0.054,0.00230401
0.393939,0.055,0.00232476
0.393939,0.056,0.00234519
0.393939,0.057,0.00236523
0.393939,0.058,0.00238479
0.393939,0.059,0.00240371
0.393939,0.06,0.0024218
0.393939,0.061,0.00243887
0.393939,0.062,0.00245474
0.393939,0.063,0.00246924
0.393939,0.064,0.00248223
0.393939,0.065,0.0024936
0.393939,0.066,0.00250327
0.393939,0.067,0.00251121
0.393939,0.068,0.00251742
0.393939,0.069,0.00252194
0.393939,0.07,0.00252482
0.393939,0.071,0.00252616
0.393939,0.072,0.00252608
0.393939,0.073,0.00252471
0.393939,0.074,0.00252221
0.393939,0.075,0.00251872
0.393939,0.076,0.00251441
0.393939,0.077,0.00250943
0.393939,0.078,0.00250393
0.393939,0.079,0.00249807
0.393939,0.08,0.00249197
0.393939,0.081,0.00248577
0.393939,0.082,0.00247956
0.393939,0.083,0.00247345
0.393939,0.084,0.00246752
0.393939,0.085,0.00246184
0.393939,0.086,0.00245646
0.393939,0.087,0.00245143
0.393939,0.088,0.00244677
0.393939,0.089,0.00244252
0.393939,0.09,0.00243868
0.393939,0.091,0.00243526
0.393939,0.092,0.00243226
0.393939,0.093,0.00242966
0.393939,0.094,0.00242745
0.393939,0.095,0.00242562
0.393939,0.096,0.00242415
0.393939,0.097,0.00242301
0.393939,0.098,0.00242219
0.393939,0.099,0.00242165
0.393939,0.1,0.00242137
0.393939,0.101,0.00242133
0.393939,0.102,0.0024215
0.393939,0.103,0.00242186
0.393939,0.104,0.00242238
0.393939,0.105,0.00242304
0.393939,0.106,0.00242382
0.393939,0.107,0.0024247
0.393939,0.108,0.00242567
0.393939,0.109,0.00242669
0.393939,0.11,0.00242777
0.393939,0.111,0.00242887
0.393939,0.112,0.00243
0.393939,0.113,0.00243113
0.393939,0.114,0.00243225
0.393939,0.115,0.00243336
0.393939,0.116,0.00243445
0.393939,0.117,0.0024355
0.393939,0.118,0.00243651
0.393939,0.119,0.00243747
0.393939,0.12,0.00243839
0.393939,0.121,0.00243925
0.393939,0.122,0.00244004
0.393939,0.123,0.00244078
0.393939,0.124,0.00244146
0.393939,0.125,0.00244208
0.393939,0.126,0.00244263
0.393939,0.127,0.00244311
0.393939,0.128,0.00244354
0.393939,0.129,0.0024439
0.393939,0.13,0.00244421
0.393939,0.131,0.00244446
0.393939,0.132,0.00244465
0.393939,0.133,0.00244479
0.393939,0.134,0.00244489
0.393939,0.135,0.00244494
0.393939,0.136,0.00244496
0.393939,0.137,0.00244493
0.393939,0.138,0.00244488
0.393939,0.139,0.00244479
0.393939,0.14,0.00244468
0.393939,0.141,0.00244454
0.393939,0.142,0.00244439
0.393939,0.143,0.00244422
0.393939,0.144,0.00244404
0.393939,0.145,0.00244384
0.393939,0.146,0.00244365
0.393939,0.147,0.00244345
0.393939,0.148,0.00244324
0.393939,0.149,0.00244304
0.393939,0.15,0.00244285
0.40404,0.001,0.00514173
0.40404,0.002,0.00425529
0.40404,0.003,0.00337653
0.40404,0.004,0.00254528
0.40404,0.005,0.00178232
0.40404,0.006,0.00109954
0.40404,0.007,0.00050242
0.40404,0.008,-1.00976e-05
0.40404,0.009,-0.000445055
0.40404,0.01,-0.000810663
0.40404,0.011,-0.00110767
0.40404,0.012,-0.00132784
0.40404,0.013,-0.00146381
0.40404,0.014,-0.0015154
0.40404,0.015,-0.00148651
0.40404,0.016,-0.00138003
0.40404,0.017,-0.00119554
0.40404,0.018,-0.000929943
0.40404,0.019,-0.000580319
0.40404,0.02,-0.000147917
0.40404,0.021,0.000357758
0.40404,0.022,0.000916425
0.40404,0.023,0.00149772
0.40404,0.024,0.00206496
0.40404,0.025,0.00257982
0.40404,0.026,0.00300611
0.40404,0.027,0.0033129
0.40404,0.028,0.0034782
0.40404,0.029,0.00349357
0.40404,0.03,0.00336797
0.40404,0.031,0.00312825
0.40404,0.032,0.00281415
0.40404,0.033,0.00246908
0.40404,0.034,0.00213072
0.40404,0.035,0.00182529
0.40404,0.036,0.00156676
0.40404,0.037,0.00135933
0.40404,0.038,0.001201
0.40404,0.039,0.00108662
0.40404,0.04,0.00101002
0.40404,0.041,0.000965204
0.40404,0.042,0.00094696
0.40404,0.043,0.000951076
0.40404,0.044,0.000974263
0.40404,0.045,0.00101388
0.40404,0.046,0.00106758
0.40404,0.047,0.00113305
0.40404,0.048,0.00120781
0.40404,0.049,0.00128924
0.40404,0.05,0.00137465
0.40404,0.051,0.00146147
0.40404,0.052,0.0015474
0.40404,0.053,0.0016305
0.40404,0.054,0.00170929
0.40404,0.055,0.00178273
0.40404,0.056,0.00185019
0.40404,0.057,0.00191142
0.40404,0.058,0.00196648
0.40404,0.059,0.00201568
0.40404,0.06,0.00205951
0.40404,0.061,0.00209856
0.40404,0.062,0.00213349
0.40404,0.063,0.00216497
0.40404,0.064,0.00219362
0.40404,0.065,0.00222001
0.40404,0.066,0.0022446
0.40404,0.067,0.00226779
0.40404,0.068,0.00228987
0.40404,0.069,0.00231104
0.40404,0.07,0.00233142
0.40404,0.071,0.00235106
0.40404,0.072,0.00236994
0.40404,0.073,0.00238804
0.40404,0.074,0.00240526
0.40404,0.075,0.00242151
0.40404,0.076,0.00243668
0.40404,0.077,0.00245069
0.40404,0.078,0.00246343
0.40404,0.079,0.00247482
0.40404,0.08,0.00248482
0.40404,0.081,0.00249338
0.40404,0.082,0.00250049
0.40404,0.083,0.00250618
0.40404,0.084,0.00251046
0.40404,0.085,0.0025134
0.40404,0.086,0.00251507
0.40404,0.087,0.00251557
0.40404,0.088,0.00251499
0.40404,0.089,0.00251345
0.40404,0.09,0.00251105
0.40404,0.091,0.00250794
0.40404,0.092,0.00250422
0.40404,0.093,0.00250001
0.40404,0.094,0.00249542
0.40404,0.095,0.00249057
0.40404,0.096,0.00248555
0.40404,0.097,0.00248046
0.40404,0.098,0.00247536
0.40404,0.099,0.00247035
0.40404,0.1,0.00246547
0.40404,0.101,0.00246079
0.40404,0.102,0.00245633
0.40404,0.103,0.00245214
0.40404,0.104,0.00244825
0.40404,0.105,0.00244466
0.40404,0.106,0.00244139
0.40404,0.107,0.00243846
0.40404,0.108,0.00243585
0.40404,0.109,0.00243356
0.40404,0.11,0.0024316
0.40404,0.111,0.00242993
0.40404,0.112,0.00242856
0.40404,0.113,0.00242746
0.40404,0.114,0.00242661
0.40404,0.115,0.00242601
0.40404,0.116,0.00242563
0.40404,0.117,0.00242545
0.40404,0.118,0.00242545
0.40404,0.119,0.00242562
0.40404,0.12,0.00242593
0.40404,0.121,0.00242637
0.40404,0.122,0.00242692
0.40404,0.123,0.00242756
0.40404,0.124,0.00242828
0.40404,0.125,0.00242906
0.40404,0.126,0.00242989
0.40404,0.127,0.00243075
0.40404,0.128,0.00243164
0.40404,0.129,0.00243255
0.40404,0.13,0.00243345
0.40404,0.131,0.00243435
0.40404,0.132,0.00243523
0.40404,0.133,0.0024361
0.40404,0.134,0.00243693
0.40404,0.135,0.00243773
0.40404,0.136,0.00243849
0.40404,0.137,0.00243922
0.40404,0.138,0.00243989
0.40404,0.139,0.00244052
0.40404,0.14,0.0024411
0.40404,0.141,0.00244162
0.40404,0.142,0.0024421
0.40404,0.143,0.00244253
0.40404,0.144,0.0024429
0.40404,0.145,0.00244323
0.40404,0.146,0.00244351
0.40404,0.147,0.00244374
0.40404,0.148,0.00244393
0.40404,0.149,0.00244407
0.40404,0.15,0.00244417
0.414141,0.001,0.000686799
0.414141,0.002,-0.00015297
0.414141,0.003,-0.000891785
0.414141,0.004,-0.00150469
0.414141,0.005,-0.00192876
0.414141,0.006,-0.00204564
0.414141,0.007,-0.00167706
0.414141,0.008,-0.000646347
0.414141,0.009,0.00101933
0.414141,0.01,0.00287137
0.414141,0.011,0.00426779
0.414141,0.012,0.00491951
0.414141,0.013,0.0049532
0.414141,0.014,0.00460765
0.414141,0.015,0.00406321
0.414141,0.016,0.00342703
0.414141,0.017,0.00275869
0.414141,0.018,0.00209163
0.414141,0.019,0.00144576
0.414141,0.02,0.000835181
0.414141,0.021,0.000273886
0.414141,0.022,-0.000221265
0.414141,0.023,-0.000632636
0.414141,0.024,-0.00094653
0.414141,0.025,-0.00115547
0.414141,0.026,-0.00125731
0.414141,0.027,-0.00125335
0.414141,0.028,-0.00114693
0.414141,0.029,-0.000942885
0.414141,0.03,-0.00064775
0.414141,0.031,-0.000270768
0.414141,0.032,0.000174749
0.414141,0.033,0.000670454
0.414141,0.034,0.0011933
0.414141,0.035,0.00171717
0.414141,0.036,0.002215
0.414141,0.037,0.00266047
0.414141,0.038,0.00302951
0.414141,0.039,0.00330192
0.414141,0.04,0.00346367
0.414141,0.041,0.00350967
0.414141,0.042,0.00344597
0.414141,0.043,0.00328998
0.414141,0.044,0.00306766
0.414141,0.045,0.00280838
0.414141,0.046,0.00253932
0.414141,0.047,0.00228153
0.414141,0.048,0.00204849
0.414141,0.049,0.00184691
0.414141,0.05,0.00167851
0.414141,0.051,0.00154196
0.414141,0.052,0.0014345
0.414141,0.053,0.001353
0.414141,0.054,0.00129458
0.414141,0.055,0.00125681
0.414141,0.056,0.00123769
0.414141,0.057,0.00123548
0.414141,0.058,0.00124849
0.414141,0.059,0.00127494
0.414141,0.06,0.00131291
0.414141,0.061,0.00136033
0.414141,0.062,0.00141506
0.414141,0.063,0.001475
0.414141,0.064,0.00153816
0.414141,0.065,0.00160274
0.414141,0.066,0.00166718
0.414141,0.067,0.00173017
0.414141,0.068,0.0017907
0.414141,0.069,0.00184803
0.414141,0.07,0.00190166
0.414141,0.071,0.00195135
0.414141,0.072,0.00199705
0.414141,0.073,0.00203887
0.414141,0.074,0.00207707
0.414141,0.075,0.00211196
0.414141,0.076,0.00214392
0.414141,0.077,0.00217332
0.414141,0.078,0.00220053
0.414141,0.079,0.0022259
0.414141,0.08,0.00224971
0.414141,0.081,0.0022722
0.414141,0.082,0.00229357
0.414141,0.083,0.00231394
0.414141,0.084,0.00233339
0.414141,0.085,0.00235198
0.414141,0.086,0.00236971
0.414141,0.087,0.00238655
0.414141,0.088,0.00240246
0.414141,0.089,0.00241741
0.414141,0.09,0.00243131
0.414141,0.091,0.00244411
0.414141,0.092,0.00245577
0.414141,0.093,0.00246624
0.414141,0.094,0.00247549
0.414141,0.095,0.0024835
0.414141,0.096,0.00249027
0.414141,0.097,0.00249582
0.414141,0.098,0.00250018
0.414141,0.099,0.0025034
0.414141,0.1,0.00250552
0.414141,0.101,0.00250663
0.414141,0.102,0.0025068
0.414141,0.103,0.00250612
0.414141,0.104,0.00250468
0.414141,0.105,0.00250257
0.414141,0.106,0.0024999
0.414141,0.107,0.00249674
0.414141,0.108,0.0024932
0.414141,0.109,0.00248936
0.414141,0.11,0.0024853
0.414141,0.111,0.00248111
0.414141,0.112,0.00247685
0.414141,0.113,0.00247258
0.414141,0.114,0.00246836
0.414141,0.115,0.00246425
0.414141,0.116,0.00246028
0.414141,0.117,0.00245648
0.414141,0.118,0.00245289
0.414141,0.119,0.00244953
0.414141,0.12,0.00244641
0.414141,0.121,0.00244355
0.414141,0.122,0.00244095
0.414141,0.123,0.00243861
0.414141,0.124,0.00243654
0.414141,0.125,0.00243472
0.414141,0.126,0.00243316
0.414141,0.127,0.00243184
0.414141,0.128,0.00243075
0.414141,0.129,0.00242989
0.414141,0.13,0.00242922
0.414141,0.131,0.00242875
0.414141,0.132,0.00242846
0.414141,0.133,0.00242832
0.414141,0.134,0.00242834
0.414141,0.135,0.00242848
0.414141,0.136,0.00242874
0.414141,0.137,0.0024291
0.414141,0.138,0.00242956
0.414141,0.139,0.00243008
0.414141,0.14,0.00243067
0.414141,0.141,0.00243131
0.414141,0.142,0.00243199
0.414141,0.143,0.0024327
0.414141,0.144,0.00243343
0.414141,0.145,0.00243417
0.414141,0.146,0.00243491
0.414141,0.147,0.00243564
0.414141,0.148,0.00243636
0.414141,0.149,0.00243707
0.414141,0.15,0.00243775
0.424242,0.001,0.0006868
0.424242,0.002,0.0006868
0.424242,0.003,0.000646644
0.424242,0.004,0.000581821
0.424242,0.005,0.000501014
0.424242,0.006,0.000406991
0.424242,0.007,0.000295341
0.424242,0.008,0.000151695
0.424242,0.009,-4.93401e-05
0.424242,0.01,-0.00033477
0.424242,0.011,-0.000708755
0.424242,0.012,-0.00113645
0.424242,0.013,-0.00155882
0.424242,0.014,-0.00191131
0.424242,0.015,-0.00212281
0.424242,0.016,-0.00210557
0.424242,0.017,-0.00175358
0.424242,0.018,-0.000969402
0.424242,0.019,0.000258813
0.424242,0.02,0.0017549
0.424242,0.021,0.00316212
0.424242,0.022,0.00415157
0.424242,0.023,0.00461698
0.424242,0.024,0.00464309
0.424242,0.025,0.00437109
0.424242,0.026,0.00391991
0.424242,0.027,0.00337068
0.424242,0.028,0.00277503
0.424242,0.029,0.00216588
0.424242,0.03,0.00156551
0.424242,0.031,0.000991371
0.424242,0.032,0.000460167
0.424242,0.033,-1.10103e-05
0.424242,0.034,-0.000406577
0.424242,0.035,-0.000714954
0.424242,0.036,-0.000929219
0.424242,0.037,-0.00104619
0.424242,0.038,-0.00106525
0.424242,0.039,-0.000987612
0.424242,0.04,-0.000816339
0.424242,0.041,-0.000556846
0.424242,0.042,-0.000217905
0.424242,0.043,0.000187456
0.424242,0.044,0.00064174
0.424242,0.045,0.00112391
0.424242,0.046,0.00161107
0.424242,0.047,0.00208024
0.424242,0.048,0.00250952
0.424242,0.049,0.00287909
0.424242,0.05,0.00317213
0.424242,0.051,0.00337612
0.424242,0.052,0.00348462
0.424242,0.053,0.00349882
0.424242,0.054,0.00342818
0.424242,0.055,0.00328934
0.424242,0.056,0.00310323
0.424242,0.057,0.00289135
0.424242,0.058,0.00267249
0.424242,0.059,0.00246083
0.424242,0.06,0.00226546
0.424242,0.061,0.00209115
0.424242,0.062,0.00193955
0.424242,0.063,0.00181036
0.424242,0.064,0.00170241
0.424242,0.065,0.00161424
0.424242,0.066,0.00154446
0.424242,0.067,0.00149186
0.424242,0.068,0.00145534
0.424242,0.069,0.00143383
0.424242,0.07,0.00142615
0.424242,0.071,0.00143101
0.424242,0.072,0.00144694
0.424242,0.073,0.0014724
0.424242,0.074,0.00150576
0.424242,0.075,0.0015454
0.424242,0.076,0.00158977
0.424242,0.077,0.00163738
0.424242,0.078,0.0016869
0.424242,0.079,0.00173715
0.424242,0.08,0.00178711
0.424242,0.081,0.00183597
0.424242,0.082,0.00188308
0.424242,0.083,0.00192798
0.424242,0.084,0.00197039
0.424242,0.085,0.00201016
0.424242,0.086,0.00204728
0.424242,0.087,0.00208182
0.424242,0.088,0.00211393
0.424242,0.089,0.0021438
0.424242,0.09,0.00217165
0.424242,0.091,0.00219771
0.424242,0.092,0.00222217
0.424242,0.093,0.00224523
0.424242,0.094,0.00226705
0.424242,0.095,0.00228777
0.424242,0.096,0.00230749
0.424242,0.097,0.00232627
0.424242,0.098,0.00234416
0.424242,0.099,0.00236117
0.424242,0.1,0.0023773
0.424242,0.101,0.00239253
0.424242,0.102,0.00240683
0.424242,0.103,0.00242018
0.424242,0.104,0.00243254
0.424242,0.105,0.00244387
0.424242,0.106,0.00245414
0.424242,0.107,0.00246334
0.424242,0.108,0.00247145
0.424242,0.109,0.00247848
0.424242,0.11,0.00248444
0.424242,0.111,0.00248934
0.424242,0.112,0.00249323
0.424242,0.113,0.00249615
0.424242,0.114,0.00249814
0.424242,0.115,0.00249927
0.424242,0.116,0.0024996
0.424242,0.117,0.00249921
0.424242,0.118,0.00249817
0.424242,0.119,0.00249655
0.424242,0.12,0.00249444
0.424242,0.121,0.0024919
0.424242,0.122,0.00248902
0.424242,0.123,0.00248586
0.424242,0.124,0.00248249
0.424242,0.125,0.00247898
0.424242,0.126,0.00247538
0.424242,0.127,0.00247175
0.424242,0.128,0.00246813
0.424242,0.129,0.00246457
0.424242,0.13,0.0024611
0.424242,0.131,0.00245776
0.424242,0.132,0.00245457
0.424242,0.133,0.00245155
0.424242,0.134,0.00244873
0.424242,0.135,0.0024461
0.424242,0.136,0.00244369
0.424242,0.137,0.00244149
0.424242,0.138,0.00243951
0.424242,0.139,0.00243774
0.424242,0.14,0.00243619
0.424242,0.141,0.00243485
0.424242,0.142,0.00243371
0.424242,0.143,0.00243276
0.424242,0.144,0.00243199
0.424242,0.145,0.00243139
0.424242,0.146,0.00243095
0.424242,0.147,0.00243067
0.424242,0.148,0.00243052
0.424242,0.149,0.00243049
0.424242,0.15,0.00243057
0.434343,0.001,0.0006868
0.434343,0.002,0.0006868
0.434343,0.003,0.0006868
0.434343,0.004,0.000684535
0.434343,0.005,0.000678715
0.434343,0.006,0.000668621
0.434343,0.007,0.00065375
0.434343,0.008,0.000633445
0.434343,0.009,0.000606472
0.434343,0.01,0.000570702
0.434343,0.011,0.0005235
0.434343,0.012,0.000463048
0.434343,0.013,0.000389428
0.434343,0.014,0.000303957
0.434343,0.015,0.0002075
0.434343,0.016,9.88921e-05
0.434343,0.017,-2.65338e-05
0.434343,0.018,-0.000178231
0.434343,0.019,-0.000370435
0.434343,0.02,-0.000618113
0.434343,0.021,-0.000926688
0.434343,0.022,-0.00128066
0.434343,0.023,-0.00164236
0.434343,0.024,-0.00196056
0.434343,0.025,-0.00217585
0.434343,0.026,-0.0022185
0.434343,0.027,-0.00200645
0.434343,0.028,-0.00145596
0.434343,0.029,-0.000520148
0.434343,0.03,0.000742136
0.434343,0.031,0.00211797
0.434343,0.032,0.00330859
0.434343,0.033,0.00409794
0.434343,0.034,0.0044451
0.434343,0.035,0.004431
0.434343,0.036,0.00416726
0.434343,0.037,0.00374775
0.434343,0.038,0.00323885
0.434343,0.039,0.00268481
0.434343,0.04,0.00211536
0.434343,0.041,0.00155194
0.434343,0.042,0.00101239
0.434343,0.043,0.000513702
0.434343,0.044,7.2216e-05
0.434343,0.045,-0.000298107
0.434343,0.046,-0.000587174
0.434343,0.047,-0.000788781
0.434343,0.048,-0.000899755
0.434343,0.049,-0.000919067
0.434343,0.05,-0.000847419
0.434343,0.051,-0.000687375
0.434343,0.052,-0.000444003
0.434343,0.053,-0.000125766
0.434343,0.054,0.000254786
0.434343,0.055,0.000681123
0.434343,0.056,0.0011338
0.434343,0.057,0.00159206
0.434343,0.058,0.0020354
0.434343,0.059,0.0024446
0.434343,0.06,0.0028025
0.434343,0.061,0.00309467
0.434343,0.062,0.00331035
0.434343,0.063,0.00344361
0.434343,0.064,0.00349448
0.434343,0.065,0.00346942
0.434343,0.066,0.0033806
0.434343,0.067,0.00324401
0.434343,0.068,0.00307684
0.434343,0.069,0.0028949
0.434343,0.07,0.00271094
0.434343,0.071,0.00253401
0.434343,0.072,0.0023697
0.434343,0.073,0.00222086
0.434343,0.074,0.00208849
0.434343,0.075,0.00197259
0.434343,0.076,0.00187265
0.434343,0.077,0.00178805
0.434343,0.078,0.00171817
0.434343,0.079,0.00166244
0.434343,0.08,0.00162023
0.434343,0.081,0.00159084
0.434343,0.082,0.00157341
0.434343,0.083,0.00156698
0.434343,0.084,0.00157045
0.434343,0.085,0.00158263
0.434343,0.086,0.00160229
0.434343,0.087,0.0016282
0.434343,0.088,0.00165914
0.434343,0.089,0.00169393
0.434343,0.09,0.0017315
0.434343,0.091,0.00177084
0.434343,0.092,0.00181106
0.434343,0.093,0.0018514
0.434343,0.094,0.00189124
0.434343,0.095,0.00193008
0.434343,0.096,0.00196754
0.434343,0.097,0.00200339
0.434343,0.098,0.00203747
0.434343,0.099,0.00206973
0.434343,0.1,0.00210017
0.434343,0.101,0.00212885
0.434343,0.102,0.00215588
0.434343,0.103,0.00218137
0.434343,0.104,0.00220544
0.434343,0.105,0.00222822
0.434343,0.106,0.00224983
0.434343,0.107,0.00227036
0.434343,0.108,0.0022899
0.434343,0.109,0.00230851
0.434343,0.11,0.00232623
0.434343,0.111,0.0023431
0.434343,0.112,0.00235912
0.434343,0.113,0.0023743
0.434343,0.114,0.00238862
0.434343,0.115,0.00240207
0.434343,0.116,0.00241463
0.434343,0.117,0.00242626
0.434343,0.118,0.00243697
0.434343,0.119,0.00244672
0.434343,0.12,0.00245551
0.434343,0.121,0.00246333
0.434343,0.122,0.0024702
0.434343,0.123,0.00247611
0.434343,0.124,0.00248108
0.434343,0.125,0.00248516
0.434343,0.126,0.00248836
0.434343,0.127,0.00249074
0.434343,0.128,0.00249234
0.434343,0.129,0.00249323
0.434343,0.13,0.00249344
0.434343,0.131,0.00249305
0.434343,0.132,0.00249211
0.434343,0.133,0.0024907
0.434343,0.134,0.00248887
0.434343,0.135,0.00248669
0.434343,0.136,0.00248422
0.434343,0.137,0.00248151
0.434343,0.138,0.00247862
0.434343,0.139,0.00247561
0.434343,0.14,0.00247251
0.434343,0.141,0.00246938
0.434343,0.142,0.00246625
0.434343,0.143,0.00246317
0.434343,0.144,0.00246015
0.434343,0.145,0.00245723
0.434343,0.146,0.00245443
0.434343,0.147,0.00245177
0.434343,0.148,0.00244926
0.434343,0.149,0.00244692
0.434343,0.15,0.00244475
0.444444,0.001,0.0006868
0.444444,0.002,0.0006868
0.444444,0.003,0.0006868
0.444444,0.004,0.0006868
0.444444,0.005,0.000686672
0.444444,0.006,0.000686214
0.444444,0.007,0.000685191
0.444444,0.008,0.000683347
0.444444,0.009,0.000680394
0.444444,0.01,0.00067599
0.444444,0.011,0.000669692
0.444444,0.012,0.000660939
0.444444,0.013,0.000649111
0.444444,0.014,0.000633638
0.444444,0.015,0.000614068
0.444444,0.016,0.000590033
0.444444,0.017,0.000561155
0.444444,0.018,0.000526892
0.444444,0.019,0.000486375
0.444444,0.02,0.000438329
0.444444,0.021,0.00038121
0.444444,0.022,0.000313723
0.444444,0.023,0.000235413
0.444444,0.024,0.000146604
0.444444,0.025,4.76343e-05
0.444444,0.026,-6.22652e-05
0.444444,0.027,-0.00018607
0.444444,0.028,-0.000329919
0.444444,0.029,-0.0005035
0.444444,0.03,-0.000718375
0.444444,0.031,-0.000982495
0.444444,0.032,-0.00129135
0.444444,0.033,-0.00162177
0.444444,0.034,-0.0019339
0.444444,0.035,-0.00217712
0.444444,0.036,-0.00229246
0.444444,0.037,-0.00221154
0.444444,0.038,-0.00185993
0.444444,0.039,-0.00117565
0.444444,0.04,-0.000152137
0.444444,0.041,0.00110675
0.444444,0.042,0.00237778
0.444444,0.043,0.00341075
0.444444,0.044,0.00405862
0.444444,0.045,0.0043164
0.444444,0.046,0.00426303
0.444444,0.047,0.00399382
0.444444,0.048,0.00358777
0.444444,0.049,0.00310167
0.444444,0.05,0.0025745
0.444444,0.051,0.00203341
0.444444,0.052,0.0014989
0.444444,0.053,0.000988596
0.444444,0.054,0.000519086
0.444444,0.055,0.000105617
0.444444,0.056,-0.000239321
0.444444,0.057,-0.00050686
0.444444,0.058,-0.000691484
0.444444,0.059,-0.00079025
0.444444,0.06,-0.000802125
0.444444,0.061,-0.000727744
0.444444,0.062,-0.000569661
0.444444,0.063,-0.000332985
0.444444,0.064,-2.61798e-05
0.444444,0.065,0.000338479
0.444444,0.066,0.000745184
0.444444,0.067,0.00117572
0.444444,0.068,0.00161096
0.444444,0.069,0.00203223
0.444444,0.07,0.00242226
0.444444,0.071,0.00276581
0.444444,0.072,0.00305025
0.444444,0.073,0.00326628
0.444444,0.074,0.00340882
0.444444,0.075,0.00347775
0.444444,0.076,0.00347823
0.444444,0.077,0.00342014
0.444444,0.078,0.00331652
0.444444,0.079,0.00318162
0.444444,0.08,0.00302886
0.444444,0.081,0.00286943
0.444444,0.082,0.00271167
0.444444,0.083,0.00256111
0.444444,0.084,0.00242099
0.444444,0.085,0.0022929
0.444444,0.086,0.00217744
0.444444,0.087,0.00207468
0.444444,0.088,0.00198447
0.444444,0.089,0.00190661
0.444444,0.09,0.00184083
0.444444,0.091,0.00178684
0.444444,0.092,0.00174424
0.444444,0.093,0.00171251
0.444444,0.094,0.00169101
0.444444,0.095,0.00167899
0.444444,0.096,0.00167558
0.444444,0.097,0.0016799
0.444444,0.098,0.00169097
0.444444,0.099,0.00170783
0.444444,0.1,0.00172954
0.444444,0.101,0.00175516
0.444444,0.102,0.00178381
0.444444,0.103,0.00181465
0.444444,0.104,0.00184694
0.444444,0.105,0.00188002
0.444444,0.106,0.00191334
0.444444,0.107,0.00194641
0.444444,0.108,0.00197887
0.444444,0.109,0.00201044
0.444444,0.11,0.00204092
0.444444,0.111,0.00207019
0.444444,0.112,0.00209817
0.444444,0.113,0.00212486
0.444444,0.114,0.00215027
0.444444,0.115,0.00217445
0.444444,0.116,0.00219745
0.444444,0.117,0.00221935
0.444444,0.118,0.00224021
0.444444,0.119,0.0022601
0.444444,0.12,0.00227908
0.444444,0.121,0.00229718
0.444444,0.122,0.00231446
0.444444,0.123,0.00233093
0.444444,0.124,0.0023466
0.444444,0.125,0.00236148
0.444444,0.126,0.00237557
0.444444,0.127,0.00238885
0.444444,0.128,0.00240132
0.444444,0.129,0.00241296
0.444444,0.13,0.00242376
0.444444,0.131,0.0024337
0.444444,0.132,0.00244278
0.444444,0.133,0.00245099
0.444444,0.134,0.00245833
0.444444,0.135,0.00246481
0.444444,0.136,0.00247045
0.444444,0.137,0.00247525
0.444444,0.138,0.00247926
0.444444,0.139,0.00248249
0.444444,0.14,0.00248498
0.444444,0.141,0.00248679
0.444444,0.142,0.00248794
0.444444,0.143,0.00248849
0.444444,0.144,0.00248849
0.444444,0.145,0.00248799
0.444444,0.146,0.00248705
0.444444,0.147,0.00248572
0.444444,0.148,0.00248405
0.444444,0.149,0.00248209
0.444444,0.15,0.00247989
0.454545,0.001,0.0006868
0.454545,0.002,0.0006868
0.454545,0.003,0.0006868
0.454545,0.004,0.0006868
0.454545,0.005,0.0006868
0.454545,0.006,0.000686795
0.454545,0.007,0.000686761
0.454545,0.008,0.000686671
0.454545,0.009,0.000686473
0.454545,0.01,0.000686117
0.454545,0.011,0.000685512
0.454545,0.012,0.000684564
0.454545,0.013,0.000683137
0.454545,0.014,0.000681068
0.454545,0.015,0.000678169
0.454545,0.016,0.000674233
0.454545,0.017,0.000669038
0.454545,0.018,0.000662354
0.454545,0.019,0.000653932
0.454545,0.02,0.000643491
0.454545,0.021,0.000630697
0.454545,0.022,0.00061516
0.454545,0.023,0.000596447
0.454545,0.024,0.000574145
0.454545,0.025,0.000547883
0.454545,0.026,0.000517343
0.454545,0.027,0.000482207
0.454545,0.028,0.000442064
0.454545,0.029,0.000396299
0.454545,0.03,0.000344019
0.454545,0.031,0.000284077
0.454545,0.032,0.0002153
0.454545,0.033,0.000136923
0.454545,0.034,4.87885e-05
0.454545,0.035,-4.8965e-05
0.454545,0.036,-0.00015666
0.454545,0.037,-0.000276006
0.454545,0.038,-0.000410951
0.454545,0.039,-0.000568243
0.454545,0.04,-0.000757007
0.454545,0.041,-0.000985972
0.454545,0.042,-0.00125745
0.454545,0.043,-0.00156014
0.454545,0.044,-0.00186601
0.454545,0.045,-0.00213341
0.454545,0.046,-0.00231141
0.454545,0.047,-0.00234113
0.454545,0.048,-0.00215658
0.454545,0.049,-0.00169243
0.454545,0.05,-0.000908094
0.454545,0.051,0.000169213
0.454545,0.052,0.00140556
0.454545,0.053,0.0025804
0.454545,0.054,0.00348574
0.454545,0.055,0.00402263
0.454545,0.056,0.00420833
0.454545,0.057,0.00411967
0.454545,0.058,0.00384097
0.454545,0.059,0.00344099
0.454545,0.06,0.00296963
0.454545,0.061,0.00246186
0.454545,0.062,0.00194282
0.454545,0.063,0.00143214
0.454545,0.064,0.000947048
0.454545,0.065,0.000503483
0.454545,0.066,0.000115571
0.454545,0.067,-0.000205482
0.454545,0.068,-0.000451841
0.454545,0.069,-0.000618608
0.454545,0.07,-0.000703148
0.454545,0.071,-0.00070458
0.454545,0.072,-0.000623671
0.454545,0.073,-0.000463158
0.454545,0.074,-0.000228373
0.454545,0.075,7.20808e-05
0.454545,0.076,0.000426048
0.454545,0.077,0.000818267
0.454545,0.078,0.0012315
0.454545,0.079,0.00164791
0.454545,0.08,0.00205029
0.454545,0.081,0.00242289
0.454545,0.082,0.00275198
0.454545,0.083,0.00302638
0.454545,0.084,0.00323801
0.454545,0.085,0.00338259
0.454545,0.086,0.00346022
0.454545,0.087,0.00347547
0.454545,0.088,0.00343688
0.454545,0.089,0.00335563
0.454545,0.09,0.00324394
0.454545,0.091,0.00311341
0.454545,0.092,0.00297391
0.454545,0.093,0.00283296
0.454545,0.094,0.00269579
0.454545,0.095,0.00256565
0.454545,0.096,0.00244437
0.454545,0.097,0.00233285
0.454545,0.098,0.00223148
0.454545,0.099,0.00214039
0.454545,0.1,0.00205961
0.454545,0.101,0.0019891
0.454545,0.102,0.00192875
0.454545,0.103,0.00187837
0.454545,0.104,0.00183765
0.454545,0.105,0.00180619
0.454545,0.106,0.00178347
0.454545,0.107,0.00176889
0.454545,0.108,0.00176178
0.454545,0.109,0.00176142
0.454545,0.11,0.00176707
0.454545,0.111,0.00177795
0.454545,0.112,0.00179331
0.454545,0.113,0.00181239
0.454545,0.114,0.00183446
0.454545,0.115,0.00185886
0.454545,0.116,0.00188496
0.454545,0.117,0.00191219
0.454545,0.118,0.00194006
0.454545,0.119,0.00196816
0.454545,0.12,0.00199615
0.454545,0.121,0.00202375
0.454545,0.122,0.00205074
0.454545,0.123,0.00207698
0.454545,0.124,0.00210236
0.454545,0.125,0.00212682
0.454545,0.126,0.00215034
0.454545,0.127,0.0021729
0.454545,0.128,0.00219454
0.454545,0.129,0.00221526
0.454545,0.13,0.00223511
0.454545,0.131,0.00225411
0.454545,0.132,0.0022723
0.454545,0.133,0.00228971
0.454545,0.134,0.00230636
0.454545,0.135,0.00232226
0.454545,0.136,0.00233742
0.454545,0.137,0.00235185
0.454545,0.138,0.00236554
0.454545,0.139,0.00237848
0.454545,0.14,0.00239068
0.454545,0.141,0.00240211
0.454545,0.142,0.00241277
0.454545,0.143,0.00242266
0.454545,0.144,0.00243176
0.454545,0.145,0.00244007
0.454545,0.146,0.00244759
0.454545,0.147,0.00245434
0.454545,0.148,0.0024603
0.454545,0.149,0.00246551
0.454545,0.15,0.00246998
0.464646,0.001,0.0006868
0.464646,0.002,0.0006868
0.464646,0.003,0.0006868
0.464646,0.004,0.0006868
0.464646,0.005,0.0006868
0.464646,0.006,0.0006868
0.464646,0.007,0.0006868
0.464646,0.008,0.000686797
0.464646,0.009,0.00068679
0.464646,0.01,0.000686773
0.464646,0.011,0.000686734
0.464646,0.012,0.000686663
0.464646,0.013,0.000686535
0.464646,0.014,0.000686334
0.464646,0.015,0.000686015
0.464646,0.016,0.000685537
0.464646,0.017,0.000684845
0.464646,0.018,0.000683873
0.464646,0.019,0.000682537
0.464646,0.02,0.000680758
0.464646,0.021,0.000678423
0.464646,0.022,0.000675417
0.464646,0.023,0.000671605
0.464646,0.024,0.00066683
0.464646,0.025,0.000660923
0.464646,0.026,0.000653696
0.464646,0.027,0.00064496
0.464646,0.028,0.000634514
0.464646,0.029,0.000622142
0.464646,0.03,0.000607615
0.464646,0.031,0.000590672
0.464646,0.032,0.000571004
0.464646,0.033,0.000548271
0.464646,0.034,0.000522123
0.464646,0.035,0.000492225
0.464646,0.036,0.00045828
0.464646,0.037,0.000420006
0.464646,0.038,0.000377076
0.464646,0.039,0.000329029
0.464646,0.04,0.000275222
0.464646,0.041,0.000214763
0.464646,0.042,0.000146626
0.464646,0.043,6.99061e-05
0.464646,0.044,-1.5892e-05
0.464646,0.045,-0.000110854
0.464646,0.046,-0.000215087
0.464646,0.047,-0.000329449
0.464646,0.048,-0.000456334
0.464646,0.049,-0.000600327
0.464646,0.05,-0.000768369
0.464646,0.051,-0.000968623
0.464646,0.052,-0.00120693
0.464646,0.053,-0.00148076
0.464646,0.054,-0.00177359
0.464646,0.055,-0.00205389
0.464646,0.056,-0.00227854
0.464646,0.057,-0.00239613
0.464646,0.058,-0.00234821
0.464646,0.059,-0.00207218
0.464646,0.06,-0.00151307
0.464646,0.061,-0.000651235
0.464646,0.062,0.000457455
0.464646,0.063,0.00165938
0.464646,0.064,0.00274413
0.464646,0.065,0.00354089
0.464646,0.066,0.00398614
0.464646,0.067,0.0041117
0.464646,0.068,0.00399193
0.464646,0.069,0.00370283
0.464646,0.07,0.00330555
0.464646,0.071,0.0028447
0.464646,0.072,0.00235212
0.464646,0.073,0.00185131
0.464646,0.074,0.00136116
0.464646,0.075,0.00089836
0.464646,0.076,0.000478132
0.464646,0.077,0.000113533
0.464646,0.078,-0.000185351
0.464646,0.079,-0.000411551
0.464646,0.08,-0.00056073
0.464646,0.081,-0.000630575
0.464646,0.082,-0.000620441
0.464646,0.083,-0.000531335
0.464646,0.084,-0.000366287
0.464646,0.085,-0.00013095
0.464646,0.086,0.000165851
0.464646,0.087,0.000512005
0.464646,0.088,0.000892696
0.464646,0.089,0.00129152
0.464646,0.09,0.00169176
0.464646,0.091,0.00207745
0.464646,0.092,0.00243413
0.464646,0.093,0.00274936
0.464646,0.094,0.00301316
0.464646,0.095,0.00321848
0.464646,0.096,0.00336183
0.464646,0.097,0.00344359
0.464646,0.098,0.00346808
0.464646,0.099,0.00344298
0.464646,0.1,0.0033782
0.464646,0.101,0.00328444
0.464646,0.102,0.00317191
0.464646,0.103,0.00304929
0.464646,0.104,0.00292333
0.464646,0.105,0.00279882
0.464646,0.106,0.00267888
0.464646,0.107,0.00256538
0.464646,0.108,0.00245938
0.464646,0.109,0.00236145
0.464646,0.11,0.00227194
0.464646,0.111,0.00219103
0.464646,0.112,0.00211885
0.464646,0.113,0.00205545
0.464646,0.114,0.00200077
0.464646,0.115,0.00195466
0.464646,0.116,0.00191687
0.464646,0.117,0.00188705
0.464646,0.118,0.00186475
0.464646,0.119,0.00184948
0.464646,0.12,0.00184068
0.464646,0.121,0.00183776
0.464646,0.122,0.00184011
0.464646,0.123,0.00184711
0.464646,0.124,0.00185812
0.464646,0.125,0.00187253
0.464646,0.126,0.00188975
0.464646,0.127,0.00190921
0.464646,0.128,0.00193041
0.464646,0.129,0.00195286
0.464646,0.13,0.00197615
0.464646,0.131,0.00199992
0.464646,0.132,0.00202387
0.464646,0.133,0.00204775
0.464646,0.134,0.00207135
0.464646,0.135,0.00209451
0.464646,0.136,0.00211713
0.464646,0.137,0.00213913
0.464646,0.138,0.00216044
0.464646,0.139,0.00218105
0.464646,0.14,0.00220094
0.464646,0.141,0.00222011
0.464646,0.142,0.00223857
0.464646,0.143,0.00225633
0.464646,0.144,0.00227341
0.464646,0.145,0.0022898
0.464646,0.146,0.00230553
0.464646,0.147,0.00232059
0.464646,0.148,0.00233499
0.464646,0.149,0.00234874
0.464646,0.15,0.00236181
0.474747,0.001,0.0006868
0.474747,0.002,0.0006868
0.474747,0.003,0.0006868
0.474747,0.004,0.0006868
0.474747,0.005,0.0006868
0.474747,0.006,0.0006868
0.474747,0.007,0.0006868
0.474747,0.008,0.0006868
0.474747,0.009,0.0006868
0.474747,0.01,0.0006868
0.474747,0.011,0.000686799
0.474747,0.012,0.000686795
0.474747,0.013,0.000686787
0.474747,0.014,0.000686772
0.474747,0.015,0.000686746
0.474747,0.016,0.000686702
0.474747,0.017,0.000686633
0.474747,0.018,0.000686523
0.474747,0.019,0.000686362
0.474747,0.02,0.000686128
0.474747,0.021,0.000685796
0.474747,0.022,0.000685338
0.474747,0.023,0.000684718
0.474747,0.024,0.000683896
0.474747,0.025,0.000682817
0.474747,0.026,0.000681427
0.474747,0.027,0.000679659
0.474747,0.028,0.000677435
0.474747,0.029,0.000674672
0.474747,0.03,0.000671277
0.474747,0.031,0.000667144
0.474747,0.032,0.000662161
0.474747,0.033,0.000656201
0.474747,0.034,0.000649126
0.474747,0.035,0.000640784
0.474747,0.036,0.000631007
0.474747,0.037,0.000619628
0.474747,0.038,0.000606467
0.474747,0.039,0.00059134
0.474747,0.04,0.000574048
0.474747,0.041,0.000554373
0.474747,0.042,0.000532064
0.474747,0.043,0.000506842
0.474747,0.044,0.000478401
0.474747,0.045,0.000446432
0.474747,0.046,0.000410654
0.474747,0.047,0.000370799
0.474747,0.048,0.000326586
0.474747,0.049,0.000277672
0.474747,0.05,0.000223566
0.474747,0.051,0.000163589
0.474747,0.052,9.68806e-05
0.474747,0.053,2.25361e-05
0.474747,0.054,-6.01658e-05
0.474747,0.055,-0.000151559
0.474747,0.056,-0.000251757
0.474747,0.057,-0.000361134
0.474747,0.058,-0.000481006
0.474747,0.059,-0.000614312
0.474747,0.06,-0.000766063
0.474747,0.061,-0.000943107
0.474747,0.062,-0.00115237
0.474747,0.063,-0.00139678
0.474747,0.064,-0.00166952
0.474747,0.065,-0.00194987
0.474747,0.066,-0.00220361
0.474747,0.067,-0.0023864
0.474747,0.068,-0.0024465
0.474747,0.069,-0.00232641
0.474747,0.07,-0.00196797
0.474747,0.071,-0.00132753
0.474747,0.072,-0.000405801
0.474747,0.073,0.00071736
0.474747,0.074,0.00187665
0.474747,0.075,0.00287642
0.474747,0.076,0.00357843
0.474747,0.077,0.00394605
0.474747,0.078,0.0040206
0.474747,0.079,0.00387365
0.474747,0.08,0.00357456
0.474747,0.081,0.00317843
0.474747,0.082,0.00272574
0.474747,0.083,0.00224582
0.474747,0.084,0.00176084
0.474747,0.085,0.00128905
0.474747,0.086,0.000846621
0.474747,0.087,0.000447977
0.474747,0.088,0.000105145
0.474747,0.089,-0.000172815
0.474747,0.09,-0.000379709
0.474747,0.091,-0.000511698
0.474747,0.092,-0.000566768
0.474747,0.093,-0.000544475
0.474747,0.094,-0.000446022
0.474747,0.095,-0.000274656
0.474747,0.096,-3.62664e-05
0.474747,0.097,0.00026015
0.474747,0.098,0.000602475
0.474747,0.099,0.000976123
0.474747,0.1,0.00136517
0.474747,0.101,0.00175357
0.474747,0.102,0.00212617
0.474747,0.103,0.00246938
0.474747,0.104,0.00277169
0.474747,0.105,0.00302405
0.474747,0.106,0.00322033
0.474747,0.107,0.00335774
0.474747,0.108,0.00343712
0.474747,0.109,0.00346284
0.474747,0.11,0.00344219
0.474747,0.111,0.0033844
0.474747,0.112,0.00329929
0.474747,0.113,0.00319621
0.474747,0.114,0.00308313
0.474747,0.115,0.00296628
0.474747,0.116,0.00285012
0.474747,0.117,0.00273758
0.474747,0.118,0.00263047
0.474747,0.119,0.00252981
0.474747,0.12,0.00243613
0.474747,0.121,0.00234974
0.474747,0.122,0.00227083
0.474747,0.123,0.0021995
0.474747,0.124,0.00213581
0.474747,0.125,0.00207974
0.474747,0.126,0.00203121
0.474747,0.127,0.00199007
0.474747,0.128,0.00195609
0.474747,0.129,0.00192898
0.474747,0.13,0.00190836
0.474747,0.131,0.00189383
0.474747,0.132,0.00188494
0.474747,0.133,0.0018812
0.474747,0.134,0.00188212
0.474747,0.135,0.00188718
0.474747,0.136,0.00189585
0.474747,0.137,0.00190761
0.474747,0.138,0.00192198
0.474747,0.139,0.00193848
0.474747,0.14,0.00195667
0.474747,0.141,0.00197615
0.474747,0.142,0.00199656
0.474747,0.143,0.00201758
0.474747,0.144,0.00203895
0.474747,0.145,0.00206042
0.474747,0.146,0.00208182
0.474747,0.147,0.00210299
0.474747,0.148,0.0021238
0.474747,0.149,0.00214418
0.474747,0.15,0.00216405
0.484848,0.001,0.000686799
0.484848,0.002,0.000686799
0.484848,0.003,0.000686799
0.484848,0.004,0.000686799
0.484848,0.005,0.000686799
0.484848,0.006,0.000686799
0.484848,0.007,0.000686799
0.484848,0.008,0.000686799
0.484848,0.009,0.000686799
0.484848,0.01,0.000686799
0.484848,0.011,0.000686799
0.484848,0.012,0.000686799
0.484848,0.013,0.0006868
0.484848,0.014,0.0006868
0.484848,0.015,0.000686798
0.484848,0.016,0.000686795
0.484848,0.017,0.00068679
0.484848,0.018,0.00068678
0.484848,0.019,0.000686767
0.484848,0.02,0.000686741
0.484848,0.021,0.000686705
0.484848,0.022,0.000686648
0.484848,0.023,0.000686568
0.484848,0.024,0.000686454
0.484848,0.025,0.000686295
0.484848,0.026,0.000686079
0.484848,0.027,0.000685786
0.484848,0.028,0.000685399
0.484848,0.029,0.000684895
0.484848,0.03,0.000684243
0.484848,0.031,0.000683412
0.484848,0.032,0.000682365
0.484848,0.033,0.000681058
0.484848,0.034,0.000679444
0.484848,0.035,0.000677466
0.484848,0.036,0.000675064
0.484848,0.037,0.000672165
0.484848,0.038,0.000668698
0.484848,0.039,0.000664574
0.484848,0.04,0.000659706
0.484848,0.041,0.000653994
0.484848,0.042,0.000647334
0.484848,0.043,0.000639607
0.484848,0.044,0.00063069
0.484848,0.045,0.000620447
0.484848,0.046,0.000608734
0.484848,0.047,0.000595391
0.484848,0.048,0.000580263
0.484848,0.049,0.000563184
0.484848,0.05,0.00054398
0.484848,0.051,0.000522458
0.484848,0.052,0.000498415
0.484848,0.053,0.00047161
0.484848,0.054,0.000441779
0.484848,0.055,0.000408642
0.484848,0.056,0.000371927
0.484848,0.057,0.000331375
0.484848,0.058,0.000286733
0.484848,0.059,0.00023772
0.484848,0.06,0.000183962
0.484848,0.061,0.000124948
0.484848,0.062,5.99796e-05
0.484848,0.063,-1.17622e-05
0.484848,0.064,-9.10776e-05
0.484848,0.065,-0.000178536
0.484848,0.066,-0.000274394
0.484848,0.067,-0.000378842
0.484848,0.068,-0.000492518
0.484848,0.069,-0.000617151
0.484848,0.07,-0.000756125
0.484848,0.071,-0.000914702
0.484848,0.072,-0.00109941
0.484848,0.073,-0.00131572
0.484848,0.074,-0.00156365
0.484848,0.075,-0.00183252
0.484848,0.076,-0.0020981
0.484848,0.077,-0.00232391
0.484848,0.078,-0.0024645
0.484848,0.079,-0.00246773
0.484848,0.08,-0.00227731
0.484848,0.081,-0.00184016
0.484848,0.082,-0.0011248
0.484848,0.083,-0.000152047
0.484848,0.084,0.000977035
0.484848,0.085,0.00209025
0.484848,0.086,0.00300885
0.484848,0.087,0.0036241
0.484848,0.088,0.00392138
0.484848,0.089,0.00394915
0.484848,0.09,0.00377638
0.484848,0.091,0.00346682
0.484848,0.092,0.00307047
0.484848,0.093,0.00262416
0.484848,0.094,0.00215487
0.484848,0.095,0.0016834
0.484848,0.096,0.00122714
0.484848,0.097,0.000801637
0.484848,0.098,0.000420715
0.484848,0.099,9.57678e-05
0.484848,0.1,-0.000164714
0.484848,0.101,-0.00035503
0.484848,0.102,-0.000471781
0.484848,0.103,-0.000513422
0.484848,0.104,-0.000480058
0.484848,0.105,-0.000373558
0.484848,0.106,-0.000197919
0.484848,0.107,4.02944e-05
0.484848,0.108,0.000331725
0.484848,0.109,0.000664433
0.484848,0.11,0.00102463
0.484848,0.111,0.00139766
0.484848,0.112,0.00176903
0.484848,0.113,0.00212514
0.484848,0.114,0.00245389
0.484848,0.115,0.00274503
0.484848,0.116,0.00299056
0.484848,0.117,0.00318503
0.484848,0.118,0.00332595
0.484848,0.119,0.00341394
0.484848,0.12,0.00345265
0.484848,0.121,0.00344825
0.484848,0.122,0.00340853
0.484848,0.123,0.00334189
0.484848,0.124,0.0032564
0.484848,0.125,0.0031591
0.484848,0.126,0.00305563
0.484848,0.127,0.00295023
0.484848,0.128,0.00284585
0.484848,0.129,0.00274452
0.484848,0.13,0.00264753
0.484848,0.131,0.00255575
0.484848,0.132,0.00246978
0.484848,0.133,0.00239003
0.484848,0.134,0.0023168
0.484848,0.135,0.00225029
0.484848,0.136,0.00219062
0.484848,0.137,0.00213778
0.484848,0.138,0.00209172
0.484848,0.139,0.00205229
0.484848,0.14,0.00201927
0.484848,0.141,0.0019924
0.484848,0.142,0.00197136
0.484848,0.143,0.00195578
0.484848,0.144,0.00194529
0.484848,0.145,0.00193947
0.484848,0.146,0.00193787
0.484848,0.147,0.00194007
0.484848,0.148,0.0019456
0.484848,0.149,0.00195404
0.484848,0.15,0.00196496
0.494949,0.001,0.000686799
0.494949,0.002,0.000686799
0.494949,0.003,0.000686799
0.494949,0.004,0.000686799
0.494949,0.005,0.000686799
0.494949,0.006,0.000686799
0.494949,0.007,0.000686799
0.494949,0.008,0.000686799
0.494949,0.009,0.000686799
0.494949,0.01,0.000686799
0.494949,0.011,0.000686799
0.494949,0.012,0.000686799
0.494949,0.013,0.000686799
0.494949,0.014,0.000686799
0.494949,0.015,0.000686799
0.494949,0.016,0.000686799
0.494949,0.017,0.0006868
0.494949,0.018,0.0006868
0.494949,0.019,0.000686798
0.494949,0.02,0.000686796
0.494949,0.021,0.000686795
0.494949,0.022,0.000686788
0.494949,0.023,0.00068678
0.494949,0.024,0.000686768
0.494949,0.025,0.000686746
0.494949,0.026,0.00068672
0.494949,0.027,0.00068668
0.494949,0.028,0.000686624
0.494949,0.029,0.000686546
0.494949,0.03,0.000686443
0.494949,0.031,0.000686305
0.494949,0.032,0.000686121
0.494949,0.033,0.000685884
0.494949,0.034,0.000685576
0.494949,0.035,0.000685181
0.494949,0.036,0.000684684
0.494949,0.037,0.000684063
0.494949,0.038,0.000683288
0.494949,0.039,0.000682334
0.494949,0.04,0.000681169
0.494949,0.041,0.000679755
0.494949,0.042,0.000678051
0.494949,0.043,0.000676011
0.494949,0.044,0.000673584
0.494949,0.045,0.000670717
0.494949,0.046,0.000667341
0.494949,0.047,0.000663393
0.494949,0.048,0.000658801
0.494949,0.049,0.000653478
0.494949,0.05,0.000647345
0.494949,0.051,0.000640306
0.494949,0.052,0.000632265
0.494949,0.053,0.000623114
0.494949,0.054,0.000612744
0.494949,0.055,0.000601028
0.494949,0.056,0.000587838
0.494949,0.057,0.000573034
0.494949,0.058,0.00055647
0.494949,0.059,0.000537997
0.494949,0.06,0.000517457
0.494949,0.061,0.000494685
0.494949,0.062,0.000469501
0.494949,0.063,0.0004417
0.494949,0.064,0.000411051
0.494949,0.065,0.000377307
0.494949,0.066,0.000340206
0.494949,0.067,0.0002995
0.494949,0.068,0.000254943
0.494949,0.069,0.000206289
0.494949,0.07,0.000153243
0.494949,0.071,9.54086e-05
0.494949,0.072,3.22428e-05
0.494949,0.073,-3.69503e-05
0.494949,0.074,-0.000112955
0.494949,0.075,-0.000196487
0.494949,0.076,-0.000288004
0.494949,0.077,-0.00038775
0.494949,0.078,-0.000496038
0.494949,0.079,-0.00061379
0.494949,0.08,-0.000743124
0.494949,0.081,-0.000887786
0.494949,0.082,-0.00105316
0.494949,0.083,-0.00124522
0.494949,0.084,-0.00146779
0.494949,0.085,-0.00171796
0.494949,0.086,-0.00198162
0.494949,0.087,-0.00223193
0.494949,0.088,-0.0024314
0.494949,0.089,-0.002535
0.494949,0.09,-0.00249237
0.494949,0.091,-0.00225092
0.494949,0.092,-0.00176456
0.494949,0.093,-0.00101284
0.494949,0.094,-2.95403e-05
0.494949,0.095,0.00107628
0.494949,0.096,0.00213739
0.494949,0.097,0.00299214
0.494949,0.098,0.00354974
0.494949,0.099,0.0038049
0.494949,0.1,0.00380669
0.494949,0.101,0.0036207
0.494949,0.102,0.00330685
0.494949,0.103,0.00291247
0.494949,0.104,0.00247284
0.494949,0.105,0.0020144
0.494949,0.106,0.00155787
0.494949,0.107,0.00112047
0.494949,0.108,0.000716952
0.494949,0.109,0.000359608
0.494949,0.11,5.80658e-05
0.494949,0.111,-0.000180655
0.494949,0.112,-0.00035175
0.494949,0.113,-0.000452182
0.494949,0.114,-0.000480378
0.494949,0.115,-0.000436194
0.494949,0.116,-0.000321168
0.494949,0.117,-0.000139
0.494949,0.118,0.000103907
0.494949,0.119,0.000398195
0.494949,0.12,0.000731797
0.494949,0.121,0.00109073
0.494949,0.122,0.00146021
0.494949,0.123,0.00182564
0.494949,0.124,0.00217351
0.494949,0.125,0.00249197
0.494949,0.126,0.00277122
0.494949,0.127,0.00300398
0.494949,0.128,0.00318576
0.494949,0.129,0.00331516
0.494949,0.13,0.00339392
0.494949,0.131,0.00342661
0.494949,0.132,0.00341995
0.494949,0.133,0.00338184
0.494949,0.134,0.00332034
0.494949,0.135,0.00324283
0.494949,0.136,0.00315552
0.494949,0.137,0.0030632
0.494949,0.138,0.00296935
0.494949,0.139,0.00287634
0.494949,0.14,0.00278572
0.494949,0.141,0.00269852
0.494949,0.142,0.00261543
0.494949,0.143,0.00253694
0.494949,0.144,0.00246343
0.494949,0.145,0.00239521
0.494949,0.146,0.00233251
0.494949,0.147,0.00227548
0.494949,0.148,0.00222419
0.494949,0.149,0.00217864
0.494949,0.15,0.00213876
0.50505,0.001,0.000686799
0.50505,0.002,0.000686799
0.50505,0.003,0.000686799
0.50505,0.004,0.000686799
0.50505,0.005,0.000686799
0.50505,0.006,0.000686799
0.50505,0.007,0.000686799
0.50505,0.008,0.000686799
0.50505,0.009,0.000686799
0.50505,0.01,0.000686799
0.50505,0.011,0.000686799
0.50505,0.012,0.000686799
0.50505,0.013,0.000686799
0.50505,0.014,0.000686799
0.50505,0.015,0.000686799
0.50505,0.016,0.000686799
0.50505,0.017,0.000686799
0.50505,0.018,0.000686799
0.50505,0.019,0.000686799
0.50505,0.02,0.000686799
0.50505,0.021,0.000686799
0.50505,0.022,0.0006868
0.50505,0.023,0.0006868
0.50505,0.024,0.000686798
0.50505,0.025,0.000686796
0.50505,0.026,0.000686793
0.50505,0.027,0.00068679
0.50505,0.028,0.000686783
0.50505,0.029,0.000686773
0.50505,0.03,0.000686759
0.50505,0.031,0.000686738
0.50505,0.032,0.00068671
0.50505,0.033,0.000686673
0.50505,0.034,0.000686623
0.50505,0.035,0.000686555
0.50505,0.036,0.000686467
0.50505,0.037,0.000686352
0.50505,0.038,0.000686203
0.50505,0.039,0.000686013
0.50505,0.04,0.000685773
0.50505,0.041,0.000685472
0.50505,0.042,0.000685095
0.50505,0.043,0.000684631
0.50505,0.044,0.000684058
0.50505,0.045,0.000683361
0.50505,0.046,0.000682518
0.50505,0.047,0.0006815
0.50505,0.048,0.000680284
0.50505,0.049,0.000678832
0.50505,0.05,0.000677114
0.50505,0.051,0.000675092
0.50505,0.052,0.000672721
0.50505,0.053,0.000669956
0.50505,0.054,0.000666743
0.50505,0.055,0.000663031
0.50505,0.056,0.000658757
0.50505,0.057,0.000653858
0.50505,0.058,0.000648263
0.50505,0.059,0.000641896
0.50505,0.06,0.000634675
0.50505,0.061,0.000626516
0.50505,0.062,0.000617332
0.50505,0.063,0.000607026
0.50505,0.064,0.000595489
0.50505,0.065,0.000582618
0.50505,0.066,0.000568294
0.50505,0.067,0.000552394
0.50505,0.068,0.000534785
0.50505,0.069,0.000515331
0.50505,0.07,0.000493891
0.50505,0.071,0.000470322
0.50505,0.072,0.000444462
0.50505,0.073,0.000416142
0.50505,0.074,0.000385164
0.50505,0.075,0.000351313
0.50505,0.076,0.000314358
0.50505,0.077,0.00027406
0.50505,0.078,0.000230196
0.50505,0.079,0.00018254
0.50505,0.08,0.00013086
0.50505,0.081,7.48553e-05
0.50505,0.082,1.41331e-05
0.50505,0.083,-5.18405e-05
0.50505,0.084,-0.000123718
0.50505,0.085,-0.000202182
0.50505,0.086,-0.000287781
0.50505,0.087,-0.000380824
0.50505,0.088,-0.000481474
0.50505,0.089,-0.00059012
0.50505,0.09,-0.000707912
0.50505,0.091,-0.000837306
0.50505,0.092,-0.000982415
0.50505,0.093,-0.00114884
0.50505,0.094,-0.00134237
0.50505,0.095,-0.00156582
0.50505,0.096,-0.00181437
0.50505,0.097,-0.00207117
0.50505,0.098,-0.002306
0.50505,0.099,-0.00247739
0.50505,0.1,-0.00253564
0.50505,0.101,-0.00242597
0.50505,0.102,-0.00209432
0.50505,0.103,-0.00150112
0.50505,0.104,-0.000645878
0.50505,0.105,0.000405088
0.50505,0.106,0.00151305
0.50505,0.107,0.00250773
0.50505,0.108,0.00325674
0.50505,0.109,0.00370843
0.50505,0.11,0.00388239
0.50505,0.111,0.00383371
0.50505,0.112,0.00362313
0.50505,0.113,0.00330279
0.50505,0.114,0.00291296
0.50505,0.115,0.00248376
0.50505,0.116,0.00203818
0.50505,0.117,0.00159504
0.50505,0.118,0.00117088
0.50505,0.119,0.000780568
0.50505,0.12,0.00043681
0.50505,0.121,0.000149485
0.50505,0.122,-7.43818e-05
0.50505,0.123,-0.000230211
0.50505,0.124,-0.000315333
0.50505,0.125,-0.000328646
0.50505,0.126,-0.000270564
0.50505,0.127,-0.000143268
0.50505,0.128,4.88334e-05
0.50505,0.129,0.000298632
0.50505,0.13,0.000596139
0.50505,0.131,0.000928838
0.50505,0.132,0.00128259
0.50505,0.133,0.00164273
0.50505,0.134,0.00199518
0.50505,0.135,0.00232709
0.50505,0.136,0.00262741
0.50505,0.137,0.00288724
0.50505,0.138,0.00310011
0.50505,0.139,0.00326232
0.50505,0.14,0.0033732
0.50505,0.141,0.00343511
0.50505,0.142,0.00345307
0.50505,0.143,0.0034341
0.50505,0.144,0.00338622
0.50505,0.145,0.00331747
0.50505,0.146,0.00323511
0.50505,0.147,0.0031451
0.50505,0.148,0.00305196
0.50505,0.149,0.00295886
0.50505,0.15,0.00286784
0.515152,0.001,0.000686799
0.515152,0.002,0.000686799
0.515152,0.003,0.000686799
0.515152,0.004,0.000686799
0.515152,0.005,0.000686799
0.515152,0.006,0.000686799
0.515152,0.007,0.000686799
0.515152,0.008,0.000686799
0.515152,0.009,0.000686799
0.515152,0.01,0.000686799
0.515152,0.011,0.000686799
0.515152,0.012,0.000686799
0.515152,0.013,0.000686799
0.515152,0.014,0.000686799
0.515152,0.015,0.000686799
0.515152,0.016,0.000686799
0.515152,0.017,0.000686799
0.515152,0.018,0.000686799
0.515152,0.019,0.0006868
0.515152,0.02,0.0006868
0.515152,0.021,0.000686801
0.515152,0.022,0.000686802
0.515152,0.023,0.000686802
0.515152,0.024,0.000686801
0.515152,0.025,0.000686802
0.515152,0.026,0.000686802
0.515152,0.027,0.000686804
0.515152,0.028,0.000686803
0.515152,0.029,0.000686804
0.515152,0.03,0.000686804
0.515152,0.031,0.000686805
0.515152,0.032,0.000686805
0.515152,0.033,0.000686803
0.515152,0.034,0.0006868
0.515152,0.035,0.000686796
0.515152,0.036,0.000686788
0.515152,0.037,0.000686777
0.515152,0.038,0.000686762
0.515152,0.039,0.00068674
0.515152,0.04,0.000686708
0.515152,0.041,0.000686668
0.515152,0.042,0.000686612
0.515152,0.043,0.000686537
0.515152,0.044,0.00068644
0.515152,0.045,0.000686317
0.515152,0.046,0.000686159
0.515152,0.047,0.000685959
0.515152,0.048,0.000685706
0.515152,0.049,0.000685392
0.515152,0.05,0.000685008
0.515152,0.051,0.000684533
0.515152,0.052,0.000683957
0.515152,0.053,0.000683261
0.515152,0.054,0.000682427
0.515152,0.055,0.000681426
0.515152,0.056,0.00068024
0.515152,0.057,0.000678839
0.515152,0.058,0.000677191
0.515152,0.059,0.000675263
0.515152,0.06,0.000673019
0.515152,0.061,0.000670412
0.515152,0.062,0.000667407
0.515152,0.063,0.000663948
0.515152,0.064,0.000659986
0.515152,0.065,0.000655464
0.515152,0.066,0.000650322
0.515152,0.067,0.000644495
0.515152,0.068,0.000637912
0.515152,0.069,0.000630502
0.515152,0.07,0.000622182
0.515152,0.071,0.000612867
0.515152,0.072,0.000602471
0.515152,0.073,0.0005909
0.515152,0.074,0.000578055
0.515152,0.075,0.000563829
0.515152,0.076,0.00054811
0.515152,0.077,0.000530778
0.515152,0.078,0.000511705
0.515152,0.079,0.000490757
0.515152,0.08,0.000467797
0.515152,0.081,0.000442678
0.515152,0.082,0.000415247
0.515152,0.083,0.00038534
0.515152,0.084,0.000352772
0.515152,0.085,0.000317341
0.515152,0.086,0.000278813
0.515152,0.087,0.000236952
0.515152,0.088,0.000191514
0.515152,0.089,0.000142255
0.515152,0.09,8.89335e-05
0.515152,0.091,3.12651e-05
0.515152,0.092,-3.11108e-05
0.515152,0.093,-9.86943e-05
0.515152,0.094,-0.000172147
0.515152,0.095,-0.000252285
0.515152,0.096,-0.000339972
0.515152,0.097,-0.000435943
0.515152,0.098,-0.000540696
0.515152,0.099,-0.000654584
0.515152,0.1,-0.000778133
0.515152,0.101,-0.000912511
0.515152,0.102,-0.00105989
0.515152,0.103,-0.00122353
0.515152,0.104,-0.00140708
0.515152,0.105,-0.00161278
0.515152,0.106,-0.00183819
0.515152,0.107,-0.00207249
0.515152,0.108,-0.00229445
0.515152,0.109,-0.00247311
0.515152,0.11,-0.00257003
0.515152,0.111,-0.00254131
0.515152,0.112,-0.00233974
0.515152,0.113,-0.00192056
0.515152,0.114,-0.00125515
0.515152,0.115,-0.000354615
0.515152,0.116,0.000705482
0.515152,0.117,0.00178394
0.515152,0.118,0.00271747
0.515152,0.119,0.00338788
0.515152,0.12,0.00375844
0.515152,0.121,0.00385927
0.515152,0.122,0.00375033
0.515152,0.123,0.00349327
0.515152,0.124,0.00313919
0.515152,0.125,0.00272672
0.515152,0.126,0.00228425
0.515152,0.127,0.00183315
0.515152,0.128,0.00139064
0.515152,0.129,0.000971813
0.515152,0.13,0.000590321
0.515152,0.131,0.000258012
0.515152,0.132,-1.58041e-05
0.515152,0.133,-0.000224593
0.515152,0.134,-0.000364307
0.515152,0.135,-0.000432882
0.515152,0.136,-0.000429905
0.515152,0.137,-0.000356515
0.515152,0.138,-0.000215624
0.515152,0.139,-1.22645e-05
0.515152,0.14,0.000246048
0.515152,0.141,0.000549266
0.515152,0.142,0.000885214
0.515152,0.143,0.0012404
0.515152,0.144,0.00160101
0.515152,0.145,0.00195379
0.515152,0.146,0.00228672
0.515152,0.147,0.00258944
0.515152,0.148,0.00285354
0.515152,0.149,0.00307282
0.515152,0.15,0.00324354
0.525253,0.001,0.000686799
0.525253,0.002,0.000686799
0.525253,0.003,0.000686799
0.525253,0.004,0.000686799
0.525253,0.005,0.000686799
0.525253,0.006,0.000686799
0.525253,0.007,0.000686799
0.525253,0.008,0.000686799
0.525253,0.009,0.000686799
0.525253,0.01,0.000686799
0.525253,0.011,0.000686799
0.525253,0.012,0.000686799
0.525253,0.013,0.000686799
0.525253,0.014,0.0006868
0.525253,0.015,0.0006868
0.525253,0.016,0.000686801
0.525253,0.017,0.0006868
0.525253,0.018,0.000686799
0.525253,0.019,0.000686801
0.525253,0.02,0.0006868
0.525253,0.021,0.000686797
0.525253,0.022,0.000686797
0.525253,0.023,0.000686793
0.525253,0.024,0.00068679
0.525253,0.025,0.000686786
0.525253,0.026,0.000686781
0.525253,0.027,0.000686775
0.525253,0.028,0.000686769
0.525253,0.029,0.000686758
0.525253,0.03,0.000686746
0.525253,0.031,0.000686732
0.525253,0.032,0.000686715
0.525253,0.033,0.000686694
0.525253,0.034,0.00068667
0.525253,0.035,0.000686644
0.525253,0.036,0.000686613
0.525253,0.037,0.000686578
0.525253,0.038,0.000686537
0.525253,0.039,0.000686491
0.525253,0.04,0.000686441
0.525253,0.041,0.000686384
0.525253,0.042,0.000686324
0.525253,0.043,0.000686258
0.525253,0.044,0.000686185
0.525253,0.045,0.000686105
0.525253,0.046,0.000686019
0.525253,0.047,0.000685923
0.525253,0.048,0.00068582
0.525253,0.049,0.000685708
0.525253,0.05,0.000685584
0.525253,0.051,0.000685448
0.525253,0.052,0.000685297
0.525253,0.053,0.00068513
0.525253,0.054,0.000684943
0.525253,0.055,0.000684731
0.525253,0.056,0.000684489
0.525253,0.057,0.000684214
0.525253,0.058,0.000683897
0.525253,0.059,0.000683529
0.525253,0.06,0.000683104
0.525253,0.061,0.000682608
0.525253,0.062,0.000682031
0.525253,0.063,0.000681358
0.525253,0.064,0.000680571
0.525253,0.065,0.000679653
0.525253,0.066,0.000678579
0.525253,0.067,0.00067733
0.525253,0.068,0.000675882
0.525253,0.069,0.000674198
0.525253,0.07,0.000672255
0.525253,0.071,0.00067001
0.525253,0.072,0.000667428
0.525253,0.073,0.000664468
0.525253,0.074,0.000661085
0.525253,0.075,0.000657229
0.525253,0.076,0.000652846
0.525253,0.077,0.000647881
0.525253,0.078,0.000642274
0.525253,0.079,0.000635954
0.525253,0.08,0.000628861
0.525253,0.081,0.000620916
0.525253,0.082,0.000612044
0.525253,0.083,0.000602159
0.525253,0.084,0.000591175
0.525253,0.085,0.000579006
0.525253,0.086,0.000565546
0.525253,0.087,0.000550697
0.525253,0.088,0.000534348
0.525253,0.089,0.000516383
0.525253,0.09,0.000496684
0.525253,0.091,0.000475124
0.525253,0.092,0.000451573
0.525253,0.093,0.000425896
0.525253,0.094,0.00039794
0.525253,0.095,0.000367538
0.525253,0.096,0.000334503
0.525253,0.097,0.00029862
0.525253,0.098,0.00025967
0.525253,0.099,0.000217436
0.525253,0.1,0.000171699
0.525253,0.101,0.000122252
0.525253,0.102,6.88659e-05
0.525253,0.103,1.1273e-05
0.525253,0.104,-5.08631e-05
0.525253,0.105,-0.000117939
0.525253,0.106,-0.000190377
0.525253,0.107,-0.000268548
0.525253,0.108,-0.000352738
0.525253,0.109,-0.000443252
0.525253,0.11,-0.000540711
0.525253,0.111,-0.00064651
0.525253,0.112,-0.000763315
0.525253,0.113,-0.000895466
0.525253,0.114,-0.00104901
0.525253,0.115,-0.00123086
0.525253,0.116,-0.00144639
0.525253,0.117,-0.00169534
0.525253,0.118,-0.0019673
0.525253,0.119,-0.00223948
0.525253,0.12,-0.00247815
0.525253,0.121,-0.00264196
0.525253,0.122,-0.00268437
0.525253,0.123,-0.00255573
0.525253,0.124,-0.00220812
0.525253,0.125,-0.00160773
0.525253,0.126,-0.000757202
0.525253,0.127,0.000278657
0.525253,0.128,0.00136631
0.525253,0.129,0.0023399
0.525253,0.13,0.00306781
0.525253,0.131,0.00349732
0.525253,0.132,0.00364804
0.525253,0.133,0.0035766
0.525253,0.134,0.00334584
0.525253,0.135,0.0030097
0.525253,0.136,0.00260987
0.525253,0.137,0.00217739
0.525253,0.138,0.00173572
0.525253,0.139,0.00130342
0.525253,0.14,0.000895976
0.525253,0.141,0.000526546
0.525253,0.142,0.000205973
0.525253,0.143,-5.74055e-05
0.525253,0.144,-0.000257702
0.525253,0.145,-0.000391178
0.525253,0.146,-0.000455875
0.525253,0.147,-0.000451418
0.525253,0.148,-0.000379008
0.525253,0.149,-0.000241625
0.525253,0.15,-4.43324e-05
0.535354,0.001,0.000686799
0.535354,0.002,0.000686799
0.535354,0.003,0.000686799
0.535354,0.004,0.000686799
0.535354,0.005,0.000686799
0.535354,0.006,0.000686799
0.535354,0.007,0.000686799
0.535354,0.008,0.000686799
0.535354,0.009,0.000686799
0.535354,0.01,0.000686801
0.535354,0.011,0.000686801
0.535354,0.012,0.000686801
0.535354,0.013,0.000686801
0.535354,0.014,0.000686802
0.535354,0.015,0.000686804
0.535354,0.016,0.000686806
0.535354,0.017,0.000686809
0.535354,0.018,0.000686814
0.535354,0.019,0.000686821
0.535354,0.02,0.000686829
0.535354,0.021,0.00068684
0.535354,0.022,0.000686855
0.535354,0.023,0.000686873
0.535354,0.024,0.000686896
0.535354,0.025,0.000686923
0.535354,0.026,0.000686958
0.535354,0.027,0.000686997
0.535354,0.028,0.000687043
0.535354,0.029,0.000687097
0.535354,0.03,0.000687159
0.535354,0.031,0.000687226
0.535354,0.032,0.000687303
0.535354,0.033,0.000687386
0.535354,0.034,0.000687476
0.535354,0.035,0.000687572
0.535354,0.036,0.00068767
0.535354,0.037,0.000687775
0.535354,0.038,0.00068788
0.535354,0.039,0.000687985
0.535354,0.04,0.000688085
0.535354,0.041,0.000688178
0.535354,0.042,0.000688259
0.535354,0.043,0.000688328
0.535354,0.044,0.000688377
0.535354,0.045,0.000688401
0.535354,0.046,0.000688395
0.535354,0.047,0.000688353
0.535354,0.048,0.000688269
0.535354,0.049,0.000688137
0.535354,0.05,0.000687945
0.535354,0.051,0.00068769
0.535354,0.052,0.000687363
0.535354,0.053,0.000686955
0.535354,0.054,0.000686458
0.535354,0.055,0.000685863
0.535354,0.056,0.00068516
0.535354,0.057,0.000684341
0.535354,0.058,0.000683399
0.535354,0.059,0.000682322
0.535354,0.06,0.000681101
0.535354,0.061,0.000679728
0.535354,0.062,0.000678195
0.535354,0.063,0.00067649
0.535354,0.064,0.000674605
0.535354,0.065,0.000672533
0.535354,0.066,0.000670263
0.535354,0.067,0.000667787
0.535354,0.068,0.000665095
0.535354,0.069,0.000662179
0.535354,0.07,0.000659029
0.535354,0.071,0.000655633
0.535354,0.072,0.000651982
0.535354,0.073,0.000648065
0.535354,0.074,0.000643869
0.535354,0.075,0.000639381
0.535354,0.076,0.00063459
0.535354,0.077,0.000629477
0.535354,0.078,0.000624026
0.535354,0.079,0.000618215
0.535354,0.08,0.00061203
0.535354,0.081,0.000605444
0.535354,0.082,0.000598433
0.535354,0.083,0.000590967
0.535354,0.084,0.000583021
0.535354,0.085,0.000574555
0.535354,0.086,0.000565537
0.535354,0.087,0.000555928
0.535354,0.088,0.000545683
0.535354,0.089,0.000534755
0.535354,0.09,0.000523095
0.535354,0.091,0.000510646
0.535354,0.092,0.000497352
0.535354,0.093,0.00048315
0.535354,0.094,0.000467972
0.535354,0.095,0.000451746
0.535354,0.096,0.000434398
0.535354,0.097,0.000415845
0.535354,0.098,0.000395997
0.535354,0.099,0.000374757
0.535354,0.1,0.000352029
0.535354,0.101,0.000327698
0.535354,0.102,0.000301658
0.535354,0.103,0.000273797
0.535354,0.104,0.000243987
0.535354,0.105,0.000212105
0.535354,0.106,0.000178009
0.535354,0.107,0.000141553
0.535354,0.108,0.000102582
0.535354,0.109,6.09436e-05
0.535354,0.11,1.64835e-05
0.535354,0.111,-3.09636e-05
0.535354,0.112,-8.16029e-05
0.535354,0.113,-0.000135724
0.535354,0.114,-0.000193745
0.535354,0.115,-0.000256245
0.535354,0.116,-0.000323955
0.535354,0.117,-0.000397641
0.535354,0.118,-0.000477926
0.535354,0.119,-0.00056511
0.535354,0.12,-0.000659175
0.535354,0.121,-0.000760088
0.535354,0.122,-0.000868322
0.535354,0.123,-0.000985433
0.535354,0.124,-0.00111457
0.535354,0.125,-0.00126064
0.535354,0.126,-0.00142977
0.535354,0.127,-0.00162729
0.535354,0.128,-0.00185386
0.535354,0.129,-0.00210069
0.535354,0.13,-0.00234631
0.535354,0.131,-0.002557
0.535354,0.132,-0.00269005
0.535354,0.133,-0.00269733
0.535354,0.134,-0.00252927
0.535354,0.135,-0.00214197
0.535354,0.136,-0.00151138
0.535354,0.137,-0.000654375
0.535354,0.138,0.000352888
0.535354,0.139,0.00137967
0.535354,0.14,0.00228053
0.535354,0.141,0.00294937
0.535354,0.142,0.00334793
0.535354,0.143,0.00349549
0.535354,0.144,0.00344045
0.535354,0.145,0.0032367
0.535354,0.146,0.00293174
0.535354,0.147,0.00256359
0.535354,0.148,0.00216169
0.535354,0.149,0.00174914
0.535354,0.15,0.00134459
0.545455,0.001,0.0006868
0.545455,0.002,0.0006868
0.545455,0.003,0.0006868
0.545455,0.004,0.0006868
0.545455,0.005,0.0006868
0.545455,0.006,0.0006868
0.545455,0.007,0.0006868
0.545455,0.008,0.000686799
0.545455,0.009,0.0006868
0.545455,0.01,0.000686797
0.545455,0.011,0.000686794
0.545455,0.012,0.000686789
0.545455,0.013,0.000686781
0.545455,0.014,0.000686769
0.545455,0.015,0.000686749
0.545455,0.016,0.000686727
0.545455,0.017,0.000686692
0.545455,0.018,0.00068665
0.545455,0.019,0.000686596
0.545455,0.02,0.00068653
0.545455,0.021,0.000686449
0.545455,0.022,0.000686353
0.545455,0.023,0.000686241
0.545455,0.024,0.000686112
0.545455,0.025,0.000685967
0.545455,0.026,0.000685806
0.545455,0.027,0.000685631
0.545455,0.028,0.000685441
0.545455,0.029,0.000685241
0.545455,0.03,0.000685032
0.545455,0.031,0.000684818
0.545455,0.032,0.000684606
0.545455,0.033,0.000684399
0.545455,0.034,0.000684203
0.545455,0.035,0.000684028
0.545455,0.036,0.000683876
0.545455,0.037,0.000683762
0.545455,0.038,0.000683693
0.545455,0.039,0.000683678
0.545455,0.04,0.000683727
0.545455,0.041,0.00068385
0.545455,0.042,0.000684062
0.545455,0.043,0.000684369
0.545455,0.044,0.000684786
0.545455,0.045,0.000685328
0.545455,0.046,0.000685996
0.545455,0.047,0.000686811
0.545455,0.048,0.000687777
0.545455,0.049,0.000688908
0.545455,0.05,0.000690211
0.545455,0.051,0.000691694
0.545455,0.052,0.000693366
0.545455,0.053,0.000695231
0.545455,0.054,0.000697294
0.545455,0.055,0.000699557
0.545455,0.056,0.000702024
0.545455,0.057,0.000704691
0.545455,0.058,0.000707556
0.545455,0.059,0.000710613
0.545455,0.06,0.000713857
0.545455,0.061,0.00071728
0.545455,0.062,0.000720865
0.545455,0.063,0.000724602
0.545455,0.064,0.000728472
0.545455,0.065,0.000732459
0.545455,0.066,0.000736534
0.545455,0.067,0.000740679
0.545455,0.068,0.000744865
0.545455,0.069,0.00074906
0.545455,0.07,0.000753237
0.545455,0.071,0.000757357
0.545455,0.072,0.000761385
0.545455,0.073,0.000765283
0.545455,0.074,0.000769012
0.545455,0.075,0.000772529
0.545455,0.076,0.000775793
0.545455,0.077,0.000778758
0.545455,0.078,0.000781379
0.545455,0.079,0.000783613
0.545455,0.08,0.000785412
0.545455,0.081,0.00078673
0.545455,0.082,0.000787523
0.545455,0.083,0.000787745
0.545455,0.084,0.000787351
0.545455,0.085,0.000786292
0.545455,0.086,0.000784529
0.545455,0.087,0.000782021
0.545455,0.088,0.00077872
0.545455,0.089,0.000774588
0.545455,0.09,0.000769586
0.545455,0.091,0.000763672
0.545455,0.092,0.00075681
0.545455,0.093,0.000748964
0.545455,0.094,0.000740096
0.545455,0.095,0.000730168
0.545455,0.096,0.000719147
0.545455,0.097,0.000706994
0.545455,0.098,0.000693675
0.545455,0.099,0.000679151
0.545455,0.1,0.000663383
0.545455,0.101,0.000646333
0.545455,0.102,0.000627955
0.545455,0.103,0.000608211
0.545455,0.104,0.00058705
0.545455,0.105,0.000564424
0.545455,0.106,0.000540278
0.545455,0.107,0.000514561
0.545455,0.108,0.00048721
0.545455,0.109,0.000458158
0.545455,0.11,0.000427342
0.545455,0.111,0.000394684
0.545455,0.112,0.000360113
0.545455,0.113,0.000323542
0.545455,0.114,0.000284877
0.545455,0.115,0.000244015
0.545455,0.116,0.000200822
0.545455,0.117,0.000155142
0.545455,0.118,0.000106794
0.545455,0.119,5.55755e-05
0.545455,0.12,1.28121e-06
0.545455,0.121,-5.62822e-05
0.545455,0.122,-0.000117295
0.545455,0.123,-0.000181947
0.545455,0.124,-0.000250469
0.545455,0.125,-0.000323201
0.545455,0.126,-0.000400631
0.545455,0.127,-0.000483411
0.545455,0.128,-0.000572304
0.545455,0.129,-0.000668048
0.545455,0.13,-0.000771151
0.545455,0.131,-0.000881831
0.545455,0.132,-0.00100016
0.545455,0.133,-0.00112646
0.545455,0.134,-0.00126169
0.545455,0.135,-0.00140774
0.545455,0.136,-0.00156736
0.545455,0.137,-0.0017432
0.545455,0.138,-0.00193578
0.545455,0.139,-0.00214018
0.545455,0.14,-0.00234251
0.545455,0.141,-0.00251807
0.545455,0.142,-0.00263219
0.545455,0.143,-0.002643
0.545455,0.144,-0.00250542
0.545455,0.145,-0.00217738
0.545455,0.146,-0.00163075
0.545455,0.147,-0.00086828
0.545455,0.148,5.91706e-05
0.545455,0.149,0.0010492
0.545455,0.15,0.00197219
0.555556,0.001,0.0006868
0.555556,0.002,0.0006868
0.555556,0.003,0.0006868
0.555556,0.004,0.0006868
0.555556,0.005,0.000686801
0.555556,0.006,0.000686803
0.555556,0.007,0.000686808
0.555556,0.008,0.000686818
0.555556,0.009,0.00068684
0.555556,0.01,0.000686874
0.555556,0.011,0.000686925
0.555556,0.012,0.000686998
0.555556,0.013,0.000687099
0.555556,0.014,0.000687228
0.555556,0.015,0.000687392
0.555556,0.016,0.000687596
0.555556,0.017,0.000687837
0.555556,0.018,0.000688121
0.555556,0.019,0.000688443
0.555556,0.02,0.000688803
0.555556,0.021,0.000689197
0.555556,0.022,0.000689622
0.555556,0.023,0.000690068
0.555556,0.024,0.000690528
0.555556,0.025,0.000690989
0.555556,0.026,0.000691439
0.555556,0.027,0.000691863
0.555556,0.028,0.000692244
0.555556,0.029,0.000692562
0.555556,0.03,0.000692798
0.555556,0.031,0.000692933
0.555556,0.032,0.00069294
0.555556,0.033,0.000692799
0.555556,0.034,0.000692485
0.555556,0.035,0.000691976
0.555556,0.036,0.000691248
0.555556,0.037,0.00069028
0.555556,0.038,0.00068905
0.555556,0.039,0.000687537
0.555556,0.04,0.000685724
0.555556,0.041,0.000683599
0.555556,0.042,0.000681147
0.555556,0.043,0.000678358
0.555556,0.044,0.000675229
0.555556,0.045,0.000671759
0.555556,0.046,0.000667946
0.555556,0.047,0.000663799
0.555556,0.048,0.000659326
0.555556,0.049,0.000654543
0.555556,0.05,0.000649467
0.555556,0.051,0.000644121
0.555556,0.052,0.000638533
0.555556,0.053,0.000632728
0.555556,0.054,0.000626743
0.555556,0.055,0.000620611
0.555556,0.056,0.000614371
0.555556,0.057,0.000608066
0.555556,0.058,0.000601737
0.555556,0.059,0.00059543
0.555556,0.06,0.000589186
0.555556,0.061,0.000583056
0.555556,0.062,0.000577083
0.555556,0.063,0.000571314
0.555556,0.064,0.000565794
0.555556,0.065,0.000560569
0.555556,0.066,0.000555678
0.555556,0.067,0.000551168
0.555556,0.068,0.000547076
0.555556,0.069,0.000543434
0.555556,0.07,0.000540285
0.555556,0.071,0.000537654
0.555556,0.072,0.000535572
0.555556,0.073,0.000534062
0.555556,0.074,0.000533145
0.555556,0.075,0.000532837
0.555556,0.076,0.00053315
0.555556,0.077,0.000534091
0.555556,0.078,0.000535666
0.555556,0.079,0.000537869
0.555556,0.08,0.000540694
0.555556,0.081,0.00054413
0.555556,0.082,0.000548158
0.555556,0.083,0.000552752
0.555556,0.084,0.000557889
0.555556,0.085,0.000563528
0.555556,0.086,0.000569632
0.555556,0.087,0.000576157
0.555556,0.088,0.000583048
0.555556,0.089,0.00059025
0.555556,0.09,0.000597702
0.555556,0.091,0.000605334
0.555556,0.092,0.000613077
0.555556,0.093,0.000620857
0.555556,0.094,0.000628589
0.555556,0.095,0.000636193
0.555556,0.096,0.000643581
0.555556,0.097,0.000650664
0.555556,0.098,0.000657347
0.555556,0.099,0.000663539
0.555556,0.1,0.000669142
0.555556,0.101,0.00067406
0.555556,0.102,0.000678194
0.555556,0.103,0.00068145
0.555556,0.104,0.000683731
0.555556,0.105,0.000684938
0.555556,0.106,0.000684979
0.555556,0.107,0.000683757
0.555556,0.108,0.000681183
0.555556,0.109,0.000677163
0.555556,0.11,0.00067161
0.555556,0.111,0.000664438
0.555556,0.112,0.000655562
0.555556,0.113,0.000644897
0.555556,0.114,0.000632365
0.555556,0.115,0.000617883
0.555556,0.116,0.000601373
0.555556,0.117,0.000582754
0.555556,0.118,0.000561946
0.555556,0.119,0.000538862
0.555556,0.12,0.000513416
0.555556,0.121,0.000485512
0.555556,0.122,0.000455057
0.555556,0.123,0.00042195
0.555556,0.124,0.00038609
0.555556,0.125,0.000347368
0.555556,0.126,0.000305667
0.555556,0.127,0.000260854
0.555556,0.128,0.000212773
0.555556,0.129,0.000161246
0.555556,0.13,0.00010607
0.555556,0.131,4.70253e-05
0.555556,0.132,-1.60952e-05
0.555556,0.133,-8.35098e-05
0.555556,0.134,-0.000155437
0.555556,0.135,-0.000232125
0.555556,0.136,-0.000313881
0.555556,0.137,-0.000401101
0.555556,0.138,-0.000494261
0.555556,0.139,-0.000593901
0.555556,0.14,-0.000700534
0.555556,0.141,-0.000814585
0.555556,0.142,-0.000936444
0.555556,0.143,-0.00106661
0.555556,0.144,-0.00120596
0.555556,0.145,-0.00135589
0.555556,0.146,-0.0015182
0.555556,0.147,-0.00169447
0.555556,0.148,-0.00188444
0.555556,0.149,-0.0020836
0.555556,0.15,-0.00228034
0.565657,0.001,0.0006868
0.565657,0.002,0.0006868
0.565657,0.003,0.0006868
0.565657,0.004,0.000686793
0.565657,0.005,0.000686757
0.565657,0.006,0.000686678
0.565657,0.007,0.000686537
0.565657,0.008,0.000686319
0.565657,0.009,0.000686005
0.565657,0.01,0.00068559
0.565657,0.011,0.000685063
0.565657,0.012,0.000684428
0.565657,0.013,0.000683686
0.565657,0.014,0.000682844
0.565657,0.015,0.000681918
0.565657,0.016,0.000680926
0.565657,0.017,0.000679892
0.565657,0.018,0.000678839
0.565657,0.019,0.000677803
0.565657,0.02,0.000676812
0.565657,0.021,0.000675907
0.565657,0.022,0.000675122
0.565657,0.023,0.000674501
0.565657,0.024,0.000674085
0.565657,0.025,0.000673914
0.565657,0.026,0.000674032
0.565657,0.027,0.000674479
0.565657,0.028,0.000675299
0.565657,0.029,0.00067653
0.565657,0.03,0.000678207
0.565657,0.031,0.000680369
0.565657,0.032,0.000683048
0.565657,0.033,0.000686268
0.565657,0.034,0.000690055
0.565657,0.035,0.000694426
0.565657,0.036,0.000699399
0.565657,0.037,0.000704974
0.565657,0.038,0.000711158
0.565657,0.039,0.00071794
0.565657,0.04,0.000725309
0.565657,0.041,0.000733244
0.565657,0.042,0.000741714
0.565657,0.043,0.00075068
0.565657,0.044,0.000760096
0.565657,0.045,0.000769907
0.565657,0.046,0.000780052
0.565657,0.047,0.00079046
0.565657,0.048,0.000801055
0.565657,0.049,0.000811754
0.565657,0.05,0.000822469
0.565657,0.051,0.000833105
0.565657,0.052,0.000843566
0.565657,0.053,0.000853753
0.565657,0.054,0.000863565
0.565657,0.055,0.000872904
0.565657,0.056,0.000881669
0.565657,0.057,0.000889766
0.565657,0.058,0.000897102
0.565657,0.059,0.000903593
0.565657,0.06,0.000909157
0.565657,0.061,0.000913721
0.565657,0.062,0.000917226
0.565657,0.063,0.000919615
0.565657,0.064,0.000920847
0.565657,0.065,0.00092089
0.565657,0.066,0.000919719
0.565657,0.067,0.000917333
0.565657,0.068,0.000913727
0.565657,0.069,0.000908919
0.565657,0.07,0.000902931
0.565657,0.071,0.000895805
0.565657,0.072,0.000887584
0.565657,0.073,0.000878325
0.565657,0.074,0.000868094
0.565657,0.075,0.000856968
0.565657,0.076,0.000845022
0.565657,0.077,0.000832343
0.565657,0.078,0.000819026
0.565657,0.079,0.000805164
0.565657,0.08,0.000790858
0.565657,0.081,0.000776204
0.565657,0.082,0.000761309
0.565657,0.083,0.000746273
0.565657,0.084,0.000731197
0.565657,0.085,0.000716177
0.565657,0.086,0.000701312
0.565657,0.087,0.000686697
0.565657,0.088,0.000672422
0.565657,0.089,0.000658568
0.565657,0.09,0.000645216
0.565657,0.091,0.000632442
0.565657,0.092,0.000620314
0.565657,0.093,0.000608892
0.565657,0.094,0.000598231
0.565657,0.095,0.000588375
0.565657,0.096,0.000579367
0.565657,0.097,0.000571229
0.565657,0.098,0.000563988
0.565657,0.099,0.000557658
0.565657,0.1,0.000552237
0.565657,0.101,0.000547723
0.565657,0.102,0.000544099
0.565657,0.103,0.000541341
0.565657,0.104,0.000539414
0.565657,0.105,0.000538276
0.565657,0.106,0.000537871
0.565657,0.107,0.000538139
0.565657,0.108,0.000539013
0.565657,0.109,0.000540407
0.565657,0.11,0.000542239
0.565657,0.111,0.000544411
0.565657,0.112,0.000546822
0.565657,0.113,0.000549366
0.565657,0.114,0.000551925
0.565657,0.115,0.000554376
0.565657,0.116,0.0005566
0.565657,0.117,0.000558464
0.565657,0.118,0.000559839
0.565657,0.119,0.000560585
0.565657,0.12,0.000560568
0.565657,0.121,0.000559644
0.565657,0.122,0.000557675
0.565657,0.123,0.000554517
0.565657,0.124,0.000550029
0.565657,0.125,0.000544066
0.565657,0.126,0.000536488
0.565657,0.127,0.000527153
0.565657,0.128,0.00051592
0.565657,0.129,0.000502647
0.565657,0.13,0.000487189
0.565657,0.131,0.000469405
0.565657,0.132,0.000449146
0.565657,0.133,0.000426267
0.565657,0.134,0.000400618
0.565657,0.135,0.000372049
0.565657,0.136,0.000340412
0.565657,0.137,0.000305549
0.565657,0.138,0.000267297
0.565657,0.139,0.000225482
0.565657,0.14,0.000179918
0.565657,0.141,0.000130407
0.565657,0.142,7.675e-05
0.565657,0.143,1.87339e-05
0.565657,0.144,-4.3861e-05
0.565657,0.145,-0.000111284
0.565657,0.146,-0.000183818
0.565657,0.147,-0.00026181
0.565657,0.148,-0.000345664
0.565657,0.149,-0.000435825
0.565657,0.15,-0.000532749
0.575758,0.001,0.0006868
0.575758,0.002,0.0006868
0.575758,0.003,0.000687012
0.575758,0.004,0.0006876
0.575758,0.005,0.000688641
0.575758,0.006,0.000690143
0.575758,0.007,0.000692085
0.575758,0.008,0.000694412
0.575758,0.009,0.000697054
0.575758,0.01,0.000699914
0.575758,0.011,0.000702884
0.575758,0.012,0.000705845
0.575758,0.013,0.000708665
0.575758,0.014,0.000711208
0.575758,0.015,0.000713336
0.575758,0.016,0.000714914
0.575758,0.017,0.000715806
0.575758,0.018,0.000715891
0.575758,0.019,0.000715058
0.575758,0.02,0.00071321
0.575758,0.021,0.000710267
0.575758,0.022,0.000706168
0.575758,0.023,0.000700879
0.575758,0.024,0.000694381
0.575758,0.025,0.000686682
0.575758,0.026,0.000677809
0.575758,0.027,0.000667807
0.575758,0.028,0.000656749
0.575758,0.029,0.000644718
0.575758,0.03,0.000631811
0.575758,0.031,0.000618143
0.575758,0.032,0.000603834
0.575758,0.033,0.000589013
0.575758,0.034,0.00057381
0.575758,0.035,0.000558361
0.575758,0.036,0.000542804
0.575758,0.037,0.000527273
0.575758,0.038,0.000511899
0.575758,0.039,0.000496816
0.575758,0.04,0.000482146
0.575758,0.041,0.000468014
0.575758,0.042,0.000454536
0.575758,0.043,0.000441825
0.575758,0.044,0.000429989
0.575758,0.045,0.000419131
0.575758,0.046,0.000409347
0.575758,0.047,0.000400725
0.575758,0.048,0.000393355
0.575758,0.049,0.000387303
0.575758,0.05,0.000382649
0.575758,0.051,0.000379449
0.575758,0.052,0.000377758
0.575758,0.053,0.000377618
0.575758,0.054,0.000379061
0.575758,0.055,0.000382112
0.575758,0.056,0.000386782
0.575758,0.057,0.000393073
0.575758,0.058,0.000400973
0.575758,0.059,0.000410455
0.575758,0.06,0.000421482
0.575758,0.061,0.000434006
0.575758,0.062,0.000447953
0.575758,0.063,0.000463254
0.575758,0.064,0.000479813
0.575758,0.065,0.000497524
0.575758,0.066,0.00051627
0.575758,0.067,0.00053592
0.575758,0.068,0.000556334
0.575758,0.069,0.000577358
0.575758,0.07,0.000598838
0.575758,0.071,0.000620607
0.575758,0.072,0.000642492
0.575758,0.073,0.000664323
0.575758,0.074,0.000685927
0.575758,0.075,0.000707128
0.575758,0.076,0.000727755
0.575758,0.077,0.00074765
0.575758,0.078,0.000766649
0.575758,0.079,0.000784606
0.575758,0.08,0.000801381
0.575758,0.081,0.000816855
0.575758,0.082,0.00083091
0.575758,0.083,0.000843452
0.575758,0.084,0.000854399
0.575758,0.085,0.00086369
0.575758,0.086,0.000871275
0.575758,0.087,0.000877122
0.575758,0.088,0.000881216
0.575758,0.089,0.000883562
0.575758,0.09,0.000884176
0.575758,0.091,0.000883093
0.575758,0.092,0.000880359
0.575758,0.093,0.000876036
0.575758,0.094,0.000870191
0.575758,0.095,0.000862913
0.575758,0.096,0.000854295
0.575758,0.097,0.000844428
0.575758,0.098,0.000833427
0.575758,0.099,0.000821398
0.575758,0.1,0.000808465
0.575758,0.101,0.000794737
0.575758,0.102,0.000780339
0.575758,0.103,0.00076539
0.575758,0.104,0.00075001
0.575758,0.105,0.000734315
0.575758,0.106,0.000718424
0.575758,0.107,0.000702447
0.575758,0.108,0.000686487
0.575758,0.109,0.000670654
0.575758,0.11,0.000655039
0.575758,0.111,0.000639732
0.575758,0.112,0.000624817
0.575758,0.113,0.000610368
0.575758,0.114,0.000596443
0.575758,0.115,0.000583109
0.575758,0.116,0.000570403
0.575758,0.117,0.00055837
0.575758,0.118,0.000547029
0.575758,0.119,0.000536399
0.575758,0.12,0.00052648
0.575758,0.121,0.000517269
0.575758,0.122,0.000508745
0.575758,0.123,0.000500878
0.575758,0.124,0.000493623
0.575758,0.125,0.000486932
0.575758,0.126,0.000480738
0.575758,0.127,0.000474966
0.575758,0.128,0.000469533
0.575758,0.129,0.00046434
0.575758,0.13,0.000459285
0.575758,0.131,0.000454254
0.575758,0.132,0.00044912
0.575758,0.133,0.000443756
0.575758,0.134,0.000438024
0.575758,0.135,0.000431775
0.575758,0.136,0.000424862
0.575758,0.137,0.000417124
0.575758,0.138,0.000408405
0.575758,0.139,0.000398538
0.575758,0.14,0.000387353
0.575758,0.141,0.000374677
0.575758,0.142,0.000360338
0.575758,0.143,0.000344153
0.575758,0.144,0.000325948
0.575758,0.145,0.000305537
0.575758,0.146,0.000282739
0.575758,0.147,0.000257367
0.575758,0.148,0.000229232
0.575758,0.149,0.000198134
0.575758,0.15,0.000163876
0.585859,0.001,0.0006868
0.585859,0.002,0.00068203
0.585859,0.003,0.000673766
0.585859,0.004,0.000664339
0.585859,0.005,0.000654818
0.585859,0.006,0.000645713
0.585859,0.007,0.000637342
0.585859,0.008,0.000629952
0.585859,0.009,0.000623789
0.585859,0.01,0.000619099
0.585859,0.011,0.000616124
0.585859,0.012,0.000615105
0.585859,0.013,0.000616258
0.585859,0.014,0.000619784
0.585859,0.015,0.000625855
0.585859,0.016,0.000634605
0.585859,0.017,0.000646123
0.585859,0.018,0.000660458
0.585859,0.019,0.000677599
0.585859,0.02,0.000697492
0.585859,0.021,0.000720018
0.585859,0.022,0.000745005
0.585859,0.023,0.000772223
0.585859,0.024,0.000801398
0.585859,0.025,0.000832198
0.585859,0.026,0.00086426
0.585859,0.027,0.000897178
0.585859,0.028,0.000930528
0.585859,0.029,0.00096386
0.585859,0.03,0.000996727
0.585859,0.031,0.00102868
0.585859,0.032,0.00105927
0.585859,0.033,0.00108809
0.585859,0.034,0.00111474
0.585859,0.035,0.00113887
0.585859,0.036,0.00116015
0.585859,0.037,0.00117832
0.585859,0.038,0.00119315
0.585859,0.039,0.00120448
0.585859,0.04,0.00121216
0.585859,0.041,0.00121616
0.585859,0.042,0.00121645
0.585859,0.043,0.00121306
0.585859,0.044,0.00120607
0.585859,0.045,0.00119562
0.585859,0.046,0.00118185
0.585859,0.047,0.00116498
0.585859,0.048,0.00114522
0.585859,0.049,0.00112281
0.585859,0.05,0.00109802
0.585859,0.051,0.00107112
0.585859,0.052,0.00104238
0.585859,0.053,0.00101209
0.585859,0.054,0.000980527
0.585859,0.055,0.000947961
0.585859,0.056,0.000914661
0.585859,0.057,0.000880894
0.585859,0.058,0.000846913
0.585859,0.059,0.000812966
0.585859,0.06,0.000779289
0.585859,0.061,0.000746116
0.585859,0.062,0.000713662
0.585859,0.063,0.000682146
0.585859,0.064,0.000651771
0.585859,0.065,0.000622728
0.585859,0.066,0.000595203
0.585859,0.067,0.000569365
0.585859,0.068,0.000545375
0.585859,0.069,0.000523379
0.585859,0.07,0.000503507
0.585859,0.071,0.000485872
0.585859,0.072,0.000470576
0.585859,0.073,0.000457696
0.585859,0.074,0.000447297
0.585859,0.075,0.000439417
0.585859,0.076,0.00043408
0.585859,0.077,0.000431284
0.585859,0.078,0.000431011
0.585859,0.079,0.000433217
0.585859,0.08,0.000437839
0.585859,0.081,0.000444789
0.585859,0.082,0.000453964
0.585859,0.083,0.000465238
0.585859,0.084,0.000478462
0.585859,0.085,0.000493476
0.585859,0.086,0.0005101
0.585859,0.087,0.000528137
0.585859,0.088,0.000547383
0.585859,0.089,0.00056762
0.585859,0.09,0.000588624
0.585859,0.091,0.000610168
0.585859,0.092,0.000632023
0.585859,0.093,0.000653953
0.585859,0.094,0.000675734
0.585859,0.095,0.000697148
0.585859,0.096,0.000717979
0.585859,0.097,0.000738027
0.585859,0.098,0.000757109
0.585859,0.099,0.000775048
0.585859,0.1,0.000791691
0.585859,0.101,0.0008069
0.585859,0.102,0.000820554
0.585859,0.103,0.000832554
0.585859,0.104,0.000842822
0.585859,0.105,0.0008513
0.585859,0.106,0.000857945
0.585859,0.107,0.000862735
0.585859,0.108,0.00086567
0.585859,0.109,0.000866763
0.585859,0.11,0.000866044
0.585859,0.111,0.000863556
0.585859,0.112,0.000859359
0.585859,0.113,0.000853523
0.585859,0.114,0.000846126
0.585859,0.115,0.00083726
0.585859,0.116,0.000827016
0.585859,0.117,0.000815503
0.585859,0.118,0.000802821
0.585859,0.119,0.000789085
0.585859,0.12,0.000774403
0.585859,0.121,0.00075889
0.585859,0.122,0.000742656
0.585859,0.123,0.000725819
0.585859,0.124,0.000708483
0.585859,0.125,0.000690756
0.585859,0.126,0.000672744
0.585859,0.127,0.000654542
0.585859,0.128,0.000636243
0.585859,0.129,0.000617938
0.585859,0.13,0.000599704
0.585859,0.131,0.000581613
0.585859,0.132,0.000563733
0.585859,0.133,0.000546119
0.585859,0.134,0.000528816
0.585859,0.135,0.000511861
0.585859,0.136,0.000495279
0.585859,0.137,0.000479089
0.585859,0.138,0.000463292
0.585859,0.139,0.000447881
0.585859,0.14,0.000432838
0.585859,0.141,0.000418132
0.585859,0.142,0.00040372
0.585859,0.143,0.00038955
0.585859,0.144,0.000375554
0.585859,0.145,0.000361658
0.585859,0.146,0.000347771
0.585859,0.147,0.000333797
0.585859,0.148,0.000319624
0.585859,0.149,0.000305136
0.585859,0.15,0.000290205
0.59596,0.001,0.00394817
0.59596,0.002,0.00281424
0.59596,0.003,0.00207874
0.59596,0.004,0.00161129
0.59596,0.005,0.00130866
0.59596,0.006,0.00110507
0.59596,0.007,0.000961213
0.59596,0.008,0.000853902
0.59596,0.009,0.000769389
0.59596,0.01,0.000699362
0.59596,0.011,0.000638696
0.59596,0.012,0.000584154
0.59596,0.013,0.000533663
0.59596,0.014,0.000485906
0.59596,0.015,0.000440064
0.59596,0.016,0.000395688
0.59596,0.017,0.000352592
0.59596,0.018,0.000310779
0.59596,0.019,0.000270392
0.59596,0.02,0.000231669
0.59596,0.021,0.000194909
0.59596,0.022,0.000160439
0.59596,0.023,0.000128601
0.59596,0.024,9.97309e-05
0.59596,0.025,7.41547e-05
0.59596,0.026,5.21804e-05
0.59596,0.027,3.4102e-05
0.59596,0.028,2.01903e-05
0.59596,0.029,1.0699e-05
0.59596,0.03,5.85737e-06
0.59596,0.031,5.87076e-06
0.59596,0.032,1.09026e-05
0.59596,0.033,2.10781e-05
0.59596,0.034,3.64596e-05
0.59596,0.035,5.70515e-05
0.59596,0.036,8.27804e-05
0.59596,0.037,0.0001135
0.59596,0.038,0.000148977
0.59596,0.039,0.000188902
0.59596,0.04,0.000232888
0.59596,0.041,0.00028048
0.59596,0.042,0.000331158
0.59596,0.043,0.000384356
0.59596,0.044,0.000439467
0.59596,0.045,0.000495857
0.59596,0.046,0.000552879
0.59596,0.047,0.000609886
0.59596,0.048,0.000666239
0.59596,0.049,0.000721324
0.59596,0.05,0.000774557
0.59596,0.051,0.000825395
0.59596,0.052,0.000873345
0.59596,0.053,0.000917972
0.59596,0.054,0.000958899
0.59596,0.055,0.000995814
0.59596,0.056,0.00102847
0.59596,0.057,0.00105668
0.59596,0.058,0.00108034
0.59596,0.059,0.0010994
0.59596,0.06,0.00111385
0.59596,0.061,0.00112376
0.59596,0.062,0.00112925
0.59596,0.063,0.00113047
0.59596,0.064,0.00112761
0.59596,0.065,0.00112089
0.59596,0.066,0.00111056
0.59596,0.067,0.00109689
0.59596,0.068,0.00108014
0.59596,0.069,0.00106061
0.59596,0.07,0.00103858
0.59596,0.071,0.00101434
0.59596,0.072,0.000988185
0.59596,0.073,0.000960397
0.59596,0.074,0.000931257
0.59596,0.075,0.000901045
0.59596,0.076,0.000870033
0.59596,0.077,0.00083849
0.59596,0.078,0.000806681
0.59596,0.079,0.000774867
0.59596,0.08,0.000743302
0.59596,0.081,0.000712237
0.59596,0.082,0.000681915
0.59596,0.083,0.000652573
0.59596,0.084,0.000624437
0.59596,0.085,0.000597728
0.59596,0.086,0.000572648
0.59596,0.087,0.000549388
0.59596,0.088,0.000528123
0.59596,0.089,0.00050901
0.59596,0.09,0.000492188
0.59596,0.091,0.000477772
0.59596,0.092,0.000465857
0.59596,0.093,0.000456513
0.59596,0.094,0.000449784
0.59596,0.095,0.000445689
0.59596,0.096,0.000444218
0.59596,0.097,0.00044534
0.59596,0.098,0.000448993
0.59596,0.099,0.00045509
0.59596,0.1,0.000463522
0.59596,0.101,0.000474149
0.59596,0.102,0.000486815
0.59596,0.103,0.000501338
0.59596,0.104,0.000517526
0.59596,0.105,0.000535159
0.59596,0.106,0.000554015
0.59596,0.107,0.000573855
0.59596,0.108,0.000594438
0.59596,0.109,0.000615517
0.59596,0.11,0.000636847
0.59596,0.111,0.000658179
0.59596,0.112,0.000679277
0.59596,0.113,0.000699913
0.59596,0.114,0.000719869
0.59596,0.115,0.000738939
0.59596,0.116,0.000756936
0.59596,0.117,0.000773685
0.59596,0.118,0.000789037
0.59596,0.119,0.000802858
0.59596,0.12,0.000815037
0.59596,0.121,0.000825479
0.59596,0.122,0.000834114
0.59596,0.123,0.000840886
0.59596,0.124,0.000845766
0.59596,0.125,0.000848738
0.59596,0.126,0.000849804
0.59596,0.127,0.000848978
0.59596,0.128,0.000846296
0.59596,0.129,0.000841803
0.59596,0.13,0.000835553
0.59596,0.131,0.000827613
0.59596,0.132,0.000818059
0.59596,0.133,0.000806969
0.59596,0.134,0.000794434
0.59596,0.135,0.000780544
0.59596,0.136,0.000765397
0.59596,0.137,0.000749088
0.59596,0.138,0.000731714
0.59596,0.139,0.000713379
0.59596,0.14,0.000694173
0.59596,0.141,0.0006742
0.59596,0.142,0.000653551
0.59596,0.143,0.000632319
0.59596,0.144,0.000610589
0.59596,0.145,0.00058845
0.59596,0.146,0.000565973
0.59596,0.147,0.000543235
0.59596,0.148,0.000520303
0.59596,0.149,0.000497231
0.59596,0.15,0.000474076
0.606061,0.001,0.00987051
0.606061,0.002,0.00946053
0.606061,0.003,0.0090977
0.606061,0.004,0.00876645
0.606061,0.005,0.00841113
0.606061,0.006,0.00799448
0.606061,0.007,0.0075046
0.606061,0.008,0.00695032
0.606061,0.009,0.00635541
0.606061,0.01,0.00575115
0.606061,0.011,0.00516846
0.606061,0.012,0.00463142
0.606061,0.013,0.00415419
0.606061,0.014,0.00374122
0.606061,0.015,0.00338979
0.606061,0.016,0.00309305
0.606061,0.017,0.0028426
0.606061,0.018,0.00263008
0.606061,0.019,0.00244799
0.606061,0.02,0.00228997
0.606061,0.021,0.00215079
0.606061,0.022,0.00202618
0.606061,0.023,0.00191272
0.606061,0.024,0.00180766
0.606061,0.025,0.00170881
0.606061,0.026,0.00161445
0.606061,0.027,0.00152323
0.606061,0.028,0.00143417
0.606061,0.029,0.00134655
0.606061,0.03,0.00125989
0.606061,0.031,0.00117397
0.606061,0.032,0.00108871
0.606061,0.033,0.00100423
0.606061,0.034,0.000920745
0.606061,0.035,0.000838612
0.606061,0.036,0.000758265
0.606061,0.037,0.000680196
0.606061,0.038,0.000604939
0.606061,0.039,0.00053305
0.606061,0.04,0.000465081
0.606061,0.041,0.000401565
0.606061,0.042,0.000343012
0.606061,0.043,0.000289888
0.606061,0.044,0.000242611
0.606061,0.045,0.000201553
0.606061,0.046,0.000167026
0.606061,0.047,0.000139283
0.606061,0.048,0.000118518
0.606061,0.049,0.000104861
0.606061,0.05,9.83595e-05
0.606061,0.051,9.89894e-05
0.606061,0.052,0.000106642
0.606061,0.053,0.00012112
0.606061,0.054,0.000142134
0.606061,0.055,0.000169308
0.606061,0.056,0.000202182
0.606061,0.057,0.000240214
0.606061,0.058,0.000282796
0.606061,0.059,0.000329262
0.606061,0.06,0.000378904
0.606061,0.061,0.000430986
0.606061,0.062,0.000484755
0.606061,0.063,0.000539459
0.606061,0.064,0.000594366
0.606061,0.065,0.000648767
0.606061,0.066,0.000701988
0.606061,0.067,0.000753411
0.606061,0.068,0.000802472
0.606061,0.069,0.000848669
0.606061,0.07,0.000891569
0.606061,0.071,0.000930812
0.606061,0.072,0.000966108
0.606061,0.073,0.00099724
0.606061,0.074,0.00102406
0.606061,0.075,0.00104648
0.606061,0.076,0.00106448
0.606061,0.077,0.0010781
0.606061,0.078,0.00108741
0.606061,0.079,0.00109256
0.606061,0.08,0.00109369
0.606061,0.081,0.001091
0.606061,0.082,0.0010847
0.606061,0.083,0.00107502
0.606061,0.084,0.00106222
0.606061,0.085,0.00104653
0.606061,0.086,0.00102823
0.606061,0.087,0.00100757
0.606061,0.088,0.000984802
0.606061,0.089,0.0009602
0.606061,0.09,0.000934023
0.606061,0.091,0.000906528
0.606061,0.092,0.000877973
0.606061,0.093,0.000848616
0.606061,0.094,0.000818713
0.606061,0.095,0.000788523
0.606061,0.096,0.000758294
0.606061,0.097,0.000728284
0.606061,0.098,0.000698735
0.606061,0.099,0.000669896
0.606061,0.1,0.000642004
0.606061,0.101,0.000615287
0.606061,0.102,0.000589969
0.606061,0.103,0.000566258
0.606061,0.104,0.000544344
0.606061,0.105,0.000524409
0.606061,0.106,0.000506612
0.606061,0.107,0.000491086
0.606061,0.108,0.000477952
0.606061,0.109,0.000467299
0.606061,0.11,0.000459195
0.606061,0.111,0.000453678
0.606061,0.112,0.000450758
0.606061,0.113,0.000450419
0.606061,0.114,0.000452616
0.606061,0.115,0.000457276
0.606061,0.116,0.0004643
0.606061,0.117,0.000473559
0.606061,0.118,0.000484905
0.606061,0.119,0.000498164
0.606061,0.12,0.00051314
0.606061,0.121,0.000529629
0.606061,0.122,0.0005474
0.606061,0.123,0.00056622
0.606061,0.124,0.00058584
0.606061,0.125,0.000606018
0.606061,0.126,0.000626498
0.606061,0.127,0.000647035
0.606061,0.128,0.000667386
0.606061,0.129,0.000687314
0.606061,0.13,0.000706599
0.606061,0.131,0.00072503
0.606061,0.132,0.000742411
0.606061,0.133,0.000758566
0.606061,0.134,0.000773335
0.606061,0.135,0.000786577
0.606061,0.136,0.000798172
0.606061,0.137,0.000808019
0.606061,0.138,0.000816037
0.606061,0.139,0.000822163
0.606061,0.14,0.000826354
0.606061,0.141,0.000828583
0.606061,0.142,0.00082884
0.606061,0.143,0.000827129
0.606061,0.144,0.000823471
0.606061,0.145,0.000817892
0.606061,0.146,0.000810437
0.606061,0.147,0.000801155
0.606061,0.148,0.000790103
0.606061,0.149,0.000777348
0.606061,0.15,0.000762961
0.616162,0.001,0.00244152
0.616162,0.002,-0.000721177
0.616162,0.003,-0.00179564
0.616162,0.004,-0.000683366
0.616162,0.005,0.000766427
0.616162,0.006,0.00203274
0.616162,0.007,0.00303608
0.616162,0.008,0.00380407
0.616162,0.009,0.00438517
0.616162,0.01,0.00482272
0.616162,0.011,0.00514581
0.616162,0.012,0.00536977
0.616162,0.013,0.00550144
0.616162,0.014,0.00554457
0.616162,0.015,0.00550352
0.616162,0.016,0.0053852
0.616162,0.017,0.00519997
0.616162,0.018,0.00496147
0.616162,0.019,0.00468568
0.616162,0.02,0.00438945
0.616162,0.021,0.0040887
0.616162,0.022,0.00379683
0.616162,0.023,0.00352371
0.616162,0.024,0.00327528
0.616162,0.025,0.00305402
0.616162,0.026,0.00285972
0.616162,0.027,0.00269042
0.616162,0.028,0.00254327
0.616162,0.029,0.00241506
0.616162,0.03,0.00230264
0.616162,0.031,0.0022031
0.616162,0.032,0.00211384
0.616162,0.033,0.00203262
0.616162,0.034,0.00195747
0.616162,0.035,0.00188676
0.616162,0.036,0.00181907
0.616162,0.037,0.00175325
0.616162,0.038,0.00168833
0.616162,0.039,0.00162353
0.616162,0.04,0.00155826
0.616162,0.041,0.00149206
0.616162,0.042,0.00142463
0.616162,0.043,0.0013558
0.616162,0.044,0.00128551
0.616162,0.045,0.00121382
0.616162,0.046,0.00114089
0.616162,0.047,0.00106697
0.616162,0.048,0.000992394
0.616162,0.049,0.000917562
0.616162,0.05,0.000842944
0.616162,0.051,0.00076905
0.616162,0.052,0.000696436
0.616162,0.053,0.000625676
0.616162,0.054,0.000557363
0.616162,0.055,0.000492086
0.616162,0.056,0.000430427
0.616162,0.057,0.000372951
0.616162,0.058,0.000320181
0.616162,0.059,0.000272615
0.616162,0.06,0.000230695
0.616162,0.061,0.00019482
0.616162,0.062,0.000165315
0.616162,0.063,0.000142451
0.616162,0.064,0.000126415
0.616162,0.065,0.000117322
0.616162,0.066,0.000115194
0.616162,0.067,0.000119967
0.616162,0.068,0.000131479
0.616162,0.069,0.000149479
0.616162,0.07,0.000173616
0.616162,0.071,0.000203459
0.616162,0.072,0.000238489
0.616162,0.073,0.00027812
0.616162,0.074,0.000321713
0.616162,0.075,0.000368577
0.616162,0.076,0.000417994
0.616162,0.077,0.000469232
0.616162,0.078,0.000521558
0.616162,0.079,0.000574254
0.616162,0.08,0.000626629
0.616162,0.081,0.000678028
0.616162,0.082,0.000727845
0.616162,0.083,0.000775532
0.616162,0.084,0.000820601
0.616162,0.085,0.000862634
0.616162,0.086,0.000901274
0.616162,0.087,0.000936244
0.616162,0.088,0.000967324
0.616162,0.089,0.00099437
0.616162,0.09,0.00101729
0.616162,0.091,0.00103607
0.616162,0.092,0.00105071
0.616162,0.093,0.00106129
0.616162,0.094,0.00106791
0.616162,0.095,0.00107072
0.616162,0.096,0.00106988
0.616162,0.097,0.00106557
0.616162,0.098,0.001058
0.616162,0.099,0.00104738
0.616162,0.1,0.00103394
0.616162,0.101,0.0010179
0.616162,0.102,0.000999488
0.616162,0.103,0.000978948
0.616162,0.104,0.00095651
0.616162,0.105,0.000932417
0.616162,0.106,0.000906902
0.616162,0.107,0.000880206
0.616162,0.108,0.000852568
0.616162,0.109,0.000824235
0.616162,0.11,0.000795446
0.616162,0.111,0.000766448
0.616162,0.112,0.000737481
0.616162,0.113,0.000708788
0.616162,0.114,0.000680612
0.616162,0.115,0.000653188
0.616162,0.116,0.00062675
0.616162,0.117,0.000601514
0.616162,0.118,0.000577697
0.616162,0.119,0.000555498
0.616162,0.12,0.000535105
0.616162,0.121,0.000516686
0.616162,0.122,0.000500392
0.616162,0.123,0.000486348
0.616162,0.124,0.000474663
0.616162,0.125,0.000465417
0.616162,0.126,0.000458663
0.616162,0.127,0.000454429
0.616162,0.128,0.000452714
0.616162,0.129,0.000453488
0.616162,0.13,0.000456694
0.616162,0.131,0.000462246
0.616162,0.132,0.000470031
0.616162,0.133,0.000479912
0.616162,0.134,0.000491729
0.616162,0.135,0.000505298
0.616162,0.136,0.000520418
0.616162,0.137,0.00053687
0.616162,0.138,0.000554429
0.616162,0.139,0.000572851
0.616162,0.14,0.000591893
0.616162,0.141,0.000611303
0.616162,0.142,0.00063084
0.616162,0.143,0.000650256
0.616162,0.144,0.000669316
0.616162,0.145,0.000687794
0.616162,0.146,0.000705473
0.616162,0.147,0.000722154
0.616162,0.148,0.000737651
0.616162,0.149,0.000751795
0.616162,0.15,0.000764438
0.626263,0.001,0.00244152
0.626263,0.002,0.00244152
0.626263,0.003,0.00237999
0.626263,0.004,0.00227551
0.626263,0.005,0.0020378
0.626263,0.006,0.00154206
0.626263,0.007,0.000696165
0.626263,0.008,-0.000406203
0.626263,0.009,-0.00141613
0.626263,0.01,-0.00197072
0.626263,0.011,-0.0019698
0.626263,0.012,-0.00154084
0.626263,0.013,-0.000868746
0.626263,0.014,-0.000101864
0.626263,0.015,0.000665129
0.626263,0.016,0.00138031
0.626263,0.017,0.00202017
0.626263,0.018,0.00257804
0.626263,0.019,0.00305551
0.626263,0.02,0.00345653
0.626263,0.021,0.00378418
0.626263,0.022,0.00403985
0.626263,0.023,0.00422397
0.626263,0.024,0.00433725
0.626263,0.025,0.0043818
0.626263,0.026,0.00436188
0.626263,0.027,0.00428426
0.626263,0.028,0.00415805
0.626263,0.029,0.00399421
0.626263,0.03,0.00380468
0.626263,0.031,0.00360135
0.626263,0.032,0.00339503
0.626263,0.033,0.0031946
0.626263,0.034,0.00300652
0.626263,0.035,0.00283475
0.626263,0.036,0.00268106
0.626263,0.037,0.00254549
0.626263,0.038,0.00242695
0.626263,0.039,0.00232365
0.626263,0.04,0.00223355
0.626263,0.041,0.00215451
0.626263,0.042,0.00208454
0.626263,0.043,0.00202177
0.626263,0.044,0.00196456
0.626263,0.045,0.00191145
0.626263,0.046,0.00186119
0.626263,0.047,0.00181266
0.626263,0.048,0.00176494
0.626263,0.049,0.00171725
0.626263,0.05,0.00166893
0.626263,0.051,0.00161946
0.626263,0.052,0.00156844
0.626263,0.053,0.00151554
0.626263,0.054,0.00146059
0.626263,0.055,0.00140344
0.626263,0.056,0.00134409
0.626263,0.057,0.00128258
0.626263,0.058,0.00121904
0.626263,0.059,0.00115367
0.626263,0.06,0.00108673
0.626263,0.061,0.00101853
0.626263,0.062,0.000949467
0.626263,0.063,0.000879949
0.626263,0.064,0.000810445
0.626263,0.065,0.000741453
0.626263,0.066,0.000673497
0.626263,0.067,0.000607124
0.626263,0.068,0.000542886
0.626263,0.069,0.000481338
0.626263,0.07,0.000423033
0.626263,0.071,0.000368505
0.626263,0.072,0.000318271
0.626263,0.073,0.000272808
0.626263,0.074,0.000232563
0.626263,0.075,0.000197929
0.626263,0.076,0.000169251
0.626263,0.077,0.000146805
0.626263,0.078,0.000130801
0.626263,0.079,0.000121371
0.626263,0.08,0.000118563
0.626263,0.081,0.000122338
0.626263,0.082,0.000132566
0.626263,0.083,0.000149026
0.626263,0.084,0.00017141
0.626263,0.085,0.000199321
0.626263,0.086,0.000232281
0.626263,0.087,0.000269753
0.626263,0.088,0.000311134
0.626263,0.089,0.000355781
0.626263,0.09,0.00040302
0.626263,0.091,0.000452154
0.626263,0.092,0.000502491
0.626263,0.093,0.000553348
0.626263,0.094,0.000604066
0.626263,0.095,0.000654014
0.626263,0.096,0.000702615
0.626263,0.097,0.000749336
0.626263,0.098,0.000793705
0.626263,0.099,0.000835313
0.626263,0.1,0.00087381
0.626263,0.101,0.000908918
0.626263,0.102,0.000940419
0.626263,0.103,0.000968154
0.626263,0.104,0.000992031
0.626263,0.105,0.001012
0.626263,0.106,0.00102807
0.626263,0.107,0.00104028
0.626263,0.108,0.00104872
0.626263,0.109,0.0010535
0.626263,0.11,0.00105476
0.626263,0.111,0.00105266
0.626263,0.112,0.00104737
0.626263,0.113,0.00103908
0.626263,0.114,0.00102798
0.626263,0.115,0.00101428
0.626263,0.116,0.00099818
0.626263,0.117,0.000979896
0.626263,0.118,0.000959638
0.626263,0.119,0.000937626
0.626263,0.12,0.000914075
0.626263,0.121,0.000889207
0.626263,0.122,0.000863244
0.626263,0.123,0.000836414
0.626263,0.124,0.000808946
0.626263,0.125,0.000781071
0.626263,0.126,0.000753021
0.626263,0.127,0.000725028
0.626263,0.128,0.000697327
0.626263,0.129,0.000670147
0.626263,0.13,0.000643717
0.626263,0.131,0.000618257
0.626263,0.132,0.000593985
0.626263,0.133,0.000571101
0.626263,0.134,0.000549802
0.626263,0.135,0.000530263
0.626263,0.136,0.000512647
0.626263,0.137,0.000497094
0.626263,0.138,0.000483731
0.626263,0.139,0.000472655
0.626263,0.14,0.000463939
0.626263,0.141,0.000457632
0.626263,0.142,0.000453757
0.626263,0.143,0.000452306
0.626263,0.144,0.000453247
0.626263,0.145,0.000456517
0.626263,0.146,0.000462028
0.626263,0.147,0.000469667
0.626263,0.148,0.00047929
0.626263,0.149,0.000490737
0.626263,0.15,0.000503825
0.636364,0.001,0.00244152
0.636364,0.002,0.00244152
0.636364,0.003,0.00244152
0.636364,0.004,0.00243731
0.636364,0.005,0.00242715
0.636364,0.006,0.00240607
0.636364,0.007,0.0023677
0.636364,0.008,0.0023074
0.636364,0.009,0.00222457
0.636364,0.01,0.00211994
0.636364,0.011,0.00198712
0.636364,0.012,0.00180638
0.636364,0.013,0.00154501
0.636364,0.014,0.00116338
0.636364,0.015,0.000629678
0.636364,0.016,-5.24167e-05
0.636364,0.017,-0.000812914
0.636364,0.018,-0.00151469
0.636364,0.019,-0.00200732
0.636364,0.02,-0.00219993
0.636364,0.021,-0.00208969
0.636364,0.022,-0.00173649
0.636364,0.023,-0.00122221
0.636364,0.024,-0.000622796
0.636364,0.025,3.13243e-06
0.636364,0.026,0.000615565
0.636364,0.027,0.0011901
0.636364,0.028,0.00171372
0.636364,0.029,0.00218064
0.636364,0.03,0.00258881
0.636364,0.031,0.00293743
0.636364,0.032,0.00322582
0.636364,0.033,0.00345319
0.636364,0.034,0.00361912
0.636364,0.035,0.0037242
0.636364,0.036,0.00377065
0.636364,0.037,0.00376268
0.636364,0.038,0.00370651
0.636364,0.039,0.00361018
0.636364,0.04,0.00348302
0.636364,0.041,0.00333492
0.636364,0.042,0.00317554
0.636364,0.043,0.00301354
0.636364,0.044,0.00285598
0.636364,0.045,0.00270801
0.636364,0.046,0.00257283
0.636364,0.047,0.00245194
0.636364,0.048,0.00234548
0.636364,0.049,0.00225269
0.636364,0.05,0.00217222
0.636364,0.051,0.00210246
0.636364,0.052,0.00204171
0.636364,0.053,0.00198833
0.636364,0.054,0.00194079
0.636364,0.055,0.00189771
0.636364,0.056,0.00185785
0.636364,0.057,0.00182011
0.636364,0.058,0.00178356
0.636364,0.059,0.00174736
0.636364,0.06,0.00171083
0.636364,0.061,0.00167338
0.636364,0.062,0.00163452
0.636364,0.063,0.00159388
0.636364,0.064,0.00155115
0.636364,0.065,0.00150613
0.636364,0.066,0.00145866
0.636364,0.067,0.00140869
0.636364,0.068,0.00135621
0.636364,0.069,0.00130129
0.636364,0.07,0.00124404
0.636364,0.071,0.00118464
0.636364,0.072,0.00112331
0.636364,0.073,0.00106034
0.636364,0.074,0.000996045
0.636364,0.075,0.000930787
0.636364,0.076,0.000864961
0.636364,0.077,0.000799002
0.636364,0.078,0.000733369
0.636364,0.079,0.000668544
0.636364,0.08,0.000605028
0.636364,0.081,0.000543332
0.636364,0.082,0.00048397
0.636364,0.083,0.000427458
0.636364,0.084,0.000374301
0.636364,0.085,0.000324989
0.636364,0.086,0.000279992
0.636364,0.087,0.00023974
0.636364,0.088,0.000204633
0.636364,0.089,0.000175022
0.636364,0.09,0.000151204
0.636364,0.091,0.00013341
0.636364,0.092,0.000121807
0.636364,0.093,0.000116487
0.636364,0.094,0.000117457
0.636364,0.095,0.00012464
0.636364,0.096,0.000137878
0.636364,0.097,0.000156921
0.636364,0.098,0.00018144
0.636364,0.099,0.000211028
0.636364,0.1,0.000245209
0.636364,0.101,0.000283446
0.636364,0.102,0.000325151
0.636364,0.103,0.000369705
0.636364,0.104,0.000416464
0.636364,0.105,0.000464766
0.636364,0.106,0.000513964
0.636364,0.107,0.000563421
0.636364,0.108,0.000612523
0.636364,0.109,0.0006607
0.636364,0.11,0.000707418
0.636364,0.111,0.000752193
0.636364,0.112,0.000794607
0.636364,0.113,0.000834292
0.636364,0.114,0.000870946
0.636364,0.115,0.000904321
0.636364,0.116,0.000934234
0.636364,0.117,0.000960553
0.636364,0.118,0.0009832
0.636364,0.119,0.00100214
0.636364,0.12,0.00101739
0.636364,0.121,0.001029
0.636364,0.122,0.00103704
0.636364,0.123,0.00104162
0.636364,0.124,0.00104287
0.636364,0.125,0.00104094
0.636364,0.126,0.00103598
0.636364,0.127,0.00102816
0.636364,0.128,0.00101766
0.636364,0.129,0.00100466
0.636364,0.13,0.000989357
0.636364,0.131,0.000971932
0.636364,0.132,0.000952585
0.636364,0.133,0.000931515
0.636364,0.134,0.000908924
0.636364,0.135,0.000885017
0.636364,0.136,0.000860005
0.636364,0.137,0.000834101
0.636364,0.138,0.000807517
0.636364,0.139,0.000780473
0.636364,0.14,0.000753193
0.636364,0.141,0.000725897
0.636364,0.142,0.00069881
0.636364,0.143,0.000672151
0.636364,0.144,0.00064614
0.636364,0.145,0.000620994
0.636364,0.146,0.000596919
0.636364,0.147,0.000574117
0.636364,0.148,0.000552776
0.636364,0.149,0.000533073
0.636364,0.15,0.000515168
0.646465,0.001,0.00244152
0.646465,0.002,0.00244152
0.646465,0.003,0.00244152
0.646465,0.004,0.00244152
0.646465,0.005,0.00244122
0.646465,0.006,0.00244018
0.646465,0.007,0.00243772
0.646465,0.008,0.00243284
0.646465,0.009,0.00242448
0.646465,0.01,0.00241175
0.646465,0.011,0.00239395
0.646465,0.012,0.00237011
0.646465,0.013,0.00233861
0.646465,0.014,0.00229691
0.646465,0.015,0.00224182
0.646465,0.016,0.00217005
0.646465,0.017,0.00207925
0.646465,0.018,0.00196836
0.646465,0.019,0.00183656
0.646465,0.02,0.00168048
0.646465,0.021,0.00149118
0.646465,0.022,0.00125306
0.646465,0.023,0.000945539
0.646465,0.024,0.000548501
0.646465,0.025,5.23479e-05
0.646465,0.026,-0.00052789
0.646465,0.027,-0.0011408
0.646465,0.028,-0.0017017
0.646465,0.029,-0.00211771
0.646465,0.03,-0.0023225
0.646465,0.031,-0.00229678
0.646465,0.032,-0.00206438
0.646465,0.033,-0.001674
0.646465,0.034,-0.00118058
0.646465,0.035,-0.000633637
0.646465,0.036,-7.21274e-05
0.646465,0.037,0.000476207
0.646465,0.038,0.000993351
0.646465,0.039,0.00146864
0.646465,0.04,0.00189625
0.646465,0.041,0.00227304
0.646465,0.042,0.00259703
0.646465,0.043,0.00286671
0.646465,0.044,0.00308095
0.646465,0.045,0.00323932
0.646465,0.046,0.00334252
0.646465,0.047,0.00339281
0.646465,0.048,0.00339422
0.646465,0.049,0.00335256
0.646465,0.05,0.00327511
0.646465,0.051,0.0031702
0.646465,0.052,0.00304657
0.646465,0.053,0.00291266
0.646465,0.054,0.00277603
0.646465,0.055,0.00264285
0.646465,0.056,0.00251761
0.646465,0.057,0.00240319
0.646465,0.058,0.002301
0.646465,0.059,0.00221125
0.646465,0.06,0.00213338
0.646465,0.061,0.00206627
0.646465,0.062,0.00200856
0.646465,0.063,0.00195878
0.646465,0.064,0.00191551
0.646465,0.065,0.00187736
0.646465,0.066,0.00184311
0.646465,0.067,0.00181164
0.646465,0.068,0.00178196
0.646465,0.069,0.00175319
0.646465,0.07,0.00172458
0.646465,0.071,0.00169549
0.646465,0.072,0.00166537
0.646465,0.073,0.00163377
0.646465,0.074,0.00160031
0.646465,0.075,0.0015647
0.646465,0.076,0.00152673
0.646465,0.077,0.00148625
0.646465,0.078,0.00144316
0.646465,0.079,0.00139743
0.646465,0.08,0.0013491
0.646465,0.081,0.00129822
0.646465,0.082,0.00124494
0.646465,0.083,0.0011894
0.646465,0.084,0.00113183
0.646465,0.085,0.00107247
0.646465,0.086,0.00101162
0.646465,0.087,0.000949596
0.646465,0.088,0.000886756
0.646465,0.089,0.000823483
0.646465,0.09,0.000760191
0.646465,0.091,0.000697313
0.646465,0.092,0.000635301
0.646465,0.093,0.000574623
0.646465,0.094,0.000515751
0.646465,0.095,0.000459168
0.646465,0.096,0.00040535
0.646465,0.097,0.000354773
0.646465,0.098,0.000307888
0.646465,0.099,0.000265135
0.646465,0.1,0.000226924
0.646465,0.101,0.000193624
0.646465,0.102,0.000165571
0.646465,0.103,0.000143043
0.646465,0.104,0.00012627
0.646465,0.105,0.000115404
0.646465,0.106,0.000110537
0.646465,0.107,0.000111683
0.646465,0.108,0.000118777
0.646465,0.109,0.000131672
0.646465,0.11,0.000150143
0.646465,0.111,0.000173882
0.646465,0.112,0.000202513
0.646465,0.113,0.000235592
0.646465,0.114,0.000272618
0.646465,0.115,0.000313041
0.646465,0.116,0.000356277
0.646465,0.117,0.00040172
0.646465,0.118,0.000448747
0.646465,0.119,0.000496741
0.646465,0.12,0.000545097
0.646465,0.121,0.000593231
0.646465,0.122,0.000640591
0.646465,0.123,0.000686667
0.646465,0.124,0.000730998
0.646465,0.125,0.000773167
0.646465,0.126,0.000812819
0.646465,0.127,0.000849652
0.646465,0.128,0.00088342
0.646465,0.129,0.000913934
0.646465,0.13,0.000941055
0.646465,0.131,0.000964695
0.646465,0.132,0.000984806
0.646465,0.133,0.00100139
0.646465,0.134,0.00101447
0.646465,0.135,0.00102411
0.646465,0.136,0.0010304
0.646465,0.137,0.00103345
0.646465,0.138,0.00103338
0.646465,0.139,0.00103033
0.646465,0.14,0.00102445
0.646465,0.141,0.0010159
0.646465,0.142,0.00100485
0.646465,0.143,0.00099145
0.646465,0.144,0.000975892
0.646465,0.145,0.00095835
0.646465,0.146,0.000939006
0.646465,0.147,0.000918045
0.646465,0.148,0.00089566
0.646465,0.149,0.000872041
0.646465,0.15,0.000847386
0.656566,0.001,0.00244152
0.656566,0.002,0.00244152
0.656566,0.003,0.00244152
0.656566,0.004,0.00244152
0.656566,0.005,0.00244152
0.656566,0.006,0.0024415
0.656566,0.007,0.0024414
0.656566,0.008,0.00244113
0.656566,0.009,0.00244051
0.656566,0.01,0.00243931
0.656566,0.011,0.00243728
0.656566,0.012,0.00243412
0.656566,0.013,0.00242951
0.656566,0.014,0.00242307
0.656566,0.015,0.00241432
0.656566,0.016,0.00240265
0.656566,0.017,0.00238736
0.656566,0.018,0.0023677
0.656566,0.019,0.00234295
0.656566,0.02,0.00231237
0.656566,0.021,0.00227513
0.656566,0.022,0.0022301
0.656566,0.023,0.0021757
0.656566,0.024,0.00210985
0.656566,0.025,0.00203016
0.656566,0.026,0.00193435
0.656566,0.027,0.00182073
0.656566,0.028,0.00168829
0.656566,0.029,0.00153605
0.656566,0.03,0.00136147
0.656566,0.031,0.00115869
0.656566,0.032,0.000917667
0.656566,0.033,0.000625145
0.656566,0.034,0.000267952
0.656566,0.035,-0.000160885
0.656566,0.036,-0.000653717
0.656566,0.037,-0.00118032
0.656566,0.038,-0.00168636
0.656566,0.039,-0.0021038
0.656566,0.04,-0.00237127
0.656566,0.041,-0.00245334
0.656566,0.042,-0.00234772
0.656566,0.043,-0.00207915
0.656566,0.044,-0.00168715
0.656566,0.045,-0.0012145
0.656566,0.046,-0.000699802
0.656566,0.047,-0.000174115
0.656566,0.048,0.00033976
0.656566,0.049,0.000826343
0.656566,0.05,0.00127585
0.656566,0.051,0.00168238
0.656566,0.052,0.00204233
0.656566,0.053,0.00235328
0.656566,0.054,0.00261346
0.656566,0.055,0.00282168
0.656566,0.056,0.00297755
0.656566,0.057,0.00308183
0.656566,0.058,0.00313675
0.656566,0.059,0.00314617
0.656566,0.06,0.00311551
0.656566,0.061,0.00305154
0.656566,0.062,0.00296193
0.656566,0.063,0.00285467
0.656566,0.064,0.00273748
0.656566,0.065,0.00261726
0.656566,0.066,0.00249966
0.656566,0.067,0.00238886
0.656566,0.068,0.00228756
0.656566,0.069,0.00219715
0.656566,0.07,0.00211794
0.656566,0.071,0.00204948
0.656566,0.072,0.00199082
0.656566,0.073,0.00194078
0.656566,0.074,0.00189803
0.656566,0.075,0.00186126
0.656566,0.076,0.00182922
0.656566,0.077,0.00180075
0.656566,0.078,0.00177483
0.656566,0.079,0.00175051
0.656566,0.08,0.00172699
0.656566,0.081,0.00170355
0.656566,0.082,0.00167957
0.656566,0.083,0.00165453
0.656566,0.084,0.001628
0.656566,0.085,0.00159961
0.656566,0.086,0.00156908
0.656566,0.087,0.00153619
0.656566,0.088,0.00150078
0.656566,0.089,0.00146276
0.656566,0.09,0.00142206
0.656566,0.091,0.00137869
0.656566,0.092,0.0013327
0.656566,0.093,0.00128417
0.656566,0.094,0.00123323
0.656566,0.095,0.00118007
0.656566,0.096,0.00112486
0.656566,0.097,0.00106786
0.656566,0.098,0.00100934
0.656566,0.099,0.000949587
0.656566,0.1,0.000888936
0.656566,0.101,0.000827742
0.656566,0.102,0.00076638
0.656566,0.103,0.000705248
0.656566,0.104,0.000644762
0.656566,0.105,0.000585352
0.656566,0.106,0.00052746
0.656566,0.107,0.000471532
0.656566,0.108,0.000418019
0.656566,0.109,0.000367365
0.656566,0.11,0.00032001
0.656566,0.111,0.000276376
0.656566,0.112,0.000236867
0.656566,0.113,0.000201857
0.656566,0.114,0.000171685
0.656566,0.115,0.00014665
0.656566,0.116,0.000127004
0.656566,0.117,0.00011294
0.656566,0.118,0.000104588
0.656566,0.119,0.000102017
0.656566,0.12,0.000105217
0.656566,0.121,0.000114106
0.656566,0.122,0.000128523
0.656566,0.123,0.000148235
0.656566,0.124,0.000172939
0.656566,0.125,0.000202257
0.656566,0.126,0.000235759
0.656566,0.127,0.00027295
0.656566,0.128,0.000313307
0.656566,0.129,0.000356268
0.656566,0.13,0.000401248
0.656566,0.131,0.000447661
0.656566,0.132,0.000494921
0.656566,0.133,0.000542448
0.656566,0.134,0.000589696
0.656566,0.135,0.000636146
0.656566,0.136,0.000681314
0.656566,0.137,0.000724771
0.656566,0.138,0.000766125
0.656566,0.139,0.000805043
0.656566,0.14,0.000841241
0.656566,0.141,0.000874492
0.656566,0.142,0.000904617
0.656566,0.143,0.000931483
0.656566,0.144,0.00095501
0.656566,0.145,0.000975153
0.656566,0.146,0.000991905
0.656566,0.147,0.00100529
0.656566,0.148,0.00101537
0.656566,0.149,0.00102222
0.656566,0.15,0.00102593
0.666667,0.001,0.00244152
0.666667,0.002,0.00244152
0.666667,0.003,0.00244152
0.666667,0.004,0.00244152
0.666667,0.005,0.00244152
0.666667,0.006,0.00244152
0.666667,0.007,0.00244152
0.666667,0.008,0.00244152
0.666667,0.009,0.00244149
0.666667,0.01,0.00244141
0.666667,0.011,0.00244125
0.666667,0.012,0.00244095
0.666667,0.013,0.00244044
0.666667,0.014,0.00243961
0.666667,0.015,0.00243835
0.666667,0.016,0.00243654
0.666667,0.017,0.002434
0.666667,0.018,0.00243053
0.666667,0.019,0.0024259
0.666667,0.02,0.00241986
0.666667,0.021,0.00241213
0.666667,0.022,0.00240241
0.666667,0.023,0.00239037
0.666667,0.024,0.0023756
0.666667,0.025,0.00235763
0.666667,0.026,0.0023359
0.666667,0.027,0.00230978
0.666667,0.028,0.0022786
0.666667,0.029,0.00224168
0.666667,0.03,0.00219833
0.666667,0.031,0.00214776
0.666667,0.032,0.00208903
0.666667,0.033,0.00202089
0.666667,0.034,0.00194175
0.666667,0.035,0.00184979
0.666667,0.036,0.00174316
0.666667,0.037,0.00162034
0.666667,0.038,0.0014803
0.666667,0.039,0.00132223
0.666667,0.04,0.00114474
0.666667,0.041,0.000944557
0.666667,0.042,0.000715652
0.666667,0.043,0.00044924
0.666667,0.044,0.000135491
0.666667,0.045,-0.000232892
0.666667,0.046,-0.000655212
0.666667,0.047,-0.0011166
0.666667,0.048,-0.00158396
0.666667,0.049,-0.00200824
0.666667,0.05,-0.0023349
0.666667,0.051,-0.00251934
0.666667,0.052,-0.00253904
0.666667,0.053,-0.0023968
0.666667,0.054,-0.00211536
0.666667,0.055,-0.0017283
0.666667,0.056,-0.00127167
0.666667,0.057,-0.000778294
0.666667,0.058,-0.000275083
0.666667,0.059,0.000217708
0.666667,0.06,0.000685868
0.666667,0.061,0.00112002
0.666667,0.062,0.00151418
0.666667,0.063,0.00186451
0.666667,0.064,0.00216836
0.666667,0.065,0.00242385
0.666667,0.066,0.00262977
0.666667,0.067,0.00278574
0.666667,0.068,0.00289255
0.666667,0.069,0.00295236
0.666667,0.07,0.00296884
0.666667,0.071,0.00294713
0.666667,0.072,0.00289359
0.666667,0.073,0.00281541
0.666667,0.074,0.00272007
0.666667,0.075,0.00261481
0.666667,0.076,0.00250612
0.666667,0.077,0.00239933
0.666667,0.078,0.00229844
0.666667,0.079,0.00220607
0.666667,0.08,0.00212363
0.666667,0.081,0.0020515
0.666667,0.082,0.00198935
0.666667,0.083,0.00193637
0.666667,0.084,0.00189146
0.666667,0.085,0.00185342
0.666667,0.086,0.00182102
0.666667,0.087,0.0017931
0.666667,0.088,0.00176857
0.666667,0.089,0.00174644
0.666667,0.09,0.00172583
0.666667,0.091,0.00170595
0.666667,0.092,0.00168611
0.666667,0.093,0.00166573
0.666667,0.094,0.0016443
0.666667,0.095,0.00162139
0.666667,0.096,0.00159665
0.666667,0.097,0.0015698
0.666667,0.098,0.00154063
0.666667,0.099,0.00150896
0.666667,0.1,0.00147469
0.666667,0.101,0.00143775
0.666667,0.102,0.00139814
0.666667,0.103,0.00135587
0.666667,0.104,0.00131102
0.666667,0.105,0.00126369
0.666667,0.106,0.00121402
0.666667,0.107,0.00116217
0.666667,0.108,0.00110835
0.666667,0.109,0.00105279
0.666667,0.11,0.000995756
0.666667,0.111,0.000937523
0.666667,0.112,0.000878401
0.666667,0.113,0.000818726
0.666667,0.114,0.000758851
0.666667,0.115,0.000699146
0.666667,0.116,0.000639997
0.666667,0.117,0.000581814
0.666667,0.118,0.000525004
0.666667,0.119,0.00046999
0.666667,0.12,0.000417194
0.666667,0.121,0.000367038
0.666667,0.122,0.000319943
0.666667,0.123,0.000276312
0.666667,0.124,0.000236535
0.666667,0.125,0.000200975
0.666667,0.126,0.000169975
0.666667,0.127,0.000143831
0.666667,0.128,0.000122803
0.666667,0.129,0.000107102
0.666667,0.13,9.68758e-05
0.666667,0.131,9.22173e-05
0.666667,0.132,9.31536e-05
0.666667,0.133,9.96397e-05
0.666667,0.134,0.000111554
0.666667,0.135,0.000128714
0.666667,0.136,0.00015086
0.666667,0.137,0.000177665
0.666667,0.138,0.000208742
0.666667,0.139,0.000243653
0.666667,0.14,0.000281912
0.666667,0.141,0.000322995
0.666667,0.142,0.000366359
0.666667,0.143,0.000411439
0.666667,0.144,0.000457672
0.666667,0.145,0.000504502
0.666667,0.146,0.000551383
0.666667,0.147,0.000597803
0.666667,0.148,0.000643277
0.666667,0.149,0.000687364
0.666667,0.15,0.000729661
0.676768,0.001,0.00244152
0.676768,0.002,0.00244152
0.676768,0.003,0.00244152
0.676768,0.004,0.00244152
0.676768,0.005,0.00244152
0.676768,0.006,0.00244152
0.676768,0.007,0.00244152
0.676768,0.008,0.00244152
0.676768,0.009,0.00244152
0.676768,0.01,0.00244152
0.676768,0.011,0.00244151
0.676768,0.012,0.00244149
0.676768,0.013,0.00244145
0.676768,0.014,0.00244138
0.676768,0.015,0.00244124
0.676768,0.016,0.00244102
0.676768,0.017,0.00244068
0.676768,0.018,0.00244016
0.676768,0.019,0.00243942
0.676768,0.02,0.00243839
0.676768,0.021,0.00243697
0.676768,0.022,0.00243507
0.676768,0.023,0.00243258
0.676768,0.024,0.00242937
0.676768,0.025,0.00242531
0.676768,0.026,0.00242024
0.676768,0.027,0.00241397
0.676768,0.028,0.00240629
0.676768,0.029,0.00239697
0.676768,0.03,0.00238577
0.676768,0.031,0.00237239
0.676768,0.032,0.00235656
0.676768,0.033,0.00233791
0.676768,0.034,0.00231609
0.676768,0.035,0.00229066
0.676768,0.036,0.00226111
0.676768,0.037,0.00222688
0.676768,0.038,0.00218738
0.676768,0.039,0.00214197
0.676768,0.04,0.00209003
0.676768,0.041,0.0020309
0.676768,0.042,0.00196379
0.676768,0.043,0.00188778
0.676768,0.044,0.00180167
0.676768,0.045,0.00170406
0.676768,0.046,0.00159343
0.676768,0.047,0.00146838
0.676768,0.048,0.00132782
0.676768,0.049,0.00117101
0.676768,0.05,0.000997161
0.676768,0.051,0.000804695
0.676768,0.052,0.000590296
0.676768,0.053,0.000348438
0.676768,0.054,7.18778e-05
0.676768,0.055,-0.000246447
0.676768,0.056,-0.000610002
0.676768,0.057,-0.00101403
0.676768,0.058,-0.00144101
0.676768,0.059,-0.00185874
0.676768,0.06,-0.00222371
0.676768,0.061,-0.00249059
0.676768,0.062,-0.00262417
0.676768,0.063,-0.00260814
0.676768,0.064,-0.00244688
0.676768,0.065,-0.00216097
0.676768,0.066,-0.00177996
0.676768,0.067,-0.00133562
0.676768,0.068,-0.00085725
0.676768,0.069,-0.000369243
0.676768,0.07,0.000109645
0.676768,0.071,0.000565929
0.676768,0.072,0.000990424
0.676768,0.073,0.00137707
0.676768,0.074,0.00172186
0.676768,0.075,0.00202201
0.676768,0.076,0.00227555
0.676768,0.077,0.00248127
0.676768,0.078,0.0026388
0.676768,0.079,0.00274889
0.676768,0.08,0.00281361
0.676768,0.081,0.00283648
0.676768,0.082,0.00282238
0.676768,0.083,0.00277735
0.676768,0.084,0.00270821
0.676768,0.085,0.00262209
0.676768,0.086,0.00252589
0.676768,0.087,0.0024258
0.676768,0.088,0.00232697
0.676768,0.089,0.00223328
0.676768,0.09,0.00214734
0.676768,0.091,0.00207057
0.676768,0.092,0.00200344
0.676768,0.093,0.00194573
0.676768,0.094,0.0018967
0.676768,0.095,0.00185536
0.676768,0.096,0.00182059
0.676768,0.097,0.00179125
0.676768,0.098,0.00176621
0.676768,0.099,0.00174443
0.676768,0.1,0.00172496
0.676768,0.101,0.00170696
0.676768,0.102,0.00168967
0.676768,0.103,0.00167241
0.676768,0.104,0.00165461
0.676768,0.105,0.00163579
0.676768,0.106,0.00161552
0.676768,0.107,0.00159346
0.676768,0.108,0.00156933
0.676768,0.109,0.00154291
0.676768,0.11,0.00151403
0.676768,0.111,0.00148258
0.676768,0.112,0.00144848
0.676768,0.113,0.00141173
0.676768,0.114,0.00137232
0.676768,0.115,0.00133031
0.676768,0.116,0.00128579
0.676768,0.117,0.00123887
0.676768,0.118,0.00118969
0.676768,0.119,0.00113844
0.676768,0.12,0.00108532
0.676768,0.121,0.00103055
0.676768,0.122,0.00097439
0.676768,0.123,0.000917111
0.676768,0.124,0.000859014
0.676768,0.125,0.000800417
0.676768,0.126,0.000741652
0.676768,0.127,0.000683077
0.676768,0.128,0.000625055
0.676768,0.129,0.000567974
0.676768,0.13,0.000512221
0.676768,0.131,0.000458196
0.676768,0.132,0.000406299
0.676768,0.133,0.000356934
0.676768,0.134,0.000310501
0.676768,0.135,0.000267383
0.676768,0.136,0.000227957
0.676768,0.137,0.00019258
0.676768,0.138,0.000161575
0.676768,0.139,0.000135241
0.676768,0.14,0.000113832
0.676768,0.141,9.75568e-05
0.676768,0.142,8.6581e-05
0.676768,0.143,8.10023e-05
0.676768,0.144,8.08615e-05
0.676768,0.145,8.61383e-05
0.676768,0.146,9.67351e-05
0.676768,0.147,0.00011249
0.676768,0.148,0.000133178
0.676768,0.149,0.000158503
0.676768,0.15,0.000188113
0.686869,0.001,0.00244152
0.686869,0.002,0.00244152
0.686869,0.003,0.00244152
0.686869,0.004,0.00244152
0.686869,0.005,0.00244152
0.686869,0.006,0.00244152
0.686869,0.007,0.00244152
0.686869,0.008,0.00244152
0.686869,0.009,0.00244152
0.686869,0.01,0.00244152
0.686869,0.011,0.00244153
0.686869,0.012,0.00244153
0.686869,0.013,0.00244152
0.686869,0.014,0.00244152
0.686869,0.015,0.00244151
0.686869,0.016,0.00244149
0.686869,0.017,0.00244145
0.686869,0.018,0.00244139
0.686869,0.019,0.0024413
0.686869,0.02,0.00244115
0.686869,0.021,0.00244094
0.686869,0.022,0.00244063
0.686869,0.023,0.0024402
0.686869,0.024,0.00243961
0.686869,0.025,0.00243881
0.686869,0.026,0.00243776
0.686869,0.027,0.0024364
0.686869,0.028,0.00243466
0.686869,0.029,0.00243246
0.686869,0.03,0.00242972
0.686869,0.031,0.00242634
0.686869,0.032,0.00242221
0.686869,0.033,0.0024172
0.686869,0.034,0.00241119
0.686869,0.035,0.00240402
0.686869,0.036,0.00239554
0.686869,0.037,0.00238556
0.686869,0.038,0.00237387
0.686869,0.039,0.00236026
0.686869,0.04,0.00234447
0.686869,0.041,0.00232623
0.686869,0.042,0.00230527
0.686869,0.043,0.00228125
0.686869,0.044,0.00225385
0.686869,0.045,0.00222266
0.686869,0.046,0.00218725
0.686869,0.047,0.00214714
0.686869,0.048,0.00210179
0.686869,0.049,0.00205064
0.686869,0.05,0.00199314
0.686869,0.051,0.00192869
0.686869,0.052,0.00185668
0.686869,0.053,0.0017764
0.686869,0.054,0.00168695
0.686869,0.055,0.00158729
0.686869,0.056,0.00147619
0.686869,0.057,0.00135241
0.686869,0.058,0.00121484
0.686869,0.059,0.00106268
0.686869,0.06,0.00089534
0.686869,0.061,0.000712065
0.686869,0.062,0.000511259
0.686869,0.063,0.0002898
0.686869,0.064,4.28227e-05
0.686869,0.065,-0.000235591
0.686869,0.066,-0.000550504
0.686869,0.067,-0.000902986
0.686869,0.068,-0.0012862
0.686869,0.069,-0.00168198
0.686869,0.07,-0.00205995
0.686869,0.071,-0.00238125
0.686869,0.072,-0.00260676
0.686869,0.073,-0.00270697
0.686869,0.074,-0.00266883
0.686869,0.075,-0.00249705
0.686869,0.076,-0.0022103
0.686869,0.077,-0.00183518
0.686869,0.078,-0.00140051
0.686869,0.079,-0.000933211
0.686869,0.08,-0.000456027
0.686869,0.081,1.32537e-05
0.686869,0.082,0.000461583
0.686869,0.083,0.000879869
0.686869,0.084,0.00126196
0.686869,0.085,0.00160372
0.686869,0.086,0.00190225
0.686869,0.087,0.00215554
0.686869,0.088,0.00236234
0.686869,0.089,0.00252226
0.686869,0.09,0.00263602
0.686869,0.091,0.00270559
0.686869,0.092,0.00273433
0.686869,0.093,0.00272691
0.686869,0.094,0.0026891
0.686869,0.095,0.00262745
0.686869,0.096,0.0025488
0.686869,0.097,0.00245978
0.686869,0.098,0.00236642
0.686869,0.099,0.00227372
0.686869,0.1,0.0021855
0.686869,0.101,0.00210437
0.686869,0.102,0.0020318
0.686869,0.103,0.00196835
0.686869,0.104,0.00191385
0.686869,0.105,0.00186767
0.686869,0.106,0.0018289
0.686869,0.107,0.00179648
0.686869,0.108,0.0017693
0.686869,0.109,0.00174631
0.686869,0.11,0.0017265
0.686869,0.111,0.00170896
0.686869,0.112,0.00169284
0.686869,0.113,0.00167741
0.686869,0.114,0.00166203
0.686869,0.115,0.00164613
0.686869,0.116,0.00162923
0.686869,0.117,0.00161092
0.686869,0.118,0.00159084
0.686869,0.119,0.00156874
0.686869,0.12,0.00154439
0.686869,0.121,0.00151762
0.686869,0.122,0.00148831
0.686869,0.123,0.00145639
0.686869,0.124,0.00142183
0.686869,0.125,0.00138462
0.686869,0.126,0.00134482
0.686869,0.127,0.00130248
0.686869,0.128,0.00125772
0.686869,0.129,0.00121066
0.686869,0.13,0.00116146
0.686869,0.131,0.0011103
0.686869,0.132,0.00105739
0.686869,0.133,0.00100295
0.686869,0.134,0.000947229
0.686869,0.135,0.000890504
0.686869,0.136,0.000833061
0.686869,0.137,0.000775208
0.686869,0.138,0.000717272
0.686869,0.139,0.000659588
0.686869,0.14,0.000602514
0.686869,0.141,0.000546414
0.686869,0.142,0.000491662
0.686869,0.143,0.000438638
0.686869,0.144,0.000387729
0.686869,0.145,0.000339319
0.686869,0.146,0.000293789
0.686869,0.147,0.000251512
0.686869,0.148,0.000212846
0.686869,0.149,0.000178132
0.686869,0.15,0.000147684
0.69697,0.001,0.00244152
0.69697,0.002,0.00244152
0.69697,0.003,0.00244152
0.69697,0.004,0.00244152
0.69697,0.005,0.00244152
0.69697,0.006,0.00244152
0.69697,0.007,0.00244152
0.69697,0.008,0.00244152
0.69697,0.009,0.00244152
0.69697,0.01,0.00244152
0.69697,0.011,0.00244152
0.69697,0.012,0.00244152
0.69697,0.013,0.00244152
0.69697,0.014,0.00244153
0.69697,0.015,0.00244152
0.69697,0.016,0.00244152
0.69697,0.017,0.00244152
0.69697,0.018,0.00244152
0.69697,0.019,0.0024415
0.69697,0.02,0.00244149
0.69697,0.021,0.00244146
0.69697,0.022,0.00244142
0.69697,0.023,0.00244136
0.69697,0.024,0.00244127
0.69697,0.025,0.00244114
0.69697,0.026,0.00244096
0.69697,0.027,0.00244071
0.69697,0.028,0.00244037
0.69697,0.029,0.00243993
0.69697,0.03,0.00243934
0.69697,0.031,0.00243859
0.69697,0.032,0.00243762
0.69697,0.033,0.00243641
0.69697,0.034,0.0024349
0.69697,0.035,0.00243304
0.69697,0.036,0.00243077
0.69697,0.037,0.00242802
0.69697,0.038,0.0024247
0.69697,0.039,0.00242075
0.69697,0.04,0.00241606
0.69697,0.041,0.00241054
0.69697,0.042,0.00240406
0.69697,0.043,0.00239651
0.69697,0.044,0.00238776
0.69697,0.045,0.00237764
0.69697,0.046,0.00236601
0.69697,0.047,0.00235269
0.69697,0.048,0.00233747
0.69697,0.049,0.00232015
0.69697,0.05,0.00230049
0.69697,0.051,0.00227824
0.69697,0.052,0.00225313
0.69697,0.053,0.00222487
0.69697,0.054,0.00219315
0.69697,0.055,0.00215762
0.69697,0.056,0.00211791
0.69697,0.057,0.00207358
0.69697,0.058,0.0020242
0.69697,0.059,0.00196925
0.69697,0.06,0.00190825
0.69697,0.061,0.00184068
0.69697,0.062,0.00176602
0.69697,0.063,0.00168369
0.69697,0.064,0.00159306
0.69697,0.065,0.00149332
0.69697,0.066,0.00138354
0.69697,0.067,0.00126267
0.69697,0.068,0.00112967
0.69697,0.069,0.000983682
0.69697,0.07,0.000824067
0.69697,0.071,0.000650345
0.69697,0.072,0.00046181
0.69697,0.073,0.000256939
0.69697,0.074,3.28795e-05
0.69697,0.075,-0.000214616
0.69697,0.076,-0.000490418
0.69697,0.077,-0.000798184
0.69697,0.078,-0.0011375
0.69697,0.079,-0.00150054
0.69697,0.08,-0.00186933
0.69697,0.081,-0.00221547
0.69697,0.082,-0.00250375
0.69697,0.083,-0.00269944
0.69697,0.084,-0.00277666
0.69697,0.085,-0.0027242
0.69697,0.086,-0.00254654
0.69697,0.087,-0.00226069
0.69697,0.088,-0.00189103
0.69697,0.089,-0.0014642
0.69697,0.09,-0.00100539
0.69697,0.091,-0.000536208
0.69697,0.092,-7.37729e-05
0.69697,0.093,0.00036913
0.69697,0.094,0.000783434
0.69697,0.095,0.0011629
0.69697,0.096,0.00150327
0.69697,0.097,0.00180154
0.69697,0.098,0.00205567
0.69697,0.099,0.00226435
0.69697,0.1,0.00242718
0.69697,0.101,0.00254482
0.69697,0.102,0.00261915
0.69697,0.103,0.00265336
0.69697,0.104,0.00265194
0.69697,0.105,0.00262046
0.69697,0.106,0.00256521
0.69697,0.107,0.00249281
0.69697,0.108,0.00240971
0.69697,0.109,0.0023218
0.69697,0.11,0.00223398
0.69697,0.111,0.00215006
0.69697,0.112,0.00207266
0.69697,0.113,0.00200331
0.69697,0.114,0.00194262
0.69697,0.115,0.00189052
0.69697,0.116,0.00184645
0.69697,0.117,0.00180956
0.69697,0.118,0.00177884
0.69697,0.119,0.00175325
0.69697,0.12,0.00173175
0.69697,0.121,0.00171337
0.69697,0.122,0.00169722
0.69697,0.123,0.00168249
0.69697,0.124,0.00166844
0.69697,0.125,0.00165445
0.69697,0.126,0.00163996
0.69697,0.127,0.00162449
0.69697,0.128,0.00160764
0.69697,0.129,0.00158907
0.69697,0.13,0.00156851
0.69697,0.131,0.00154573
0.69697,0.132,0.00152056
0.69697,0.133,0.0014929
0.69697,0.134,0.00146265
0.69697,0.135,0.00142978
0.69697,0.136,0.00139428
0.69697,0.137,0.00135619
0.69697,0.138,0.00131557
0.69697,0.139,0.0012725
0.69697,0.14,0.00122711
0.69697,0.141,0.00117954
0.69697,0.142,0.00112995
0.69697,0.143,0.00107852
0.69697,0.144,0.00102548
0.69697,0.145,0.000971041
0.69697,0.146,0.000915461
0.69697,0.147,0.000859003
0.69697,0.148,0.000801953
0.69697,0.149,0.000744612
0.69697,0.15,0.000687296
0.707071,0.001,0.00244152
0.707071,0.002,0.00244152
0.707071,0.003,0.00244152
0.707071,0.004,0.00244152
0.707071,0.005,0.00244152
0.707071,0.006,0.00244152
0.707071,0.007,0.00244152
0.707071,0.008,0.00244152
0.707071,0.009,0.00244152
0.707071,0.01,0.00244152
0.707071,0.011,0.00244152
0.707071,0.012,0.00244152
0.707071,0.013,0.00244152
0.707071,0.014,0.00244152
0.707071,0.015,0.00244152
0.707071,0.016,0.00244152
0.707071,0.017,0.00244153
0.707071,0.018,0.00244152
0.707071,0.019,0.00244153
0.707071,0.02,0.00244152
0.707071,0.021,0.00244152
0.707071,0.022,0.00244152
0.707071,0.023,0.00244151
0.707071,0.024,0.0024415
0.707071,0.025,0.00244148
0.707071,0.026,0.00244145
0.707071,0.027,0.00244142
0.707071,0.028,0.00244136
0.707071,0.029,0.00244128
0.707071,0.03,0.00244118
0.707071,0.031,0.00244103
0.707071,0.032,0.00244084
0.707071,0.033,0.00244059
0.707071,0.034,0.00244026
0.707071,0.035,0.00243984
0.707071,0.036,0.0024393
0.707071,0.037,0.00243862
0.707071,0.038,0.00243778
0.707071,0.039,0.00243674
0.707071,0.04,0.00243548
0.707071,0.041,0.00243393
0.707071,0.042,0.00243208
0.707071,0.043,0.00242986
0.707071,0.044,0.00242722
0.707071,0.045,0.00242411
0.707071,0.046,0.00242045
0.707071,0.047,0.00241617
0.707071,0.048,0.0024112
0.707071,0.049,0.00240544
0.707071,0.05,0.00239881
0.707071,0.051,0.00239119
0.707071,0.052,0.00238248
0.707071,0.053,0.00237256
0.707071,0.054,0.00236129
0.707071,0.055,0.00234852
0.707071,0.056,0.00233411
0.707071,0.057,0.00231787
0.707071,0.058,0.00229964
0.707071,0.059,0.00227921
0.707071,0.06,0.00225636
0.707071,0.061,0.00223085
0.707071,0.062,0.00220245
0.707071,0.063,0.00217088
0.707071,0.064,0.00213587
0.707071,0.065,0.0020971
0.707071,0.066,0.00205425
0.707071,0.067,0.00200695
0.707071,0.068,0.00195482
0.707071,0.069,0.00189744
0.707071,0.07,0.00183436
0.707071,0.071,0.00176511
0.707071,0.072,0.00168926
0.707071,0.073,0.00160632
0.707071,0.074,0.00151579
0.707071,0.075,0.00141709
0.707071,0.076,0.0013095
0.707071,0.077,0.00119222
0.707071,0.078,0.00106433
0.707071,0.079,0.000924964
0.707071,0.08,0.000773424
0.707071,0.081,0.000609207
0.707071,0.082,0.000431917
0.707071,0.083,0.000240897
0.707071,0.084,3.47388e-05
0.707071,0.085,-0.000189132
0.707071,0.086,-0.00043444
0.707071,0.087,-0.000705249
0.707071,0.088,-0.00100424
0.707071,0.089,-0.00133009
0.707071,0.09,-0.00167456
0.707071,0.091,-0.00202024
0.707071,0.092,-0.00234059
0.707071,0.093,-0.00260329
0.707071,0.094,-0.00277678
0.707071,0.095,-0.00283765
0.707071,0.096,-0.00277568
0.707071,0.097,-0.00259492
0.707071,0.098,-0.00231093
0.707071,0.099,-0.00194631
0.707071,0.1,-0.00152601
0.707071,0.101,-0.00107394
0.707071,0.102,-0.000610839
0.707071,0.103,-0.000153385
0.707071,0.104,0.000285807
0.707071,0.105,0.000697649
0.707071,0.106,0.00107581
0.707071,0.107,0.00141589
0.707071,0.108,0.00171485
0.707071,0.109,0.00197054
0.707071,0.11,0.00218165
0.707071,0.111,0.00234772
0.707071,0.112,0.00246935
0.707071,0.113,0.00254833
0.707071,0.114,0.0025877
0.707071,0.115,0.0025918
0.707071,0.116,0.00256597
0.707071,0.117,0.00251634
0.707071,0.118,0.00244933
0.707071,0.119,0.00237126
0.707071,0.12,0.00228789
0.707071,0.121,0.00220408
0.707071,0.122,0.00212363
0.707071,0.123,0.0020492
0.707071,0.124,0.00198236
0.707071,0.125,0.0019238
0.707071,0.126,0.00187353
0.707071,0.127,0.00183104
0.707071,0.128,0.00179554
0.707071,0.129,0.00176609
0.707071,0.13,0.00174166
0.707071,0.131,0.00172126
0.707071,0.132,0.00170393
0.707071,0.133,0.00168881
0.707071,0.134,0.0016751
0.707071,0.135,0.00166208
0.707071,0.136,0.00164913
0.707071,0.137,0.0016357
0.707071,0.138,0.00162131
0.707071,0.139,0.00160557
0.707071,0.14,0.00158815
0.707071,0.141,0.00156876
0.707071,0.142,0.00154719
0.707071,0.143,0.00152327
0.707071,0.144,0.00149687
0.707071,0.145,0.00146791
0.707071,0.146,0.00143635
0.707071,0.147,0.00140219
0.707071,0.148,0.00136544
0.707071,0.149,0.00132616
0.707071,0.15,0.00128443
0.717172,0.001,0.00244152
0.717172,0.002,0.00244152
0.717172,0.003,0.00244152
0.717172,0.004,0.00244152
0.717172,0.005,0.00244152
0.717172,0.006,0.00244152
0.717172,0.007,0.00244152
0.717172,0.008,0.00244152
0.717172,0.009,0.00244152
0.717172,0.01,0.00244152
0.717172,0.011,0.00244152
0.717172,0.012,0.00244152
0.717172,0.013,0.00244152
0.717172,0.014,0.00244152
0.717172,0.015,0.00244152
0.717172,0.016,0.00244152
0.717172,0.017,0.00244152
0.717172,0.018,0.00244152
0.717172,0.019,0.00244152
0.717172,0.02,0.00244153
0.717172,0.021,0.00244153
0.717172,0.022,0.00244152
0.717172,0.023,0.00244153
0.717172,0.024,0.00244152
0.717172,0.025,0.00244152
0.717172,0.026,0.00244152
0.717172,0.027,0.00244151
0.717172,0.028,0.0024415
0.717172,0.029,0.00244149
0.717172,0.03,0.00244148
0.717172,0.031,0.00244145
0.717172,0.032,0.00244142
0.717172,0.033,0.00244138
0.717172,0.034,0.00244131
0.717172,0.035,0.00244123
0.717172,0.036,0.00244112
0.717172,0.037,0.00244098
0.717172,0.038,0.00244079
0.717172,0.039,0.00244055
0.717172,0.04,0.00244025
0.717172,0.041,0.00243987
0.717172,0.042,0.0024394
0.717172,0.043,0.00243881
0.717172,0.044,0.0024381
0.717172,0.045,0.00243723
0.717172,0.046,0.00243618
0.717172,0.047,0.00243492
0.717172,0.048,0.00243342
0.717172,0.049,0.00243164
0.717172,0.05,0.00242954
0.717172,0.051,0.00242709
0.717172,0.052,0.00242423
0.717172,0.053,0.0024209
0.717172,0.054,0.00241705
0.717172,0.055,0.00241263
0.717172,0.056,0.00240756
0.717172,0.057,0.00240176
0.717172,0.058,0.00239516
0.717172,0.059,0.00238767
0.717172,0.06,0.00237919
0.717172,0.061,0.00236963
0.717172,0.062,0.00235888
0.717172,0.063,0.00234681
0.717172,0.064,0.00233329
0.717172,0.065,0.0023182
0.717172,0.066,0.00230137
0.717172,0.067,0.00228267
0.717172,0.068,0.00226189
0.717172,0.069,0.00223888
0.717172,0.07,0.00221342
0.717172,0.071,0.00218531
0.717172,0.072,0.00215431
0.717172,0.073,0.00212018
0.717172,0.074,0.00208267
0.717172,0.075,0.00204151
0.717172,0.076,0.00199641
0.717172,0.077,0.00194705
0.717172,0.078,0.00189312
0.717172,0.079,0.00183424
0.717172,0.08,0.00177002
0.717172,0.081,0.00170007
0.717172,0.082,0.00162398
0.717172,0.083,0.00154134
0.717172,0.084,0.00145173
0.717172,0.085,0.00135471
0.717172,0.086,0.00124975
0.717172,0.087,0.00113622
0.717172,0.088,0.00101342
0.717172,0.089,0.00088055
0.717172,0.09,0.000736892
0.717172,0.091,0.000581855
0.717172,0.092,0.000415042
0.717172,0.093,0.000236116
0.717172,0.094,4.44879e-05
0.717172,0.095,-0.00016113
0.717172,0.096,-0.000383066
0.717172,0.097,-0.000624603
0.717172,0.098,-0.000889191
0.717172,0.099,-0.00117882
0.717172,0.1,-0.00149163
0.717172,0.101,-0.00181932
0.717172,0.102,-0.0021452
0.717172,0.103,-0.00244436
0.717172,0.104,-0.00268681
0.717172,0.105,-0.0028434
0.717172,0.106,-0.00289238
0.717172,0.107,-0.0028241
0.717172,0.108,-0.00264203
0.717172,0.109,-0.00236049
0.717172,0.11,-0.00200056
0.717172,0.111,-0.00158586
0.717172,0.112,-0.00113929
0.717172,0.113,-0.000680933
0.717172,0.114,-0.00022715
0.717172,0.115,0.000209537
0.717172,0.116,0.00061999
0.717172,0.117,0.000997769
0.717172,0.118,0.00133838
0.717172,0.119,0.00163866
0.717172,0.12,0.00189644
0.717172,0.121,0.00211035
0.717172,0.122,0.00227989
0.717172,0.123,0.00240558
0.717172,0.124,0.00248911
0.717172,0.125,0.00253341
0.717172,0.126,0.00254264
0.717172,0.127,0.00252199
0.717172,0.128,0.0024774
0.717172,0.129,0.00241515
0.717172,0.13,0.00234144
0.717172,0.131,0.00226194
0.717172,0.132,0.00218151
0.717172,0.133,0.00210392
0.717172,0.134,0.00203189
0.717172,0.135,0.00196706
0.717172,0.136,0.00191018
0.717172,0.137,0.00186131
0.717172,0.138,0.00182001
0.717172,0.139,0.00178556
0.717172,0.14,0.00175704
0.717172,0.141,0.00173347
0.717172,0.142,0.00171388
0.717172,0.143,0.00169734
0.717172,0.144,0.00168299
0.717172,0.145,0.00167004
0.717172,0.146,0.00165778
0.717172,0.147,0.00164562
0.717172,0.148,0.00163299
0.717172,0.149,0.00161943
0.717172,0.15,0.00160454
0.727273,0.001,0.00244152
0.727273,0.002,0.00244152
0.727273,0.003,0.00244152
0.727273,0.004,0.00244152
0.727273,0.005,0.00244152
0.727273,0.006,0.00244152
0.727273,0.007,0.00244152
0.727273,0.008,0.00244152
0.727273,0.009,0.00244152
0.727273,0.01,0.00244152
0.727273,0.011,0.00244152
0.727273,0.012,0.00244152
0.727273,0.013,0.00244152
0.727273,0.014,0.00244152
0.727273,0.015,0.00244152
0.727273,0.016,0.00244152
0.727273,0.017,0.00244152
0.727273,0.018,0.00244152
0.727273,0.019,0.00244152
0.727273,0.02,0.00244152
0.727273,0.021,0.00244152
0.727273,0.022,0.00244152
0.727273,0.023,0.00244152
0.727273,0.024,0.00244152
0.727273,0.025,0.00244153
0.727273,0.026,0.00244152
0.727273,0.027,0.00244152
0.727273,0.028,0.00244152
0.727273,0.029,0.00244152
0.727273,0.03,0.00244152
0.727273,0.031,0.00244152
0.727273,0.032,0.00244151
0.727273,0.033,0.0024415
0.727273,0.034,0.00244149
0.727273,0.035,0.00244148
0.727273,0.036,0.00244146
0.727273,0.037,0.00244143
0.727273,0.038,0.0024414
0.727273,0.039,0.00244135
0.727273,0.04,0.00244129
0.727273,0.041,0.00244121
0.727273,0.042,0.0024411
0.727273,0.043,0.00244096
0.727273,0.044,0.00244079
0.727273,0.045,0.00244058
0.727273,0.046,0.00244031
0.727273,0.047,0.00243998
0.727273,0.048,0.00243957
0.727273,0.049,0.00243908
0.727273,0.05,0.00243848
0.727273,0.051,0.00243776
0.727273,0.052,0.0024369
0.727273,0.053,0.00243588
0.727273,0.054,0.00243467
0.727273,0.055,0.00243325
0.727273,0.056,0.00243159
0.727273,0.057,0.00242965
0.727273,0.058,0.0024274
0.727273,0.059,0.0024248
0.727273,0.06,0.00242181
0.727273,0.061,0.00241839
0.727273,0.062,0.00241448
0.727273,0.063,0.00241003
0.727273,0.064,0.00240497
0.727273,0.065,0.00239926
0.727273,0.066,0.00239281
0.727273,0.067,0.00238556
0.727273,0.068,0.00237742
0.727273,0.069,0.00236832
0.727273,0.07,0.00235815
0.727273,0.071,0.00234682
0.727273,0.072,0.00233423
0.727273,0.073,0.00232026
0.727273,0.074,0.00230478
0.727273,0.075,0.00228767
0.727273,0.076,0.00226878
0.727273,0.077,0.00224798
0.727273,0.078,0.00222509
0.727273,0.079,0.00219994
0.727273,0.08,0.00217237
0.727273,0.081,0.00214217
0.727273,0.082,0.00210913
0.727273,0.083,0.00207304
0.727273,0.084,0.00203366
0.727273,0.085,0.00199076
0.727273,0.086,0.00194407
0.727273,0.087,0.00189334
0.727273,0.088,0.00183826
0.727273,0.089,0.00177854
0.727273,0.09,0.00171385
0.727273,0.091,0.00164382
0.727273,0.092,0.00156811
0.727273,0.093,0.00148634
0.727273,0.094,0.00139817
0.727273,0.095,0.00130321
0.727273,0.096,0.00120107
0.727273,0.097,0.00109128
0.727273,0.098,0.000973304
0.727273,0.099,0.0008465
0.727273,0.1,0.000710196
0.727273,0.101,0.000563766
0.727273,0.102,0.000406719
0.727273,0.103,0.000238736
0.727273,0.104,5.95318e-05
0.727273,0.105,-0.000131422
0.727273,0.106,-0.000335299
0.727273,0.107,-0.000554203
0.727273,0.108,-0.000791055
0.727273,0.109,-0.00104884
0.727273,0.11,-0.00132906
0.727273,0.111,-0.00162956
0.727273,0.112,-0.00194216
0.727273,0.113,-0.00225094
0.727273,0.114,-0.00253245
0.727273,0.115,-0.00275861
0.727273,0.116,-0.00290209
0.727273,0.117,-0.00294235
0.727273,0.118,-0.00286999
0.727273,0.119,-0.00268787
0.727273,0.12,-0.00240916
0.727273,0.121,-0.00205367
0.727273,0.122,-0.00164391
0.727273,0.123,-0.00120195
0.727273,0.124,-0.000747383
0.727273,0.125,-0.000296326
0.727273,0.126,0.000138732
0.727273,0.127,0.000548583
0.727273,0.128,0.000926667
0.727273,0.129,0.00126838
0.727273,0.13,0.00157048
0.727273,0.131,0.00183072
0.727273,0.132,0.0020477
0.727273,0.133,0.00222086
0.727273,0.134,0.00235065
0.727273,0.135,0.00243866
0.727273,0.136,0.0024877
0.727273,0.137,0.00250178
0.727273,0.138,0.00248593
0.727273,0.139,0.00244595
0.727273,0.14,0.00238799
0.727273,0.141,0.00231814
0.727273,0.142,0.00224203
0.727273,0.143,0.00216449
0.727273,0.144,0.00208932
0.727273,0.145,0.00201928
0.727273,0.146,0.00195606
0.727273,0.147,0.0019005
0.727273,0.148,0.00185272
0.727273,0.149,0.00181234
0.727273,0.15,0.00177867
0.737374,0.001,0.00244152
0.737374,0.002,0.00244152
0.737374,0.003,0.00244152
0.737374,0.004,0.00244152
0.737374,0.005,0.00244152
0.737374,0.006,0.00244152
0.737374,0.007,0.00244152
0.737374,0.008,0.00244152
0.737374,0.009,0.00244152
0.737374,0.01,0.00244152
0.737374,0.011,0.00244152
0.737374,0.012,0.00244152
0.737374,0.013,0.00244152
0.737374,0.014,0.00244152
0.737374,0.015,0.00244152
0.737374,0.016,0.00244152
0.737374,0.017,0.00244152
0.737374,0.018,0.00244152
0.737374,0.019,0.00244152
0.737374,0.02,0.00244152
0.737374,0.021,0.00244152
0.737374,0.022,0.00244152
0.737374,0.023,0.00244152
0.737374,0.024,0.00244152
0.737374,0.025,0.00244152
0.737374,0.026,0.00244152
0.737374,0.027,0.00244152
0.737374,0.028,0.00244152
0.737374,0.029,0.00244153
0.737374,0.03,0.00244152
0.737374,0.031,0.00244152
0.737374,0.032,0.00244152
0.737374,0.033,0.00244152
0.737374,0.034,0.00244152
0.737374,0.035,0.00244152
0.737374,0.036,0.00244152
0.737374,0.037,0.00244151
0.737374,0.038,0.00244151
0.737374,0.039,0.0024415
0.737374,0.04,0.00244149
0.737374,0.041,0.00244147
0.737374,0.042,0.00244145
0.737374,0.043,0.00244142
0.737374,0.044,0.00244139
0.737374,0.045,0.00244134
0.737374,0.046,0.00244128
0.737374,0.047,0.0024412
0.737374,0.048,0.0024411
0.737374,0.049,0.00244098
0.737374,0.05,0.00244083
0.737374,0.051,0.00244064
0.737374,0.052,0.00244041
0.737374,0.053,0.00244013
0.737374,0.054,0.00243978
0.737374,0.055,0.00243937
0.737374,0.056,0.00243888
0.737374,0.057,0.00243829
0.737374,0.058,0.00243759
0.737374,0.059,0.00243676
0.737374,0.06,0.00243579
0.737374,0.061,0.00243465
0.737374,0.062,0.00243333
0.737374,0.063,0.0024318
0.737374,0.064,0.00243003
0.737374,0.065,0.002428
0.737374,0.066,0.00242566
0.737374,0.067,0.002423
0.737374,0.068,0.00241996
0.737374,0.069,0.00241652
0.737374,0.07,0.00241262
0.737374,0.071,0.00240822
0.737374,0.072,0.00240327
0.737374,0.073,0.00239771
0.737374,0.074,0.00239149
0.737374,0.075,0.00238455
0.737374,0.076,0.0023768
0.737374,0.077,0.00236819
0.737374,0.078,0.00235864
0.737374,0.079,0.00234806
0.737374,0.08,0.00233636
0.737374,0.081,0.00232344
0.737374,0.082,0.00230922
0.737374,0.083,0.00229357
0.737374,0.084,0.00227639
0.737374,0.085,0.00225754
0.737374,0.086,0.0022369
0.737374,0.087,0.00221433
0.737374,0.088,0.00218968
0.737374,0.089,0.0021628
0.737374,0.09,0.00213351
0.737374,0.091,0.00210165
0.737374,0.092,0.00206702
0.737374,0.093,0.00202943
0.737374,0.094,0.00198867
0.737374,0.095,0.00194452
0.737374,0.096,0.00189676
0.737374,0.097,0.00184514
0.737374,0.098,0.00178943
0.737374,0.099,0.00172934
0.737374,0.1,0.00166461
0.737374,0.101,0.00159492
0.737374,0.102,0.00151997
0.737374,0.103,0.00143943
0.737374,0.104,0.00135298
0.737374,0.105,0.0012603
0.737374,0.106,0.00116106
0.737374,0.107,0.00105491
0.737374,0.108,0.000941449
0.737374,0.109,0.000820181
0.737374,0.11,0.000690554
0.737374,0.111,0.00055198
0.737374,0.112,0.00040392
0.737374,0.113,0.00024596
0.737374,0.114,7.78351e-05
0.737374,0.115,-0.00010069
0.737374,0.116,-0.000290089
0.737374,0.117,-0.000491428
0.737374,0.118,-0.000706618
0.737374,0.119,-0.000938281
0.737374,0.12,-0.00118904
0.737374,0.121,-0.00146006
0.737374,0.122,-0.00174907
0.737374,0.123,-0.00204809
0.737374,0.124,-0.00234199
0.737374,0.125,-0.00260861
0.737374,0.126,-0.00282146
0.737374,0.127,-0.00295467
0.737374,0.128,-0.00298855
0.737374,0.129,-0.00291376
0.737374,0.13,-0.00273251
0.737374,0.131,-0.00245693
0.737374,0.132,-0.00210571
0.737374,0.133,-0.00170042
0.737374,0.134,-0.00126243
0.737374,0.135,-0.000810945
0.737374,0.136,-0.000361917
0.737374,0.137,7.21587e-05
0.737374,0.138,0.000481989
0.737374,0.139,0.000860894
0.737374,0.14,0.00120415
0.737374,0.141,0.00150843
0.737374,0.142,0.00177143
0.737374,0.143,0.00199168
0.737374,0.144,0.00216858
0.737374,0.145,0.00230251
0.737374,0.146,0.00239495
0.737374,0.147,0.00244859
0.737374,0.148,0.0024673
0.737374,0.149,0.00245597
0.737374,0.15,0.00242028
0.747475,0.001,0.00244152
0.747475,0.002,0.00244152
0.747475,0.003,0.00244152
0.747475,0.004,0.00244152
0.747475,0.005,0.00244152
0.747475,0.006,0.00244152
0.747475,0.007,0.00244152
0.747475,0.008,0.00244152
0.747475,0.009,0.00244152
0.747475,0.01,0.00244152
0.747475,0.011,0.00244152
0.747475,0.012,0.00244152
0.747475,0.013,0.00244152
0.747475,0.014,0.00244152
0.747475,0.015,0.00244152
0.747475,0.016,0.00244152
0.747475,0.017,0.00244152
0.747475,0.018,0.00244152
0.747475,0.019,0.00244152
0.747475,0.02,0.00244152
0.747475,0.021,0.00244152
0.747475,0.022,0.00244152
0.747475,0.023,0.00244152
0.747475,0.024,0.00244152
0.747475,0.025,0.00244152
0.747475,0.026,0.00244152
0.747475,0.027,0.00244152
0.747475,0.028,0.00244152
0.747475,0.029,0.00244152
0.747475,0.03,0.00244152
0.747475,0.031,0.00244152
0.747475,0.032,0.00244152
0.747475,0.033,0.00244153
0.747475,0.034,0.00244153
0.747475,0.035,0.00244152
0.747475,0.036,0.00244152
0.747475,0.037,0.00244152
0.747475,0.038,0.00244152
0.747475,0.039,0.00244152
0.747475,0.04,0.00244152
0.747475,0.041,0.00244152
0.747475,0.042,0.00244151
0.747475,0.043,0.00244151
0.747475,0.044,0.0024415
0.747475,0.045,0.00244149
0.747475,0.046,0.00244148
0.747475,0.047,0.00244146
0.747475,0.048,0.00244144
0.747475,0.049,0.00244142
0.747475,0.05,0.00244138
0.747475,0.051,0.00244134
0.747475,0.052,0.00244128
0.747475,0.053,0.00244121
0.747475,0.054,0.00244112
0.747475,0.055,0.00244102
0.747475,0.056,0.00244088
0.747475,0.057,0.00244072
0.747475,0.058,0.00244053
0.747475,0.059,0.00244029
0.747475,0.06,0.00244
0.747475,0.061,0.00243966
0.747475,0.062,0.00243925
0.747475,0.063,0.00243877
0.747475,0.064,0.0024382
0.747475,0.065,0.00243754
0.747475,0.066,0.00243676
0.747475,0.067,0.00243585
0.747475,0.068,0.0024348
0.747475,0.069,0.00243359
0.747475,0.07,0.00243219
0.747475,0.071,0.00243059
0.747475,0.072,0.00242876
0.747475,0.073,0.00242668
0.747475,0.074,0.00242431
0.747475,0.075,0.00242163
0.747475,0.076,0.0024186
0.747475,0.077,0.00241519
0.747475,0.078,0.00241136
0.747475,0.079,0.00240707
0.747475,0.08,0.00240228
0.747475,0.081,0.00239693
0.747475,0.082,0.00239097
0.747475,0.083,0.00238436
0.747475,0.084,0.00237704
0.747475,0.085,0.00236893
0.747475,0.086,0.00235999
0.747475,0.087,0.00235013
0.747475,0.088,0.00233928
0.747475,0.089,0.00232736
0.747475,0.09,0.00231428
0.747475,0.091,0.00229996
0.747475,0.092,0.0022843
0.747475,0.093,0.00226719
0.747475,0.094,0.00224852
0.747475,0.095,0.00222819
0.747475,0.096,0.00220606
0.747475,0.097,0.00218202
0.747475,0.098,0.00215591
0.747475,0.099,0.0021276
0.747475,0.1,0.00209694
0.747475,0.101,0.00206377
0.747475,0.102,0.00202791
0.747475,0.103,0.00198919
0.747475,0.104,0.00194742
0.747475,0.105,0.0019024
0.747475,0.106,0.00185394
0.747475,0.107,0.00180182
0.747475,0.108,0.00174582
0.747475,0.109,0.00168571
0.747475,0.11,0.00162125
0.747475,0.111,0.00155218
0.747475,0.112,0.00147823
0.747475,0.113,0.00139911
0.747475,0.114,0.00131454
0.747475,0.115,0.00122424
0.747475,0.116,0.00112791
0.747475,0.117,0.00102527
0.747475,0.118,0.000916013
0.747475,0.119,0.00079978
0.747475,0.12,0.000676142
0.747475,0.121,0.000544606
0.747475,0.122,0.00040466
0.747475,0.123,0.000255834
0.747475,0.124,9.7772e-05
0.747475,0.125,-6.97427e-05
0.747475,0.126,-0.000246908
0.747475,0.127,-0.000434145
0.747475,0.128,-0.000632425
0.747475,0.129,-0.000843484
0.747475,0.13,-0.00106971
0.747475,0.131,-0.00131343
0.747475,0.132,-0.0015756
0.747475,0.133,-0.0018539
0.747475,0.134,-0.00214066
0.747475,0.135,-0.0024215
0.747475,0.136,-0.00267542
0.747475,0.137,-0.00287729
0.747475,0.138,-0.0030024
0.747475,0.139,-0.00303167
0.747475,0.14,-0.0029557
0.747475,0.141,-0.00277603
0.747475,0.142,-0.00250385
0.747475,0.143,-0.00215681
0.747475,0.144,-0.00175565
0.747475,0.145,-0.00132118
0.747475,0.146,-0.000872265
0.747475,0.147,-0.000424752
0.747475,0.148,8.83618e-06
0.747475,0.149,0.000419097
0.747475,0.15,0.000799217
0.757576,0.001,0.00244152
0.757576,0.002,0.00244152
0.757576,0.003,0.00244152
0.757576,0.004,0.00244152
0.757576,0.005,0.00244152
0.757576,0.006,0.00244152
0.757576,0.007,0.00244152
0.757576,0.008,0.00244152
0.757576,0.009,0.00244152
0.757576,0.01,0.00244152
0.757576,0.011,0.00244152
0.757576,0.012,0.00244152
0.757576,0.013,0.00244152
0.757576,0.014,0.00244152
0.757576,0.015,0.00244152
0.757576,0.016,0.00244152
0.757576,0.017,0.00244152
0.757576,0.018,0.00244152
0.757576,0.019,0.00244152
0.757576,0.02,0.00244152
0.757576,0.021,0.00244152
0.757576,0.022,0.00244152
0.757576,0.023,0.00244152
0.757576,0.024,0.00244152
0.757576,0.025,0.00244152
0.757576,0.026,0.00244152
0.757576,0.027,0.00244152
0.757576,0.028,0.00244152
0.757576,0.029,0.00244152
0.757576,0.03,0.00244152
0.757576,0.031,0.00244152
0.757576,0.032,0.00244152
0.757576,0.033,0.00244152
0.757576,0.034,0.00244152
0.757576,0.035,0.00244152
0.757576,0.036,0.00244152
0.757576,0.037,0.00244152
0.757576,0.038,0.00244153
0.757576,0.039,0.00244153
0.757576,0.04,0.00244152
0.757576,0.041,0.00244152
0.757576,0.042,0.00244152
0.757576,0.043,0.00244152
0.757576,0.044,0.00244152
0.757576,0.045,0.00244152
0.757576,0.046,0.00244152
0.757576,0.047,0.00244152
0.757576,0.048,0.00244151
0.757576,0.049,0.00244151
0.757576,0.05,0.0024415
0.757576,0.051,0.00244149
0.757576,0.052,0.00244148
0.757576,0.053,0.00244146
0.757576,0.054,0.00244144
0.757576,0.055,0.00244141
0.757576,0.056,0.00244139
0.757576,0.057,0.00244135
0.757576,0.058,0.00244129
0.757576,0.059,0.00244123
0.757576,0.06,0.00244116
0.757576,0.061,0.00244106
0.757576,0.062,0.00244095
0.757576,0.063,0.00244081
0.757576,0.064,0.00244065
0.757576,0.065,0.00244045
0.757576,0.066,0.00244021
0.757576,0.067,0.00243993
0.757576,0.068,0.0024396
0.757576,0.069,0.00243921
0.757576,0.07,0.00243875
0.757576,0.071,0.00243821
0.757576,0.072,0.00243759
0.757576,0.073,0.00243686
0.757576,0.074,0.00243603
0.757576,0.075,0.00243507
0.757576,0.076,0.00243396
0.757576,0.077,0.0024327
0.757576,0.078,0.00243126
0.757576,0.079,0.00242962
0.757576,0.08,0.00242777
0.757576,0.081,0.00242567
0.757576,0.082,0.00242331
0.757576,0.083,0.00242065
0.757576,0.084,0.00241767
0.757576,0.085,0.00241433
0.757576,0.086,0.0024106
0.757576,0.087,0.00240645
0.757576,0.088,0.00240184
0.757576,0.089,0.00239673
0.757576,0.09,0.00239106
0.757576,0.091,0.0023848
0.757576,0.092,0.0023779
0.757576,0.093,0.0023703
0.757576,0.094,0.00236194
0.757576,0.095,0.00235276
0.757576,0.096,0.00234271
0.757576,0.097,0.0023317
0.757576,0.098,0.00231968
0.757576,0.099,0.00230656
0.757576,0.1,0.00229226
0.757576,0.101,0.00227669
0.757576,0.102,0.00225976
0.757576,0.103,0.00224138
0.757576,0.104,0.00222144
0.757576,0.105,0.00219984
0.757576,0.106,0.00217645
0.757576,0.107,0.00215117
0.757576,0.108,0.00212386
0.757576,0.109,0.0020944
0.757576,0.11,0.00206263
0.757576,0.111,0.00202843
0.757576,0.112,0.00199162
0.757576,0.113,0.00195206
0.757576,0.114,0.00190957
0.757576,0.115,0.00186399
0.757576,0.116,0.00181511
0.757576,0.117,0.00176277
0.757576,0.118,0.00170675
0.757576,0.119,0.00164686
0.757576,0.12,0.00158289
0.757576,0.121,0.00151461
0.757576,0.122,0.0014418
0.757576,0.123,0.00136421
0.757576,0.124,0.00128158
0.757576,0.125,0.00119366
0.757576,0.126,0.00110019
0.757576,0.127,0.00100093
0.757576,0.128,0.000895616
0.757576,0.129,0.000783985
0.757576,0.13,0.000665719
0.757576,0.131,0.000540444
0.757576,0.132,0.00040772
0.757576,0.133,0.000267095
0.757576,0.134,0.000118161
0.757576,0.135,-3.93931e-05
0.757576,0.136,-0.000205747
0.757576,0.137,-0.000381064
0.757576,0.138,-0.000565721
0.757576,0.139,-0.000760601
0.757576,0.14,-0.000967293
0.757576,0.141,-0.00118798
0.757576,0.142,-0.00142477
0.757576,0.143,-0.00167848
0.757576,0.144,-0.00194681
0.757576,0.145,-0.00222245
0.757576,0.146,-0.00249173
0.757576,0.147,-0.00273471
0.757576,0.148,-0.00292744
0.757576,0.149,-0.00304614
0.757576,0.15,-0.0030722
0.767677,0.001,0.00244152
0.767677,0.002,0.00244152
0.767677,0.003,0.00244152
0.767677,0.004,0.00244152
0.767677,0.005,0.00244152
0.767677,0.006,0.00244152
0.767677,0.007,0.00244152
0.767677,0.008,0.00244152
0.767677,0.009,0.00244152
0.767677,0.01,0.00244152
0.767677,0.011,0.00244152
0.767677,0.012,0.00244152
0.767677,0.013,0.00244152
0.767677,0.014,0.00244152
0.767677,0.015,0.00244152
0.767677,0.016,0.00244152
0.767677,0.017,0.00244152
0.767677,0.018,0.00244152
0.767677,0.019,0.00244152
0.767677,0.02,0.00244152
0.767677,0.021,0.00244152
0.767677,0.022,0.00244152
0.767677,0.023,0.00244152
0.767677,0.024,0.00244152
0.767677,0.025,0.00244152
0.767677,0.026,0.00244152
0.767677,0.027,0.00244152
0.767677,0.028,0.00244152
0.767677,0.029,0.00244152
0.767677,0.03,0.00244152
0.767677,0.031,0.00244152
0.767677,0.032,0.00244152
0.767677,0.033,0.00244152
0.767677,0.034,0.00244152
0.767677,0.035,0.00244152
0.767677,0.036,0.00244152
0.767677,0.037,0.00244152
0.767677,0.038,0.00244152
0.767677,0.039,0.00244152
0.767677,0.04,0.00244152
0.767677,0.041,0.00244152
0.767677,0.042,0.00244153
0.767677,0.043,0.00244153
0.767677,0.044,0.00244153
0.767677,0.045,0.00244152
0.767677,0.046,0.00244152
0.767677,0.047,0.00244152
0.767677,0.048,0.00244152
0.767677,0.049,0.00244152
0.767677,0.05,0.00244152
0.767677,0.051,0.00244152
0.767677,0.052,0.00244152
0.767677,0.053,0.00244151
0.767677,0.054,0.00244151
0.767677,0.055,0.0024415
0.767677,0.056,0.0024415
0.767677,0.057,0.00244149
0.767677,0.058,0.00244148
0.767677,0.059,0.00244146
0.767677,0.06,0.00244144
0.767677,0.061,0.00244142
0.767677,0.062,0.00244139
0.767677,0.063,0.00244136
0.767677,0.064,0.00244131
0.767677,0.065,0.00244126
0.767677,0.066,0.00244119
0.767677,0.067,0.00244111
0.767677,0.068,0.00244102
0.767677,0.069,0.0024409
0.767677,0.07,0.00244076
0.767677,0.071,0.0024406
0.767677,0.072,0.0024404
0.767677,0.073,0.00244017
0.767677,0.074,0.0024399
0.767677,0.075,0.00243959
0.767677,0.076,0.00243922
0.767677,0.077,0.00243879
0.767677,0.078,0.00243828
0.767677,0.079,0.0024377
0.767677,0.08,0.00243704
0.767677,0.081,0.00243627
0.767677,0.082,0.0024354
0.767677,0.083,0.0024344
0.767677,0.084,0.00243326
0.767677,0.085,0.00243197
0.767677,0.086,0.00243052
0.767677,0.087,0.00242887
0.767677,0.088,0.00242701
0.767677,0.089,0.00242493
0.767677,0.09,0.0024226
0.767677,0.091,0.00241999
0.767677,0.092,0.00241708
0.767677,0.093,0.00241384
0.767677,0.094,0.00241025
0.767677,0.095,0.00240626
0.767677,0.096,0.00240185
0.767677,0.097,0.00239698
0.767677,0.098,0.00239162
0.767677,0.099,0.00238571
0.767677,0.1,0.00237922
0.767677,0.101,0.0023721
0.767677,0.102,0.0023643
0.767677,0.103,0.00235577
0.767677,0.104,0.00234645
0.767677,0.105,0.00233629
0.767677,0.106,0.00232523
0.767677,0.107,0.00231318
0.767677,0.108,0.0023001
0.767677,0.109,0.0022859
0.767677,0.11,0.00227051
0.767677,0.111,0.00225384
0.767677,0.112,0.0022358
0.767677,0.113,0.00221632
0.767677,0.114,0.00219528
0.767677,0.115,0.00217259
0.767677,0.116,0.00214815
0.767677,0.117,0.00212183
0.767677,0.118,0.00209354
0.767677,0.119,0.00206313
0.767677,0.12,0.00203049
0.767677,0.121,0.00199548
0.767677,0.122,0.00195797
0.767677,0.123,0.0019178
0.767677,0.124,0.00187482
0.767677,0.125,0.00182888
0.767677,0.126,0.00177981
0.767677,0.127,0.00172745
0.767677,0.128,0.00167161
0.767677,0.129,0.00161212
0.767677,0.13,0.00154879
0.767677,0.131,0.00148143
0.767677,0.132,0.00140984
0.767677,0.133,0.00133381
0.767677,0.134,0.00125311
0.767677,0.135,0.00116753
0.767677,0.136,0.00107683
0.767677,0.137,0.000980785
0.767677,0.138,0.00087918
0.767677,0.139,0.000771794
0.767677,0.14,0.000658391
0.767677,0.141,0.000538692
0.767677,0.142,0.000412364
0.767677,0.143,0.000279023
0.767677,0.144,0.000138264
0.767677,0.145,-1.02754e-05
0.767677,0.146,-0.000166859
0.767677,0.147,-0.000331644
0.767677,0.148,-0.000504767
0.767677,0.149,-0.00068656
0.767677,0.15,-0.000877828
0.777778,0.001,0.00244152
0.777778,0.002,0.00244152
0.777778,0.003,0.00244152
0.777778,0.004,0.00244152
0.777778,0.005,0.00244152
0.777778,0.006,0.00244152
0.777778,0.007,0.00244152
0.777778,0.008,0.00244152
0.777778,0.009,0.00244152
0.777778,0.01,0.00244152
0.777778,0.011,0.00244152
0.777778,0.012,0.00244152
0.777778,0.013,0.00244152
0.777778,0.014,0.00244152
0.777778,0.015,0.00244152
0.777778,0.016,0.00244152
0.777778,0.017,0.00244152
0.777778,0.018,0.00244152
0.777778,0.019,0.00244152
0.777778,0.02,0.00244152
0.777778,0.021,0.00244152
0.777778,0.022,0.00244152
0.777778,0.023,0.00244152
0.777778,0.024,0.00244152
0.777778,0.025,0.00244152
0.777778,0.026,0.00244152
0.777778,0.027,0.00244152
0.777778,0.028,0.00244152
0.777778,0.029,0.00244152
0.777778,0.03,0.00244152
0.777778,0.031,0.00244152
0.777778,0.032,0.00244152
0.777778,0.033,0.00244152
0.777778,0.034,0.00244152
0.777778,0.035,0.00244152
0.777778,0.036,0.00244152
0.777778,0.037,0.00244152
0.777778,0.038,0.00244152
0.777778,0.039,0.00244152
0.777778,0.04,0.00244152
0.777778,0.041,0.00244152
0.777778,0.042,0.00244152
0.777778,0.043,0.00244152
0.777778,0.044,0.00244152
0.777778,0.045,0.00244152
0.777778,0.046,0.00244152
0.777778,0.047,0.00244153
0.777778,0.048,0.00244153
0.777778,0.049,0.00244153
0.777778,0.05,0.00244153
0.777778,0.051,0.00244152
0.777778,0.052,0.00244152
0.777778,0.053,0.00244152
0.777778,0.054,0.00244152
0.777778,0.055,0.00244152
0.777778,0.056,0.00244152
0.777778,0.057,0.00244152
0.777778,0.058,0.00244152
0.777778,0.059,0.00244151
0.777778,0.06,0.00244151
0.777778,0.061,0.0024415
0.777778,0.062,0.0024415
0.777778,0.063,0.00244149
0.777778,0.064,0.00244148
0.777778,0.065,0.00244147
0.777778,0.066,0.00244145
0.777778,0.067,0.00244143
0.777778,0.068,0.0024414
0.777778,0.069,0.00244137
0.777778,0.07,0.00244133
0.777778,0.071,0.00244129
0.777778,0.072,0.00244123
0.777778,0.073,0.00244116
0.777778,0.074,0.00244109
0.777778,0.075,0.00244099
0.777778,0.076,0.00244087
0.777778,0.077,0.00244074
0.777778,0.078,0.00244058
0.777778,0.079,0.00244039
0.777778,0.08,0.00244017
0.777778,0.081,0.00243991
0.777778,0.082,0.00243961
0.777778,0.083,0.00243927
0.777778,0.084,0.00243887
0.777778,0.085,0.0024384
0.777778,0.086,0.00243787
0.777778,0.087,0.00243726
0.777778,0.088,0.00243657
0.777778,0.089,0.00243578
0.777778,0.09,0.00243488
0.777778,0.091,0.00243386
0.777778,0.092,0.0024327
0.777778,0.093,0.00243141
0.777778,0.094,0.00242995
0.777778,0.095,0.00242831
0.777778,0.096,0.00242648
0.777778,0.097,0.00242443
0.777778,0.098,0.00242215
0.777778,0.099,0.00241961
0.777778,0.1,0.00241679
0.777778,0.101,0.00241367
0.777778,0.102,0.00241022
0.777778,0.103,0.00240641
0.777778,0.104,0.00240221
0.777778,0.105,0.00239759
0.777778,0.106,0.00239252
0.777778,0.107,0.00238695
0.777778,0.108,0.00238086
0.777778,0.109,0.0023742
0.777778,0.11,0.00236693
0.777778,0.111,0.002359
0.777778,0.112,0.00235037
0.777778,0.113,0.00234098
0.777778,0.114,0.00233078
0.777778,0.115,0.00231972
0.777778,0.116,0.00230773
0.777778,0.117,0.00229474
0.777778,0.118,0.00228071
0.777778,0.119,0.00226555
0.777778,0.12,0.00224918
0.777778,0.121,0.00223155
0.777778,0.122,0.00221255
0.777778,0.123,0.0021921
0.777778,0.124,0.00217012
0.777778,0.125,0.00214651
0.777778,0.126,0.00212117
0.777778,0.127,0.002094
0.777778,0.128,0.00206489
0.777778,0.129,0.00203373
0.777778,0.13,0.0020004
0.777778,0.131,0.00196477
0.777778,0.132,0.00192673
0.777778,0.133,0.00188613
0.777778,0.134,0.00184285
0.777778,0.135,0.00179673
0.777778,0.136,0.00174764
0.777778,0.137,0.00169541
0.777778,0.138,0.00163989
0.777778,0.139,0.00158092
0.777778,0.14,0.00151834
0.777778,0.141,0.00145197
0.777778,0.142,0.00138164
0.777778,0.143,0.00130717
0.777778,0.144,0.00122837
0.777778,0.145,0.00114504
0.777778,0.146,0.00105698
0.777778,0.147,0.000963994
0.777778,0.148,0.000865872
0.777778,0.149,0.000762427
0.777778,0.15,0.000653468
0.787879,0.001,0.00244152
0.787879,0.002,0.00244152
0.787879,0.003,0.00244152
0.787879,0.004,0.00244152
0.787879,0.005,0.00244152
0.787879,0.006,0.00244152
0.787879,0.007,0.00244152
0.787879,0.008,0.00244152
0.787879,0.009,0.00244152
0.787879,0.01,0.00244152
0.787879,0.011,0.00244152
0.787879,0.012,0.00244152
0.787879,0.013,0.00244152
0.787879,0.014,0.00244152
0.787879,0.015,0.00244152
0.787879,0.016,0.00244152
0.787879,0.017,0.00244152
0.787879,0.018,0.00244152
0.787879,0.019,0.00244152
0.787879,0.02,0.00244152
0.787879,0.021,0.00244152
0.787879,0.022,0.00244152
0.787879,0.023,0.00244152
0.787879,0.024,0.00244152
0.787879,0.025,0.00244152
0.787879,0.026,0.00244152
0.787879,0.027,0.00244152
0.787879,0.028,0.00244152
0.787879,0.029,0.00244152
0.787879,0.03,0.00244152
0.787879,0.031,0.00244152
0.787879,0.032,0.00244152
0.787879,0.033,0.00244152
0.787879,0.034,0.00244152
0.787879,0.035,0.00244152
0.787879,0.036,0.00244152
0.787879,0.037,0.00244152
0.787879,0.038,0.00244152
0.787879,0.039,0.00244152
0.787879,0.04,0.00244152
0.787879,0.041,0.00244152
0.787879,0.042,0.00244152
0.787879,0.043,0.00244152
0.787879,0.044,0.00244152
0.787879,0.045,0.00244152
0.787879,0.046,0.00244152
0.787879,0.047,0.00244152
0.787879,0.048,0.00244152
0.787879,0.049,0.00244152
0.787879,0.05,0.00244152
0.787879,0.051,0.00244152
0.787879,0.052,0.00244153
0.787879,0.053,0.00244153
0.787879,0.054,0.00244153
0.787879,0.055,0.00244153
0.787879,0.056,0.00244152
0.787879,0.057,0.00244152
0.787879,0.058,0.00244152
0.787879,0.059,0.00244152
0.787879,0.06,0.00244152
0.787879,0.061,0.00244152
0.787879,0.062,0.00244152
0.787879,0.063,0.00244152
0.787879,0.064,0.00244152
0.787879,0.065,0.00244151
0.787879,0.066,0.00244151
0.787879,0.067,0.0024415
0.787879,0.068,0.0024415
0.787879,0.069,0.00244149
0.787879,0.07,0.00244148
0.787879,0.071,0.00244147
0.787879,0.072,0.00244145
0.787879,0.073,0.00244144
0.787879,0.074,0.00244142
0.787879,0.075,0.00244139
0.787879,0.076,0.00244135
0.787879,0.077,0.00244132
0.787879,0.078,0.00244127
0.787879,0.079,0.00244121
0.787879,0.08,0.00244115
0.787879,0.081,0.00244107
0.787879,0.082,0.00244097
0.787879,0.083,0.00244086
0.787879,0.084,0.00244073
0.787879,0.085,0.00244058
0.787879,0.086,0.0024404
0.787879,0.087,0.00244019
0.787879,0.088,0.00243995
0.787879,0.089,0.00243967
0.787879,0.09,0.00243935
0.787879,0.091,0.00243898
0.787879,0.092,0.00243855
0.787879,0.093,0.00243807
0.787879,0.094,0.00243751
0.787879,0.095,0.00243689
0.787879,0.096,0.00243617
0.787879,0.097,0.00243537
0.787879,0.098,0.00243445
0.787879,0.099,0.00243343
0.787879,0.1,0.00243227
0.787879,0.101,0.00243098
0.787879,0.102,0.00242954
0.787879,0.103,0.00242792
0.787879,0.104,0.00242613
0.787879,0.105,0.00242413
0.787879,0.106,0.00242191
0.787879,0.107,0.00241945
0.787879,0.108,0.00241674
0.787879,0.109,0.00241374
0.787879,0.11,0.00241044
0.787879,0.111,0.00240681
0.787879,0.112,0.00240283
0.787879,0.113,0.00239846
0.787879,0.114,0.00239367
0.787879,0.115,0.00238844
0.787879,0.116,0.00238273
0.787879,0.117,0.0023765
0.787879,0.118,0.00236972
0.787879,0.119,0.00236235
0.787879,0.12,0.00235435
0.787879,0.121,0.00234567
0.787879,0.122,0.00233626
0.787879,0.123,0.00232608
0.787879,0.124,0.00231507
0.787879,0.125,0.00230318
0.787879,0.126,0.00229035
0.787879,0.127,0.00227652
0.787879,0.128,0.00226163
0.787879,0.129,0.00224561
0.787879,0.13,0.00222839
0.787879,0.131,0.0022099
0.787879,0.132,0.00219006
0.787879,0.133,0.00216878
0.787879,0.134,0.00214599
0.787879,0.135,0.0021216
0.787879,0.136,0.00209551
0.787879,0.137,0.00206763
0.787879,0.138,0.00203785
0.787879,0.139,0.00200608
0.787879,0.14,0.00197221
0.787879,0.141,0.00193612
0.787879,0.142,0.0018977
0.787879,0.143,0.00185682
0.787879,0.144,0.00181337
0.787879,0.145,0.00176722
0.787879,0.146,0.00171822
0.787879,0.147,0.00166624
0.787879,0.148,0.00161115
0.787879,0.149,0.00155279
0.787879,0.15,0.00149102
0.79798,0.001,0.00244152
0.79798,0.002,0.00244152
0.79798,0.003,0.00244152
0.79798,0.004,0.00244152
0.79798,0.005,0.00244152
0.79798,0.006,0.00244152
0.79798,0.007,0.00244152
0.79798,0.008,0.00244152
0.79798,0.009,0.00244152
0.79798,0.01,0.00244152
0.79798,0.011,0.00244152
0.79798,0.012,0.00244152
0.79798,0.013,0.00244152
0.79798,0.014,0.00244152
0.79798,0.015,0.00244152
0.79798,0.016,0.00244152
0.79798,0.017,0.00244152
0.79798,0.018,0.00244152
0.79798,0.019,0.00244152
0.79798,0.02,0.00244152
0.79798,0.021,0.00244152
0.79798,0.022,0.00244152
0.79798,0.023,0.00244152
0.79798,0.024,0.00244152
0.79798,0.025,0.00244152
0.79798,0.026,0.00244152
0.79798,0.027,0.00244152
0.79798,0.028,0.00244152
0.79798,0.029,0.00244152
0.79798,0.03,0.00244152
0.79798,0.031,0.00244152
0.79798,0.032,0.00244152
0.79798,0.033,0.00244152
0.79798,0.034,0.00244152
0.79798,0.035,0.00244152
0.79798,0.036,0.00244152
0.79798,0.037,0.00244152
0.79798,0.038,0.00244152
0.79798,0.039,0.00244152
0.79798,0.04,0.00244152
0.79798,0.041,0.00244152
0.79798,0.042,0.00244152
0.79798,0.043,0.00244152
0.79798,0.044,0.00244152
0.79798,0.045,0.00244152
0.79798,0.046,0.00244152
0.79798,0.047,0.00244152
0.79798,0.048,0.00244152
0.79798,0.049,0.00244152
0.79798,0.05,0.00244152
0.79798,0.051,0.00244152
0.79798,0.052,0.00244152
0.79798,0.053,0.00244152
0.79798,0.054,0.00244152
0.79798,0.055,0.00244152
0.79798,0.056,0.00244152
0.79798,0.057,0.00244153
0.79798,0.058,0.00244153
0.79798,0.059,0.00244153
0.79798,0.06,0.00244153
0.79798,0.061,0.00244152
0.79798,0.062,0.00244152
0.79798,0.063,0.00244152
0.79798,0.064,0.00244152
0.79798,0.065,0.00244152
0.79798,0.066,0.00244152
0.79798,0.067,0.00244152
0.79798,0.068,0.00244152
0.79798,0.069,0.00244152
0.79798,0.07,0.00244152
0.79798,0.071,0.00244151
0.79798,0.072,0.00244151
0.79798,0.073,0.00244151
0.79798,0.074,0.0024415
0.79798,0.075,0.00244149
0.79798,0.076,0.00244148
0.79798,0.077,0.00244147
0.79798,0.078,0.00244146
0.79798,0.079,0.00244145
0.79798,0.08,0.00244143
0.79798,0.081,0.0024414
0.79798,0.082,0.00244138
0.79798,0.083,0.00244134
0.79798,0.084,0.00244131
0.79798,0.085,0.00244126
0.79798,0.086,0.0024412
0.79798,0.087,0.00244114
0.79798,0.088,0.00244106
0.79798,0.089,0.00244097
0.79798,0.09,0.00244086
0.79798,0.091,0.00244074
0.79798,0.092,0.00244059
0.79798,0.093,0.00244042
0.79798,0.094,0.00244023
0.79798,0.095,0.00244
0.79798,0.096,0.00243975
0.79798,0.097,0.00243945
0.79798,0.098,0.00243911
0.79798,0.099,0.00243872
0.79798,0.1,0.00243828
0.79798,0.101,0.00243778
0.79798,0.102,0.00243721
0.79798,0.103,0.00243657
0.79798,0.104,0.00243585
0.79798,0.105,0.00243504
0.79798,0.106,0.00243412
0.79798,0.107,0.0024331
0.79798,0.108,0.00243196
0.79798,0.109,0.00243068
0.79798,0.11,0.00242926
0.79798,0.111,0.00242768
0.79798,0.112,0.00242593
0.79798,0.113,0.00242399
0.79798,0.114,0.00242185
0.79798,0.115,0.00241948
0.79798,0.116,0.00241688
0.79798,0.117,0.00241401
0.79798,0.118,0.00241087
0.79798,0.119,0.00240742
0.79798,0.12,0.00240364
0.79798,0.121,0.00239952
0.79798,0.122,0.00239501
0.79798,0.123,0.00239009
0.79798,0.124,0.00238474
0.79798,0.125,0.00237893
0.79798,0.126,0.00237261
0.79798,0.127,0.00236576
0.79798,0.128,0.00235833
0.79798,0.129,0.00235029
0.79798,0.13,0.00234161
0.79798,0.131,0.00233222
0.79798,0.132,0.0023221
0.79798,0.133,0.00231118
0.79798,0.134,0.00229943
0.79798,0.135,0.00228679
0.79798,0.136,0.0022732
0.79798,0.137,0.00225861
0.79798,0.138,0.00224295
0.79798,0.139,0.00222617
0.79798,0.14,0.00220819
0.79798,0.141,0.00218895
0.79798,0.142,0.00216837
0.79798,0.143,0.00214637
0.79798,0.144,0.00212289
0.79798,0.145,0.00209783
0.79798,0.146,0.00207111
0.79798,0.147,0.00204264
0.79798,0.148,0.00201233
0.79798,0.149,0.00198008
0.79798,0.15,0.0019458
0.808081,0.001,0.00244152
0.808081,0.002,0.00244152
0.808081,0.003,0.00244152
0.808081,0.004,0.00244152
0.808081,0.005,0.00244152
0.808081,0.006,0.00244152
0.808081,0.007,0.00244152
0.808081,0.008,0.00244152
0.808081,0.009,0.00244152
0.808081,0.01,0.00244152
0.808081,0.011,0.00244152
0.808081,0.012,0.00244152
0.808081,0.013,0.00244152
0.808081,0.014,0.00244152
0.808081,0.015,0.00244152
0.808081,0.016,0.00244152
0.808081,0.017,0.00244152
0.808081,0.018,0.00244152
0.808081,0.019,0.00244152
0.808081,0.02,0.00244152
0.808081,0.021,0.00244152
0.808081,0.022,0.00244152
0.808081,0.023,0.00244152
0.808081,0.024,0.00244152
0.808081,0.025,0.00244152
0.808081,0.026,0.00244152
0.808081,0.027,0.00244152
0.808081,0.028,0.00244152
0.808081,0.029,0.00244152
0.808081,0.03,0.00244152
0.808081,0.031,0.00244152
0.808081,0.032,0.00244152
0.808081,0.033,0.00244152
0.808081,0.034,0.00244152
0.808081,0.035,0.00244152
0.808081,0.036,0.00244152
0.808081,0.037,0.00244152
0.808081,0.038,0.00244152
0.808081,0.039,0.00244152
0.808081,0.04,0.00244152
0.808081,0.041,0.00244152
0.808081,0.042,0.00244152
0.808081,0.043,0.00244152
0.808081,0.044,0.00244152
0.808081,0.045,0.00244152
0.808081,0.046,0.00244152
0.808081,0.047,0.00244152
0.808081,0.048,0.00244152
0.808081,0.049,0.00244152
0.808081,0.05,0.00244152
0.808081,0.051,0.00244152
0.808081,0.052,0.00244152
0.808081,0.053,0.00244152
0.808081,0.054,0.00244152
0.808081,0.055,0.00244152
0.808081,0.056,0.00244152
0.808081,0.057,0.00244152
0.808081,0.058,0.00244152
0.808081,0.059,0.00244152
0.808081,0.06,0.00244152
0.808081,0.061,0.00244152
0.808081,0.062,0.00244153
0.808081,0.063,0.00244152
0.808081,0.064,0.00244153
0.808081,0.065,0.00244153
0.808081,0.066,0.00244153
0.808081,0.067,0.00244152
0.808081,0.068,0.00244152
0.808081,0.069,0.00244152
0.808081,0.07,0.00244152
0.808081,0.071,0.00244152
0.808081,0.072,0.00244152
0.808081,0.073,0.00244152
0.808081,0.074,0.00244152
0.808081,0.075,0.00244152
0.808081,0.076,0.00244152
0.808081,0.077,0.00244151
0.808081,0.078,0.00244151
0.808081,0.079,0.00244151
0.808081,0.08,0.0024415
0.808081,0.081,0.0024415
0.808081,0.082,0.00244149
0.808081,0.083,0.00244148
0.808081,0.084,0.00244147
0.808081,0.085,0.00244146
0.808081,0.086,0.00244144
0.808081,0.087,0.00244142
0.808081,0.088,0.0024414
0.808081,0.089,0.00244137
0.808081,0.09,0.00244134
0.808081,0.091,0.0024413
0.808081,0.092,0.00244125
0.808081,0.093,0.0024412
0.808081,0.094,0.00244113
0.808081,0.095,0.00244106
0.808081,0.096,0.00244097
0.808081,0.097,0.00244087
0.808081,0.098,0.00244075
0.808081,0.099,0.00244062
0.808081,0.1,0.00244046
0.808081,0.101,0.00244028
0.808081,0.102,0.00244007
0.808081,0.103,0.00243983
0.808081,0.104,0.00243956
0.808081,0.105,0.00243925
0.808081,0.106,0.0024389
0.808081,0.107,0.0024385
0.808081,0.108,0.00243805
0.808081,0.109,0.00243754
0.808081,0.11,0.00243697
0.808081,0.111,0.00243632
0.808081,0.112,0.0024356
0.808081,0.113,0.00243478
0.808081,0.114,0.00243388
0.808081,0.115,0.00243287
0.808081,0.116,0.00243174
0.808081,0.117,0.00243049
0.808081,0.118,0.0024291
0.808081,0.119,0.00242757
0.808081,0.12,0.00242587
0.808081,0.121,0.002424
0.808081,0.122,0.00242194
0.808081,0.123,0.00241967
0.808081,0.124,0.00241718
0.808081,0.125,0.00241444
0.808081,0.126,0.00241145
0.808081,0.127,0.00240818
0.808081,0.128,0.00240461
0.808081,0.129,0.00240071
0.808081,0.13,0.00239647
0.808081,0.131,0.00239186
0.808081,0.132,0.00238685
0.808081,0.133,0.00238142
0.808081,0.134,0.00237553
0.808081,0.135,0.00236915
0.808081,0.136,0.00236226
0.808081,0.137,0.00235481
0.808081,0.138,0.00234677
0.808081,0.139,0.00233811
0.808081,0.14,0.00232879
0.808081,0.141,0.00231875
0.808081,0.142,0.00230796
0.808081,0.143,0.00229638
0.808081,0.144,0.00228395
0.808081,0.145,0.00227062
0.808081,0.146,0.00225635
0.808081,0.147,0.00224107
0.808081,0.148,0.00222473
0.808081,0.149,0.00220726
0.808081,0.15,0.00218861
0.818182,0.001,0.00244152
0.818182,0.002,0.00244152
0.818182,0.003,0.00244152
0.818182,0.004,0.00244152
0.818182,0.005,0.00244152
0.818182,0.006,0.00244152
0.818182,0.007,0.00244152
0.818182,0.008,0.00244152
0.818182,0.009,0.00244152
0.818182,0.01,0.00244152
0.818182,0.011,0.00244152
0.818182,0.012,0.00244152
0.818182,0.013,0.00244152
0.818182,0.014,0.00244152
0.818182,0.015,0.00244152
0.818182,0.016,0.00244152
0.818182,0.017,0.00244152
0.818182,0.018,0.00244152
0.818182,0.019,0.00244152
0.818182,0.02,0.00244152
0.818182,0.021,0.00244152
0.818182,0.022,0.00244152
0.818182,0.023,0.00244152
0.818182,0.024,0.00244152
0.818182,0.025,0.00244152
0.818182,0.026,0.00244152
0.818182,0.027,0.00244152
0.818182,0.028,0.00244152
0.818182,0.029,0.00244152
0.818182,0.03,0.00244152
0.818182,0.031,0.00244152
0.818182,0.032,0.00244152
0.818182,0.033,0.00244152
0.818182,0.034,0.00244152
0.818182,0.035,0.00244152
0.818182,0.036,0.00244152
0.818182,0.037,0.00244152
0.818182,0.038,0.00244152
0.818182,0.039,0.00244152
0.818182,0.04,0.00244152
0.818182,0.041,0.00244152
0.818182,0.042,0.00244152
0.818182,0.043,0.00244152
0.818182,0.044,0.00244152
0.818182,0.045,0.00244152
0.818182,0.046,0.00244152
0.818182,0.047,0.00244152
0.818182,0.048,0.00244152
0.818182,0.049,0.00244152
0.818182,0.05,0.00244152
0.818182,0.051,0.00244152
0.818182,0.052,0.00244152
0.818182,0.053,0.00244152
0.818182,0.054,0.00244152
0.818182,0.055,0.00244152
0.818182,0.056,0.00244152
0.818182,0.057,0.00244152
0.818182,0.058,0.00244152
0.818182,0.059,0.00244152
0.818182,0.06,0.00244152
0.818182,0.061,0.00244152
0.818182,0.062,0.00244152
0.818182,0.063,0.00244152
0.818182,0.064,0.00244152
0.818182,0.065,0.00244152
0.818182,0.066,0.00244152
0.818182,0.067,0.00244152
0.818182,0.068,0.00244153
0.818182,0.069,0.00244153
0.818182,0.07,0.00244153
0.818182,0.071,0.00244153
0.818182,0.072,0.00244153
0.818182,0.073,0.00244152
0.818182,0.074,0.00244152
0.818182,0.075,0.00244152
0.818182,0.076,0.00244152
0.818182,0.077,0.00244152
0.818182,0.078,0.00244152
0.818182,0.079,0.00244152
0.818182,0.08,0.00244152
0.818182,0.081,0.00244152
0.818182,0.082,0.00244152
0.818182,0.083,0.00244151
0.818182,0.084,0.00244151
0.818182,0.085,0.00244151
0.818182,0.086,0.0024415
0.818182,0.087,0.0024415
0.818182,0.088,0.00244149
0.818182,0.089,0.00244148
0.818182,0.09,0.00244147
0.818182,0.091,0.00244146
0.818182,0.092,0.00244145
0.818182,0.093,0.00244143
0.818182,0.094,0.00244141
0.818182,0.095,0.00244139
0.818182,0.096,0.00244136
0.818182,0.097,0.00244133
0.818182,0.098,0.00244129
0.818182,0.099,0.00244125
0.818182,0.1,0.0024412
0.818182,0.101,0.00244114
0.818182,0.102,0.00244107
0.818182,0.103,0.00244098
0.818182,0.104,0.00244089
0.818182,0.105,0.00244078
0.818182,0.106,0.00244065
0.818182,0.107,0.00244051
0.818182,0.108,0.00244034
0.818182,0.109,0.00244015
0.818182,0.11,0.00243993
0.818182,0.111,0.00243968
0.818182,0.112,0.0024394
0.818182,0.113,0.00243909
0.818182,0.114,0.00243872
0.818182,0.115,0.00243832
0.818182,0.116,0.00243786
0.818182,0.117,0.00243735
0.818182,0.118,0.00243677
0.818182,0.119,0.00243613
0.818182,0.12,0.00243541
0.818182,0.121,0.0024346
0.818182,0.122,0.00243371
0.818182,0.123,0.00243272
0.818182,0.124,0.00243161
0.818182,0.125,0.00243039
0.818182,0.126,0.00242905
0.818182,0.127,0.00242756
0.818182,0.128,0.00242592
0.818182,0.129,0.00242412
0.818182,0.13,0.00242214
0.818182,0.131,0.00241997
0.818182,0.132,0.00241759
0.818182,0.133,0.00241499
0.818182,0.134,0.00241215
0.818182,0.135,0.00240905
0.818182,0.136,0.00240568
0.818182,0.137,0.00240201
0.818182,0.138,0.00239802
0.818182,0.139,0.00239369
0.818182,0.14,0.002389
0.818182,0.141,0.00238393
0.818182,0.142,0.00237843
0.818182,0.143,0.0023725
0.818182,0.144,0.00236609
0.818182,0.145,0.00235919
0.818182,0.146,0.00235175
0.818182,0.147,0.00234374
0.818182,0.148,0.00233514
0.818182,0.149,0.00232589
0.818182,0.15,0.00231597
0.828283,0.001,0.00244152
0.828283,0.002,0.00244152
0.828283,0.003,0.00244152
0.828283,0.004,0.00244152
0.828283,0.005,0.00244152
0.828283,0.006,0.00244152
0.828283,0.007,0.00244152
0.828283,0.008,0.00244152
0.828283,0.009,0.00244152
0.828283,0.01,0.00244152
0.828283,0.011,0.00244152
0.828283,0.012,0.00244152
0.828283,0.013,0.00244152
0.828283,0.014,0.00244152
0.828283,0.015,0.00244152
0.828283,0.016,0.00244152
0.828283,0.017,0.00244152
0.828283,0.018,0.00244152
0.828283,0.019,0.00244152
0.828283,0.02,0.00244152
0.828283,0.021,0.00244152
0.828283,0.022,0.00244152
0.828283,0.023,0.00244152
0.828283,0.024,0.00244152
0.828283,0.025,0.00244152
0.828283,0.026,0.00244152
0.828283,0.027,0.00244152
0.828283,0.028,0.00244152
0.828283,0.029,0.00244152
0.828283,0.03,0.00244152
0.828283,0.031,0.00244152
0.828283,0.032,0.00244152
0.828283,0.033,0.00244152
0.828283,0.034,0.00244152
0.828283,0.035,0.00244152
0.828283,0.036,0.00244152
0.828283,0.037,0.00244152
0.828283,0.038,0.00244152
0.828283,0.039,0.00244152
0.828283,0.04,0.00244152
0.828283,0.041,0.00244152
0.828283,0.042,0.00244152
0.828283,0.043,0.00244152
0.828283,0.044,0.00244152
0.828283,0.045,0.00244152
0.828283,0.046,0.00244152
0.828283,0.047,0.00244152
0.828283,0.048,0.00244152
0.828283,0.049,0.00244152
0.828283,0.05,0.00244152
0.828283,0.051,0.00244152
0.828283,0.052,0.00244152
0.828283,0.053,0.00244152
0.828283,0.054,0.00244152
0.828283,0.055,0.00244152
0.828283,0.056,0.00244152
0.828283,0.057,0.00244152
0.828283,0.058,0.00244152
0.828283,0.059,0.00244152
0.828283,0.06,0.00244152
0.828283,0.061,0.00244152
0.828283,0.062,0.00244152
0.828283,0.063,0.00244152
0.828283,0.064,0.00244152
0.828283,0.065,0.00244152
0.828283,0.066,0.00244152
0.828283,0.067,0.00244152
0.828283,0.068,0.00244152
0.828283,0.069,0.00244152
0.828283,0.07,0.00244152
0.828283,0.071,0.00244152
0.828283,0.072,0.00244152
0.828283,0.073,0.00244152
0.828283,0.074,0.00244153
0.828283,0.075,0.00244153
0.828283,0.076,0.00244153
0.828283,0.077,0.00244153
0.828283,0.078,0.00244152
0.828283,0.079,0.00244152
0.828283,0.08,0.00244152
0.828283,0.081,0.00244152
0.828283,0.082,0.00244152
0.828283,0.083,0.00244152
0.828283,0.084,0.00244152
0.828283,0.085,0.00244152
0.828283,0.086,0.00244152
0.828283,0.087,0.00244152
0.828283,0.088,0.00244152
0.828283,0.089,0.00244152
0.828283,0.09,0.00244151
0.828283,0.091,0.00244151
0.828283,0.092,0.00244151
0.828283,0.093,0.0024415
0.828283,0.094,0.0024415
0.828283,0.095,0.00244149
0.828283,0.096,0.00244148
0.828283,0.097,0.00244147
0.828283,0.098,0.00244146
0.828283,0.099,0.00244145
0.828283,0.1,0.00244143
0.828283,0.101,0.00244141
0.828283,0.102,0.00244139
0.828283,0.103,0.00244136
0.828283,0.104,0.00244133
0.828283,0.105,0.00244129
0.828283,0.106,0.00244125
0.828283,0.107,0.0024412
0.828283,0.108,0.00244114
0.828283,0.109,0.00244108
0.828283,0.11,0.002441
0.828283,0.111,0.00244091
0.828283,0.112,0.00244081
0.828283,0.113,0.00244069
0.828283,0.114,0.00244056
0.828283,0.115,0.00244041
0.828283,0.116,0.00244023
0.828283,0.117,0.00244004
0.828283,0.118,0.00243981
0.828283,0.119,0.00243956
0.828283,0.12,0.00243927
0.828283,0.121,0.00243894
0.828283,0.122,0.00243858
0.828283,0.123,0.00243817
0.828283,0.124,0.00243771
0.828283,0.125,0.0024372
0.828283,0.126,0.00243662
0.828283,0.127,0.00243598
0.828283,0.128,0.00243527
0.828283,0.129,0.00243448
0.828283,0.13,0.0024336
0.828283,0.131,0.00243264
0.828283,0.132,0.00243156
0.828283,0.133,0.00243038
0.828283,0.134,0.00242907
0.828283,0.135,0.00242764
0.828283,0.136,0.00242606
0.828283,0.137,0.00242433
0.828283,0.138,0.00242244
0.828283,0.139,0.00242037
0.828283,0.14,0.0024181
0.828283,0.141,0.00241563
0.828283,0.142,0.00241294
0.828283,0.143,0.00241001
0.828283,0.144,0.00240683
0.828283,0.145,0.00240337
0.828283,0.146,0.00239962
0.828283,0.147,0.00239556
0.828283,0.148,0.00239117
0.828283,0.149,0.00238642
0.828283,0.15,0.0023813
0.838384,0.001,0.00244152
0.838384,0.002,0.00244152
0.838384,0.003,0.00244152
0.838384,0.004,0.00244152
0.838384,0.005,0.00244152
0.838384,0.006,0.00244152
0.838384,0.007,0.00244152
0.838384,0.008,0.00244152
0.838384,0.009,0.00244152
0.838384,0.01,0.00244152
0.838384,0.011,0.00244152
0.838384,0.012,0.00244152
0.838384,0.013,0.00244152
0.838384,0.014,0.00244152
0.838384,0.015,0.00244152
0.838384,0.016,0.00244152
0.838384,0.017,0.00244152
0.838384,0.018,0.00244152
0.838384,0.019,0.00244152
0.838384,0.02,0.00244152
0.838384,0.021,0.00244152
0.838384,0.022,0.00244152
0.838384,0.023,0.00244152
0.838384,0.024,0.00244152
0.838384,0.025,0.00244152
0.838384,0.026,0.00244152
0.838384,0.027,0.00244152
0.838384,0.028,0.00244152
0.838384,0.029,0.00244152
0.838384,0.03,0.00244152
0.838384,0.031,0.00244152
0.838384,0.032,0.00244152
0.838384,0.033,0.00244152
0.838384,0.034,0.00244152
0.838384,0.035,0.00244152
0.838384,0.036,0.00244152
0.838384,0.037,0.00244152
0.838384,0.038,0.00244152
0.838384,0.039,0.00244152
0.838384,0.04,0.00244152
0.838384,0.041,0.00244152
0.838384,0.042,0.00244152
0.838384,0.043,0.00244152
0.838384,0.044,0.00244152
0.838384,0.045,0.00244152
0.838384,0.046,0.00244152
0.838384,0.047,0.00244152
0.838384,0.048,0.00244152
0.838384,0.049,0.00244152
0.838384,0.05,0.00244152
0.838384,0.051,0.00244152
0.838384,0.052,0.00244152
0.838384,0.053,0.00244152
0.838384,0.054,0.00244152
0.838384,0.055,0.00244152
0.838384,0.056,0.00244152
0.838384,0.057,0.00244152
0.838384,0.058,0.00244152
0.838384,0.059,0.00244152
0.838384,0.06,0.00244152
0.838384,0.061,0.00244152
0.838384,0.062,0.00244152
0.838384,0.063,0.00244152
0.838384,0.064,0.00244152
0.838384,0.065,0.00244152
0.838384,0.066,0.00244152
0.838384,0.067,0.00244152
0.838384,0.068,0.00244152
0.838384,0.069,0.00244152
0.838384,0.07,0.00244152
0.838384,0.071,0.00244152
0.838384,0.072,0.00244152
0.838384,0.073,0.00244152
0.838384,0.074,0.00244152
0.838384,0.075,0.00244152
0.838384,0.076,0.00244152
0.838384,0.077,0.00244152
0.838384,0.078,0.00244152
0.838384,0.079,0.00244152
0.838384,0.08,0.00244153
0.838384,0.081,0.00244153
0.838384,0.082,0.00244153
0.838384,0.083,0.00244153
0.838384,0.084,0.00244153
0.838384,0.085,0.00244152
0.838384,0.086,0.00244152
0.838384,0.087,0.00244152
0.838384,0.088,0.00244152
0.838384,0.089,0.00244152
0.838384,0.09,0.00244152
0.838384,0.091,0.00244152
0.838384,0.092,0.00244152
0.838384,0.093,0.00244152
0.838384,0.094,0.00244152
0.838384,0.095,0.00244152
0.838384,0.096,0.00244151
0.838384,0.097,0.00244151
0.838384,0.098,0.00244151
0.838384,0.099,0.0024415
0.838384,0.1,0.0024415
0.838384,0.101,0.00244149
0.838384,0.102,0.00244149
0.838384,0.103,0.00244148
0.838384,0.104,0.00244147
0.838384,0.105,0.00244146
0.838384,0.106,0.00244144
0.838384,0.107,0.00244143
0.838384,0.108,0.00244141
0.838384,0.109,0.00244139
0.838384,0.11,0.00244136
0.838384,0.111,0.00244133
0.838384,0.112,0.0024413
0.838384,0.113,0.00244126
0.838384,0.114,0.00244121
0.838384,0.115,0.00244116
0.838384,0.116,0.0024411
0.838384,0.117,0.00244102
0.838384,0.118,0.00244094
0.838384,0.119,0.00244085
0.838384,0.12,0.00244074
0.838384,0.121,0.00244062
0.838384,0.122,0.00244048
0.838384,0.123,0.00244032
0.838384,0.124,0.00244014
0.838384,0.125,0.00243993
0.838384,0.126,0.0024397
0.838384,0.127,0.00243944
0.838384,0.128,0.00243915
0.838384,0.129,0.00243883
0.838384,0.13,0.00243846
0.838384,0.131,0.00243805
0.838384,0.132,0.00243759
0.838384,0.133,0.00243708
0.838384,0.134,0.00243652
0.838384,0.135,0.00243589
0.838384,0.136,0.00243519
0.838384,0.137,0.00243441
0.838384,0.138,0.00243356
0.838384,0.139,0.00243262
0.838384,0.14,0.00243157
0.838384,0.141,0.00243043
0.838384,0.142,0.00242917
0.838384,0.143,0.00242779
0.838384,0.144,0.00242628
0.838384,0.145,0.00242462
0.838384,0.146,0.00242281
0.838384,0.147,0.00242084
0.838384,0.148,0.00241868
0.838384,0.149,0.00241634
0.838384,0.15,0.00241379
0.848485,0.001,0.00244152
0.848485,0.002,0.00244152
0.848485,0.003,0.00244152
0.848485,0.004,0.00244152
0.848485,0.005,0.00244152
0.848485,0.006,0.00244152
0.848485,0.007,0.00244152
0.848485,0.008,0.00244152
0.848485,0.009,0.00244152
0.848485,0.01,0.00244152
0.848485,0.011,0.00244152
0.848485,0.012,0.00244152
0.848485,0.013,0.00244152
0.848485,0.014,0.00244152
0.848485,0.015,0.00244152
0.848485,0.016,0.00244152
0.848485,0.017,0.00244152
0.848485,0.018,0.00244152
0.848485,0.019,0.00244152
0.848485,0.02,0.00244152
0.848485,0.021,0.00244152
0.848485,0.022,0.00244152
0.848485,0.023,0.00244152
0.848485,0.024,0.00244152
0.848485,0.025,0.00244152
0.848485,0.026,0.00244152
0.848485,0.027,0.00244152
0.848485,0.028,0.00244152
0.848485,0.029,0.00244152
0.848485,0.03,0.00244152
0.848485,0.031,0.00244152
0.848485,0.032,0.00244152
0.848485,0.033,0.00244152
0.848485,0.034,0.00244152
0.848485,0.035,0.00244152
0.848485,0.036,0.00244152
0.848485,0.037,0.00244152
0.848485,0.038,0.00244152
0.848485,0.039,0.00244152
0.848485,0.04,0.00244152
0.848485,0.041,0.00244152
0.848485,0.042,0.00244152
0.848485,0.043,0.00244152
0.848485,0.044,0.00244152
0.848485,0.045,0.00244152
0.848485,0.046,0.00244152
0.848485,0.047,0.00244152
0.848485,0.048,0.00244152
0.848485,0.049,0.00244152
0.848485,0.05,0.00244152
0.848485,0.051,0.00244152
0.848485,0.052,0.00244152
0.848485,0.053,0.00244152
0.848485,0.054,0.00244152
0.848485,0.055,0.00244152
0.848485,0.056,0.00244152
0.848485,0.057,0.00244152
0.848485,0.058,0.00244152
0.848485,0.059,0.00244152
0.848485,0.06,0.00244152
0.848485,0.061,0.00244152
0.848485,0.062,0.00244152
0.848485,0.063,0.00244152
0.848485,0.064,0.00244152
0.848485,0.065,0.00244152
0.848485,0.066,0.00244152
0.848485,0.067,0.00244152
0.848485,0.068,0.00244152
0.848485,0.069,0.00244152
0.848485,0.07,0.00244152
0.848485,0.071,0.00244152
0.848485,0.072,0.00244152
0.848485,0.073,0.00244152
0.848485,0.074,0.00244152
0.848485,0.075,0.00244152
0.848485,0.076,0.00244152
0.848485,0.077,0.00244152
0.848485,0.078,0.00244152
0.848485,0.079,0.00244152
0.848485,0.08,0.00244152
0.848485,0.081,0.00244152
0.848485,0.082,0.00244152
0.848485,0.083,0.00244152
0.848485,0.084,0.00244152
0.848485,0.085,0.00244152
0.848485,0.086,0.00244152
0.848485,0.087,0.00244153
0.848485,0.088,0.00244153
0.848485,0.089,0.00244153
0.848485,0.09,0.00244153
0.848485,0.091,0.00244152
0.848485,0.092,0.00244152
0.848485,0.093,0.00244152
0.848485,0.094,0.00244152
0.848485,0.095,0.00244152
0.848485,0.096,0.00244152
0.848485,0.097,0.00244152
0.848485,0.098,0.00244152
0.848485,0.099,0.00244152
0.848485,0.1,0.00244152
0.848485,0.101,0.00244152
0.848485,0.102,0.00244152
0.848485,0.103,0.00244151
0.848485,0.104,0.00244151
0.848485,0.105,0.00244151
0.848485,0.106,0.0024415
0.848485,0.107,0.0024415
0.848485,0.108,0.00244149
0.848485,0.109,0.00244148
0.848485,0.11,0.00244148
0.848485,0.111,0.00244147
0.848485,0.112,0.00244146
0.848485,0.113,0.00244144
0.848485,0.114,0.00244143
0.848485,0.115,0.00244141
0.848485,0.116,0.00244139
0.848485,0.117,0.00244137
0.848485,0.118,0.00244134
0.848485,0.119,0.00244131
0.848485,0.12,0.00244127
0.848485,0.121,0.00244122
0.848485,0.122,0.00244117
0.848485,0.123,0.00244111
0.848485,0.124,0.00244105
0.848485,0.125,0.00244097
0.848485,0.126,0.00244089
0.848485,0.127,0.00244079
0.848485,0.128,0.00244067
0.848485,0.129,0.00244055
0.848485,0.13,0.0024404
0.848485,0.131,0.00244024
0.848485,0.132,0.00244006
0.848485,0.133,0.00243985
0.848485,0.134,0.00243962
0.848485,0.135,0.00243936
0.848485,0.136,0.00243906
0.848485,0.137,0.00243873
0.848485,0.138,0.00243837
0.848485,0.139,0.00243796
0.848485,0.14,0.00243751
0.848485,0.141,0.002437
0.848485,0.142,0.00243645
0.848485,0.143,0.00243583
0.848485,0.144,0.00243515
0.848485,0.145,0.00243439
0.848485,0.146,0.00243356
0.848485,0.147,0.00243265
0.848485,0.148,0.00243164
0.848485,0.149,0.00243054
0.848485,0.15,0.00242933
0.858586,0.001,0.00244152
0.858586,0.002,0.00244152
0.858586,0.003,0.00244152
0.858586,0.004,0.00244152
0.858586,0.005,0.00244152
0.858586,0.006,0.00244152
0.858586,0.007,0.00244152
0.858586,0.008,0.00244152
0.858586,0.009,0.00244152
0.858586,0.01,0.00244152
0.858586,0.011,0.00244152
0.858586,0.012,0.00244152
0.858586,0.013,0.00244152
0.858586,0.014,0.00244152
0.858586,0.015,0.00244152
0.858586,0.016,0.00244152
0.858586,0.017,0.00244152
0.858586,0.018,0.00244152
0.858586,0.019,0.00244152
0.858586,0.02,0.00244152
0.858586,0.021,0.00244152
0.858586,0.022,0.00244152
0.858586,0.023,0.00244152
0.858586,0.024,0.00244152
0.858586,0.025,0.00244152
0.858586,0.026,0.00244152
0.858586,0.027,0.00244152
0.858586,0.028,0.00244152
0.858586,0.029,0.00244152
0.858586,0.03,0.00244152
0.858586,0.031,0.00244152
0.858586,0.032,0.00244152
0.858586,0.033,0.00244152
0.858586,0.034,0.00244152
0.858586,0.035,0.00244152
0.858586,0.036,0.00244152
0.858586,0.037,0.00244152
0.858586,0.038,0.00244152
0.858586,0.039,0.00244152
0.858586,0.04,0.00244152
0.858586,0.041,0.00244152
0.858586,0.042,0.00244152
0.858586,0.043,0.00244152
0.858586,0.044,0.00244152
0.858586,0.045,0.00244152
0.858586,0.046,0.00244152
0.858586,0.047,0.00244152
0.858586,0.048,0.00244152
0.858586,0.049,0.00244152
0.858586,0.05,0.00244152
0.858586,0.051,0.00244152
0.858586,0.052,0.00244152
0.858586,0.053,0.00244152
0.858586,0.054,0.00244152
0.858586,0.055,0.00244152
0.858586,0.056,0.00244152
0.858586,0.057,0.00244152
0.858586,0.058,0.00244152
0.858586,0.059,0.00244152
0.858586,0.06,0.00244152
0.858586,0.061,0.00244152
0.858586,0.062,0.00244152
0.858586,0.063,0.00244152
0.858586,0.064,0.00244152
0.858586,0.065,0.00244152
0.858586,0.066,0.00244152
0.858586,0.067,0.00244152
0.858586,0.068,0.00244152
0.858586,0.069,0.00244152
0.858586,0.07,0.00244152
0.858586,0.071,0.00244152
0.858586,0.072,0.00244152
0.858586,0.073,0.00244152
0.858586,0.074,0.00244152
0.858586,0.075,0.00244152
0.858586,0.076,0.00244152
0.858586,0.077,0.00244152
0.858586,0.078,0.00244152
0.858586,0.079,0.00244152
0.858586,0.08,0.00244152
0.858586,0.081,0.00244152
0.858586,0.082,0.00244152
0.858586,0.083,0.00244152
0.858586,0.084,0.00244152
0.858586,0.085,0.00244152
0.858586,0.086,0.00244152
0.858586,0.087,0.00244152
0.858586,0.088,0.00244152
0.858586,0.089,0.00244152
0.858586,0.09,0.00244152
0.858586,0.091,0.00244152
0.858586,0.092,0.00244152
0.858586,0.093,0.00244153
0.858586,0.094,0.00244153
0.858586,0.095,0.00244153
0.858586,0.096,0.00244153
0.858586,0.097,0.00244152
0.858586,0.098,0.00244152
0.858586,0.099,0.00244152
0.858586,0.1,0.00244152
0.858586,0.101,0.00244152
0.858586,0.102,0.00244152
0.858586,0.103,0.00244152
0.858586,0.104,0.00244152
0.858586,0.105,0.00244152
0.858586,0.106,0.00244152
0.858586,0.107,0.00244152
0.858586,0.108,0.00244152
0.858586,0.109,0.00244152
0.858586,0.11,0.00244151
0.858586,0.111,0.00244151
0.858586,0.112,0.00244151
0.858586,0.113,0.0024415
0.858586,0.114,0.0024415
0.858586,0.115,0.00244149
0.858586,0.116,0.00244148
0.858586,0.117,0.00244148
0.858586,0.118,0.00244147
0.858586,0.119,0.00244146
0.858586,0.12,0.00244144
0.858586,0.121,0.00244143
0.858586,0.122,0.00244141
0.858586,0.123,0.00244139
0.858586,0.124,0.00244137
0.858586,0.125,0.00244134
0.858586,0.126,0.00244131
0.858586,0.127,0.00244128
0.858586,0.128,0.00244124
0.858586,0.129,0.00244119
0.858586,0.13,0.00244114
0.858586,0.131,0.00244108
0.858586,0.132,0.00244101
0.858586,0.133,0.00244093
0.858586,0.134,0.00244084
0.858586,0.135,0.00244073
0.858586,0.136,0.00244062
0.858586,0.137,0.00244049
0.858586,0.138,0.00244034
0.858586,0.139,0.00244017
0.858586,0.14,0.00243999
0.858586,0.141,0.00243978
0.858586,0.142,0.00243955
0.858586,0.143,0.00243928
0.858586,0.144,0.00243899
0.858586,0.145,0.00243867
0.858586,0.146,0.0024383
0.858586,0.147,0.0024379
0.858586,0.148,0.00243745
0.858586,0.149,0.00243696
0.858586,0.15,0.00243641
0.868687,0.001,0.00244152
0.868687,0.002,0.00244152
0.868687,0.003,0.00244152
0.868687,0.004,0.00244152
0.868687,0.005,0.00244152
0.868687,0.006,0.00244152
0.868687,0.007,0.00244152
0.868687,0.008,0.00244152
0.868687,0.009,0.00244152
0.868687,0.01,0.00244152
0.868687,0.011,0.00244152
0.868687,0.012,0.00244152
0.868687,0.013,0.00244152
0.868687,0.014,0.00244152
0.868687,0.015,0.00244152
0.868687,0.016,0.00244152
0.868687,0.017,0.00244152
0.868687,0.018,0.00244152
0.868687,0.019,0.00244152
0.868687,0.02,0.00244152
0.868687,0.021,0.00244152
0.868687,0.022,0.00244152
0.868687,0.023,0.00244152
0.868687,0.024,0.00244152
0.868687,0.025,0.00244152
0.868687,0.026,0.00244152
0.868687,0.027,0.00244152
0.868687,0.028,0.00244152
0.868687,0.029,0.00244152
0.868687,0.03,0.00244152
0.868687,0.031,0.00244152
0.868687,0.032,0.00244152
0.868687,0.033,0.00244152
0.868687,0.034,0.00244152
0.868687,0.035,0.00244152
0.868687,0.036,0.00244152
0.868687,0.037,0.00244152
0.868687,0.038,0.00244152
0.868687,0.039,0.00244152
0.868687,0.04,0.00244152
0.868687,0.041,0.00244152
0.868687,0.042,0.00244152
0.868687,0.043,0.00244152
0.868687,0.044,0.00244152
0.868687,0.045,0.00244152
0.868687,0.046,0.00244152
0.868687,0.047,0.00244152
0.868687,0.048,0.00244152
0.868687,0.049,0.00244152
0.868687,0.05,0.00244152
0.868687,0.051,0.00244152
0.868687,0.052,0.00244152
0.868687,0.053,0.00244152
0.868687,0.054,0.00244152
0.868687,0.055,0.00244152
0.868687,0.056,0.00244152
0.868687,0.057,0.00244152
0.868687,0.058,0.00244152
0.868687,0.059,0.00244152
0.868687,0.06,0.00244152
0.868687,0.061,0.00244152
0.868687,0.062,0.00244152
0.868687,0.063,0.00244152
0.868687,0.064,0.00244152
0.868687,0.065,0.00244152
0.868687,0.066,0.00244152
0.868687,0.067,0.00244152
0.868687,0.068,0.00244152
0.868687,0.069,0.00244152
0.868687,0.07,0.00244152
0.868687,0.071,0.00244152
0.868687,0.072,0.00244152
0.868687,0.073,0.00244152
0.868687,0.074,0.00244152
0.868687,0.075,0.00244152
0.868687,0.076,0.00244152
0.868687,0.077,0.00244152
0.868687,0.078,0.00244152
0.868687,0.079,0.00244152
0.868687,0.08,0.00244152
0.868687,0.081,0.00244152
0.868687,0.082,0.00244152
0.868687,0.083,0.00244152
0.868687,0.084,0.00244152
0.868687,0.085,0.00244152
0.868687,0.086,0.00244152
0.868687,0.087,0.00244152
0.868687,0.088,0.00244152
0.868687,0.089,0.00244152
0.868687,0.09,0.00244152
0.868687,0.091,0.00244152
0.868687,0.092,0.00244152
0.868687,0.093,0.00244152
0.868687,0.094,0.00244152
0.868687,0.095,0.00244152
0.868687,0.096,0.00244152
0.868687,0.097,0.00244152
0.868687,0.098,0.00244152
0.868687,0.099,0.00244153
0.868687,0.1,0.00244153
0.868687,0.101,0.00244153
0.868687,0.102,0.00244153
0.868687,0.103,0.00244153
0.868687,0.104,0.00244152
0.868687,0.105,0.00244152
0.868687,0.106,0.00244152
0.868687,0.107,0.00244152
0.868687,0.108,0.00244152
0.868687,0.109,0.00244152
0.868687,0.11,0.00244152
0.868687,0.111,0.00244152
0.868687,0.112,0.00244152
0.868687,0.113,0.00244152
0.868687,0.114,0.00244152
0.868687,0.115,0.00244152
0.868687,0.116,0.00244151
0.868687,0.117,0.00244151
0.868687,0.118,0.00244151
0.868687,0.119,0.00244151
0.868687,0.12,0.0024415
0.868687,0.121,0.0024415
0.868687,0.122,0.00244149
0.868687,0.123,0.00244148
0.868687,0.124,0.00244148
0.868687,0.125,0.00244147
0.868687,0.126,0.00244146
0.868687,0.127,0.00244145
0.868687,0.128,0.00244143
0.868687,0.129,0.00244142
0.868687,0.13,0.0024414
0.868687,0.131,0.00244138
0.868687,0.132,0.00244135
0.868687,0.133,0.00244132
0.868687,0.134,0.00244129
0.868687,0.135,0.00244125
0.868687,0.136,0.00244121
0.868687,0.137,0.00244116
0.868687,0.138,0.0024411
0.868687,0.139,0.00244104
0.868687,0.14,0.00244097
0.868687,0.141,0.00244088
0.868687,0.142,0.00244079
0.868687,0.143,0.00244069
0.868687,0.144,0.00244057
0.868687,0.145,0.00244044
0.868687,0.146,0.00244029
0.868687,0.147,0.00244012
0.868687,0.148,0.00243993
0.868687,0.149,0.00243972
0.868687,0.15,0.00243949
0.878788,0.001,0.00244152
0.878788,0.002,0.00244152
0.878788,0.003,0.00244152
0.878788,0.004,0.00244152
0.878788,0.005,0.00244152
0.878788,0.006,0.00244152
0.878788,0.007,0.00244152
0.878788,0.008,0.00244152
0.878788,0.009,0.00244152
0.878788,0.01,0.00244152
0.878788,0.011,0.00244152
0.878788,0.012,0.00244152
0.878788,0.013,0.00244152
0.878788,0.014,0.00244152
0.878788,0.015,0.00244152
0.878788,0.016,0.00244152
0.878788,0.017,0.00244152
0.878788,0.018,0.00244152
0.878788,0.019,0.00244152
0.878788,0.02,0.00244152
0.878788,0.021,0.00244152
0.878788,0.022,0.00244152
0.878788,0.023,0.00244152
0.878788,0.024,0.00244152
0.878788,0.025,0.00244152
0.878788,0.026,0.00244152
0.878788,0.027,0.00244152
0.878788,0.028,0.00244152
0.878788,0.029,0.00244152
0.878788,0.03,0.00244152
0.878788,0.031,0.00244152
0.878788,0.032,0.00244152
0.878788,0.033,0.00244152
0.878788,0.034,0.00244152
0.878788,0.035,0.00244152
0.878788,0.036,0.00244152
0.878788,0.037,0.00244152
0.878788,0.038,0.00244152
0.878788,0.039,0.00244152
0.878788,0.04,0.00244152
0.878788,0.041,0.00244152
0.878788,0.042,0.00244152
0.878788,0.043,0.00244152
0.878788,0.044,0.00244152
0.878788,0.045,0.00244152
0.878788,0.046,0.00244152
0.878788,0.047,0.00244152
0.878788,0.048,0.00244152
0.878788,0.049,0.00244152
0.878788,0.05,0.00244152
0.878788,0.051,0.00244152
0.878788,0.052,0.00244152
0.878788,0.053,0.00244152
0.878788,0.054,0.00244152
0.878788,0.055,0.00244152
0.878788,0.056,0.00244152
0.878788,0.057,0.00244152
0.878788,0.058,0.00244152
0.878788,0.059,0.00244152
0.878788,0.06,0.00244152
0.878788,0.061,0.00244152
0.878788,0.062,0.00244152
0.878788,0.063,0.00244152
0.878788,0.064,0.00244152
0.878788,0.065,0.00244152
0.878788,0.066,0.00244152
0.878788,0.067,0.00244152
0.878788,0.068,0.00244152
0.878788,0.069,0.00244152
0.878788,0.07,0.00244152
0.878788,0.071,0.00244152
0.878788,0.072,0.00244152
0.878788,0.073,0.00244152
0.878788,0.074,0.00244152
0.878788,0.075,0.00244152
0.878788,0.076,0.00244152
0.878788,0.077,0.00244152
0.878788,0.078,0.00244152
0.878788,0.079,0.00244152
0.878788,0.08,0.00244152
0.878788,0.081,0.00244152
0.878788,0.082,0.00244152
0.878788,0.083,0.00244152
0.878788,0.084,0.00244152
0.878788,0.085,0.00244152
0.878788,0.086,0.00244152
0.878788,0.087,0.00244152
0.878788,0.088,0.00244152
0.878788,0.089,0.00244152
0.878788,0.09,0.00244152
0.878788,0.091,0.00244152
0.878788,0.092,0.00244152
0.878788,0.093,0.00244152
0.878788,0.094,0.00244152
0.878788,0.095,0.00244152
0.878788,0.096,0.00244152
0.878788,0.097,0.00244152
0.878788,0.098,0.00244152
0.878788,0.099,0.00244152
0.878788,0.1,0.00244152
0.878788,0.101,0.00244152
0.878788,0.102,0.00244152
0.878788,0.103,0.00244153
0.878788,0.104,0.00244152
0.878788,0.105,0.00244153
0.878788,0.106,0.00244153
0.878788,0.107,0.00244153
0.878788,0.108,0.00244153
0.878788,0.109,0.00244153
0.878788,0.11,0.00244152
0.878788,0.111,0.00244152
0.878788,0.112,0.00244152
0.878788,0.113,0.00244152
0.878788,0.114,0.00244152
0.878788,0.115,0.00244152
0.878788,0.116,0.00244152
0.878788,0.117,0.00244152
0.878788,0.118,0.00244152
0.878788,0.119,0.00244152
0.878788,0.12,0.00244152
0.878788,0.121,0.00244152
0.878788,0.122,0.00244152
0.878788,0.123,0.00244151
0.878788,0.124,0.00244151
0.878788,0.125,0.00244151
0.878788,0.126,0.0024415
0.878788,0.127,0.0024415
0.878788,0.128,0.0024415
0.878788,0.129,0.00244149
0.878788,0.13,0.00244149
0.878788,0.131,0.00244148
0.878788,0.132,0.00244147
0.878788,0.133,0.00244146
0.878788,0.134,0.00244145
0.878788,0.135,0.00244144
0.878788,0.136,0.00244142
0.878788,0.137,0.0024414
0.878788,0.138,0.00244138
0.878788,0.139,0.00244136
0.878788,0.14,0.00244133
0.878788,0.141,0.0024413
0.878788,0.142,0.00244127
0.878788,0.143,0.00244123
0.878788,0.144,0.00244118
0.878788,0.145,0.00244113
0.878788,0.146,0.00244107
0.878788,0.147,0.00244101
0.878788,0.148,0.00244093
0.878788,0.149,0.00244085
0.878788,0.15,0.00244075
0.888889,0.001,0.00244152
0.888889,0.002,0.00244152
0.888889,0.003,0.00244152
0.888889,0.004,0.00244152
0.888889,0.005,0.00244152
0.888889,0.006,0.00244152
0.888889,0.007,0.00244152
0.888889,0.008,0.00244152
0.888889,0.009,0.00244152
0.888889,0.01,0.00244152
0.888889,0.011,0.00244152
0.888889,0.012,0.00244152
0.888889,0.013,0.00244152
0.888889,0.014,0.00244152
0.888889,0.015,0.00244152
0.888889,0.016,0.00244152
0.888889,0.017,0.00244152
0.888889,0.018,0.00244152
0.888889,0.019,0.00244152
0.888889,0.02,0.00244152
0.888889,0.021,0.00244152
0.888889,0.022,0.00244152
0.888889,0.023,0.00244152
0.888889,0.024,0.00244152
0.888889,0.025,0.00244152
0.888889,0.026,0.00244152
0.888889,0.027,0.00244152
0.888889,0.028,0.00244152
0.888889,0.029,0.00244152
0.888889,0.03,0.00244152
0.888889,0.031,0.00244152
0.888889,0.032,0.00244152
0.888889,0.033,0.00244152
0.888889,0.034,0.00244152
0.888889,0.035,0.00244152
0.888889,0.036,0.00244152
0.888889,0.037,0.00244152
0.888889,0.038,0.00244152
0.888889,0.039,0.00244152
0.888889,0.04,0.00244152
0.888889,0.041,0.00244152
0.888889,0.042,0.00244152
0.888889,0.043,0.00244152
0.888889,0.044,0.00244152
0.888889,0.045,0.00244152
0.888889,0.046,0.00244152
0.888889,0.047,0.00244152
0.888889,0.048,0.00244152
0.888889,0.049,0.00244152
0.888889,0.05,0.00244152
0.888889,0.051,0.00244152
0.888889,0.052,0.00244152
0.888889,0.053,0.00244152
0.888889,0.054,0.00244152
0.888889,0.055,0.00244152
0.888889,0.056,0.00244152
0.888889,0.057,0.00244152
0.888889,0.058,0.00244152
0.888889,0.059,0.00244152
0.888889,0.06,0.00244152
0.888889,0.061,0.00244152
0.888889,0.062,0.00244152
0.888889,0.063,0.00244152
0.888889,0.064,0.00244152
0.888889,0.065,0.00244152
0.888889,0.066,0.00244152
0.888889,0.067,0.00244152
0.888889,0.068,0.00244152
0.888889,0.069,0.00244152
0.888889,0.07,0.00244152
0.888889,0.071,0.00244152
0.888889,0.072,0.00244152
0.888889,0.073,0.00244152
0.888889,0.074,0.00244152
0.888889,0.075,0.00244152
0.888889,0.076,0.00244152
0.888889,0.077,0.00244152
0.888889,0.078,0.00244152
0.888889,0.079,0.00244152
0.888889,0.08,0.00244152
0.888889,0.081,0.00244152
0.888889,0.082,0.00244152
0.888889,0.083,0.00244152
0.888889,0.084,0.00244152
0.888889,0.085,0.00244152
0.888889,0.086,0.00244152
0.888889,0.087,0.00244152
0.888889,0.088,0.00244152
0.888889,0.089,0.00244152
0.888889,0.09,0.00244152
0.888889,0.091,0.00244152
0.888889,0.092,0.00244152
0.888889,0.093,0.00244152
0.888889,0.094,0.00244152
0.888889,0.095,0.00244152
0.888889,0.096,0.00244152
0.888889,0.097,0.00244152
0.888889,0.098,0.00244152
0.888889,0.099,0.00244152
0.888889,0.1,0.00244152
0.888889,0.101,0.00244152
0.888889,0.102,0.00244152
0.888889,0.103,0.00244152
0.888889,0.104,0.00244152
0.888889,0.105,0.00244152
0.888889,0.106,0.00244152
0.888889,0.107,0.00244152
0.888889,0.108,0.00244152
0.888889,0.109,0.00244152
0.888889,0.11,0.00244152
0.888889,0.111,0.00244152
0.888889,0.112,0.00244153
0.888889,0.113,0.00244153
0.888889,0.114,0.00244153
0.888889,0.115,0.00244153
0.888889,0.116,0.00244153
0.888889,0.117,0.00244152
0.888889,0.118,0.00244152
0.888889,0.119,0.00244152
0.888889,0.12,0.00244152
0.888889,0.121,0.00244152
0.888889,0.122,0.00244152
0.888889,0.123,0.00244152
0.888889,0.124,0.00244152
0.888889,0.125,0.00244152
0.888889,0.126,0.00244152
0.888889,0.127,0.00244152
0.888889,0.128,0.00244152
0.888889,0.129,0.00244152
0.888889,0.13,0.00244151
0.888889,0.131,0.00244151
0.888889,0.132,0.00244151
0.888889,0.133,0.0024415
0.888889,0.134,0.0024415
0.888889,0.135,0.0024415
0.888889,0.136,0.00244149
0.888889,0.137,0.00244149
0.888889,0.138,0.00244148
0.888889,0.139,0.00244147
0.888889,0.14,0.00244146
0.888889,0.141,0.00244145
0.888889,0.142,0.00244144
0.888889,0.143,0.00244142
0.888889,0.144,0.00244141
0.888889,0.145,0.00244139
0.888889,0.146,0.00244137
0.888889,0.147,0.00244134
0.888889,0.148,0.00244131
0.888889,0.149,0.00244128
0.888889,0.15,0.00244124
0.89899,0.001,0.00244152
0.89899,0.002,0.00244152
0.89899,0.003,0.00244152
0.89899,0.004,0.00244152
0.89899,0.005,0.00244152
0.89899,0.006,0.00244152
0.89899,0.007,0.00244152
0.89899,0.008,0.00244152
0.89899,0.009,0.00244152
0.89899,0.01,0.00244152
0.89899,0.011,0.00244152
0.89899,0.012,0.00244152
0.89899,0.013,0.00244152
0.89899,0.014,0.00244152
0.89899,0.015,0.00244152
0.89899,0.016,0.00244152
0.89899,0.017,0.00244152
0.89899,0.018,0.00244152
0.89899,0.019,0.00244152
0.89899,0.02,0.00244152
0.89899,0.021,0.00244152
0.89899,0.022,0.00244152
0.89899,0.023,0.00244152
0.89899,0.024,0.00244152
0.89899,0.025,0.00244152
0.89899,0.026,0.00244152
0.89899,0.027,0.00244152
0.89899,0.028,0.00244152
0.89899,0.029,0.00244152
0.89899,0.03,0.00244152
0.89899,0.031,0.00244152
0.89899,0.032,0.00244152
0.89899,0.033,0.00244152
0.89899,0.034,0.00244152
0.89899,0.035,0.00244152
0.89899,0.036,0.00244152
0.89899,0.037,0.00244152
0.89899,0.038,0.00244152
0.89899,0.039,0.00244152
0.89899,0.04,0.00244152
0.89899,0.041,0.00244152
0.89899,0.042,0.00244152
0.89899,0.043,0.00244152
0.89899,0.044,0.00244152
0.89899,0.045,0.00244152
0.89899,0.046,0.00244152
0.89899,0.047,0.00244152
0.89899,0.048,0.00244152
0.89899,0.049,0.00244152
0.89899,0.05,0.00244152
0.89899,0.051,0.00244152
0.89899,0.052,0.00244152
0.89899,0.053,0.00244152
0.89899,0.054,0.00244152
0.89899,0.055,0.00244152
0.89899,0.056,0.00244152
0.89899,0.057,0.00244152
0.89899,0.058,0.00244152
0.89899,0.059,0.00244152
0.89899,0.06,0.00244152
0.89899,0.061,0.00244152
0.89899,0.062,0.00244152
0.89899,0.063,0.00244152
0.89899,0.064,0.00244152
0.89899,0.065,0.00244152
0.89899,0.066,0.00244152
0.89899,0.067,0.00244152
0.89899,0.068,0.00244152
0.89899,0.069,0.00244152
0.89899,0.07,0.00244152
0.89899,0.071,0.00244152
0.89899,0.072,0.00244152
0.89899,0.073,0.00244152
0.89899,0.074,0.00244152
0.89899,0.075,0.00244152
0.89899,0.076,0.00244152
0.89899,0.077,0.00244152
0.89899,0.078,0.00244152
0.89899,0.079,0.00244152
0.89899,0.08,0.00244152
0.89899,0.081,0.00244152
0.89899,0.082,0.00244152
0.89899,0.083,0.00244152
0.89899,0.084,0.00244152
0.89899,0.085,0.00244152
0.89899,0.086,0.00244152
0.89899,0.087,0.00244152
0.89899,0.088,0.00244152
0.89899,0.089,0.00244152
0.89899,0.09,0.00244152
0.89899,0.091,0.00244152
0.89899,0.092,0.00244152
0.89899,0.093,0.00244152
0.89899,0.094,0.00244152
0.89899,0.095,0.00244152
0.89899,0.096,0.00244152
0.89899,0.097,0.00244152
0.89899,0.098,0.00244152
0.89899,0.099,0.00244152
0.89899,0.1,0.00244152
0.89899,0.101,0.00244152
0.89899,0.102,0.00244152
0.89899,0.103,0.00244152
0.89899,0.104,0.00244152
0.89899,0.105,0.00244152
0.89899,0.106,0.00244152
0.89899,0.107,0.00244152
0.89899,0.108,0.00244152
0.89899,0.109,0.00244152
0.89899,0.11,0.00244152
0.89899,0.111,0.00244152
0.89899,0.112,0.00244152
0.89899,0.113,0.00244152
0.89899,0.114,0.00244152
0.89899,0.115,0.00244152
0.89899,0.116,0.00244152
0.89899,0.117,0.00244152
0.89899,0.118,0.00244153
0.89899,0.119,0.00244153
0.89899,0.12,0.00244153
0.89899,0.121,0.00244153
0.89899,0.122,0.00244153
0.89899,0.123,0.00244152
0.89899,0.124,0.00244152
0.89899,0.125,0.00244152
0.89899,0.126,0.00244152
0.89899,0.127,0.00244152
0.89899,0.128,0.00244152
0.89899,0.129,0.00244152
0.89899,0.13,0.00244152
0.89899,0.131,0.00244152
0.89899,0.132,0.00244152
0.89899,0.133,0.00244152
0.89899,0.134,0.00244152
0.89899,0.135,0.00244152
0.89899,0.136,0.00244152
0.89899,0.137,0.00244151
0.89899,0.138,0.00244151
0.89899,0.139,0.00244151
0.89899,0.14,0.00244151
0.89899,0.141,0.0024415
0.89899,0.142,0.0024415
0.89899,0.143,0.00244149
0.89899,0.144,0.00244149
0.89899,0.145,0.00244148
0.89899,0.146,0.00244147
0.89899,0.147,0.00244146
0.89899,0.148,0.00244145
0.89899,0.149,0.00244144
0.89899,0.15,0.00244143
0.909091,0.001,0.00244152
0.909091,0.002,0.00244152
0.909091,0.003,0.00244152
0.909091,0.004,0.00244152
0.909091,0.005,0.00244152
0.909091,0.006,0.00244152
0.909091,0.007,0.00244152
0.909091,0.008,0.00244152
0.909091,0.009,0.00244152
0.909091,0.01,0.00244152
0.909091,0.011,0.00244152
0.909091,0.012,0.00244152
0.909091,0.013,0.00244152
0.909091,0.014,0.00244152
0.909091,0.015,0.00244152
0.909091,0.016,0.00244152
0.909091,0.017,0.00244152
0.909091,0.018,0.00244152
0.909091,0.019,0.00244152
0.909091,0.02,0.00244152
0.909091,0.021,0.00244152
0.909091,0.022,0.00244152
0.909091,0.023,0.00244152
0.909091,0.024,0.00244152
0.909091,0.025,0.00244152
0.909091,0.026,0.00244152
0.909091,0.027,0.00244152
0.909091,0.028,0.00244152
0.909091,0.029,0.00244152
0.909091,0.03,0.00244152
0.909091,0.031,0.00244152
0.909091,0.032,0.00244152
0.909091,0.033,0.00244152
0.909091,0.034,0.00244152
0.909091,0.035,0.00244152
0.909091,0.036,0.00244152
0.909091,0.037,0.00244152
0.909091,0.038,0.00244152
0.909091,0.039,0.00244152
0.909091,0.04,0.00244152
0.909091,0.041,0.00244152
0.909091,0.042,0.00244152
0.909091,0.043,0.00244152
0.909091,0.044,0.00244152
0.909091,0.045,0.00244152
0.909091,0.046,0.00244152
0.909091,0.047,0.00244152
0.909091,0.048,0.00244152
0.909091,0.049,0.00244152
0.909091,0.05,0.00244152
0.909091,0.051,0.00244152
0.909091,0.052,0.00244152
0.909091,0.053,0.00244152
0.909091,0.054,0.00244152
0.909091,0.055,0.00244152
0.909091,0.056,0.00244152
0.909091,0.057,0.00244152
0.909091,0.058,0.00244152
0.909091,0.059,0.00244152
0.909091,0.06,0.00244152
0.909091,0.061,0.00244152
0.909091,0.062,0.00244152
0.909091,0.063,0.00244152
0.909091,0.064,0.00244152
0.909091,0.065,0.00244152
0.909091,0.066,0.00244152
0.909091,0.067,0.00244152
0.909091,0.068,0.00244152
0.909091,0.069,0.00244152
0.909091,0.07,0.00244152
0.909091,0.071,0.00244152
0.909091,0.072,0.00244152
0.909091,0.073,0.00244152
0.909091,0.074,0.00244152
0.909091,0.075,0.00244152
0.909091,0.076,0.00244152
0.909091,0.077,0.00244152
0.909091,0.078,0.00244152
0.909091,0.079,0.00244152
0.909091,0.08,0.00244152
0.909091,0.081,0.00244152
0.909091,0.082,0.00244152
0.909091,0.083,0.00244152
0.909091,0.084,0.00244152
0.909091,0.085,0.00244152
0.909091,0.086,0.00244152
0.909091,0.087,0.00244152
0.909091,0.088,0.00244152
0.909091,0.089,0.00244152
0.909091,0.09,0.00244152
0.909091,0.091,0.00244152
0.909091,0.092,0.00244152
0.909091,0.093,0.00244152
0.909091,0.094,0.00244152
0.909091,0.095,0.00244152
0.909091,0.096,0.00244152
0.909091,0.097,0.00244152
0.909091,0.098,0.00244152
0.909091,0.099,0.00244152
0.909091,0.1,0.00244152
0.909091,0.101,0.00244152
0.909091,0.102,0.00244152
0.909091,0.103,0.00244152
0.909091,0.104,0.00244152
0.909091,0.105,0.00244152
0.909091,0.106,0.00244152
0.909091,0.107,0.00244152
0.909091,0.108,0.00244152
0.909091,0.109,0.00244152
0.909091,0.11,0.00244152
0.909091,0.111,0.00244152
0.909091,0.112,0.00244152
0.909091,0.113,0.00244152
0.909091,0.114,0.00244152
0.909091,0.115,0.00244152
0.909091,0.116,0.00244152
0.909091,0.117,0.00244152
0.909091,0.118,0.00244152
0.909091,0.119,0.00244152
0.909091,0.12,0.00244152
0.909091,0.121,0.00244152
0.909091,0.122,0.00244152
0.909091,0.123,0.00244153
0.909091,0.124,0.00244152
0.909091,0.125,0.00244153
0.909091,0.126,0.00244153
0.909091,0.127,0.00244153
0.909091,0.128,0.00244153
0.909091,0.129,0.00244153
0.909091,0.13,0.00244152
0.909091,0.131,0.00244152
0.909091,0.132,0.00244152
0.909091,0.133,0.00244152
0.909091,0.134,0.00244152
0.909091,0.135,0.00244152
0.909091,0.136,0.00244152
0.909091,0.137,0.00244152
0.909091,0.138,0.00244152
0.909091,0.139,0.00244152
0.909091,0.14,0.00244152
0.909091,0.141,0.00244152
0.909091,0.142,0.00244152
0.909091,0.143,0.00244152
0.909091,0.144,0.00244151
0.909091,0.145,0.00244151
0.909091,0.146,0.00244151
0.909091,0.147,0.00244151
0.909091,0.148,0.0024415
0.909091,0.149,0.0024415
0.909091,0.15,0.00244149
0.919192,0.001,0.00244152
0.919192,0.002,0.00244152
0.919192,0.003,0.00244152
0.919192,0.004,0.00244152
0.919192,0.005,0.00244152
0.919192,0.006,0.00244152
0.919192,0.007,0.00244152
0.919192,0.008,0.00244152
0.919192,0.009,0.00244152
0.919192,0.01,0.00244152
0.919192,0.011,0.00244152
0.919192,0.012,0.00244152
0.919192,0.013,0.00244152
0.919192,0.014,0.00244152
0.919192,0.015,0.00244152
0.919192,0.016,0.00244152
0.919192,0.017,0.00244152
0.919192,0.018,0.00244152
0.919192,0.019,0.00244152
0.919192,0.02,0.00244152
0.919192,0.021,0.00244152
0.919192,0.022,0.00244152
0.919192,0.023,0.00244152
0.919192,0.024,0.00244152
0.919192,0.025,0.00244152
0.919192,0.026,0.00244152
0.919192,0.027,0.00244152
0.919192,0.028,0.00244152
0.919192,0.029,0.00244152
0.919192,0.03,0.00244152
0.919192,0.031,0.00244152
0.919192,0.032,0.00244152
0.919192,0.033,0.00244152
0.919192,0.034,0.00244152
0.919192,0.035,0.00244152
0.919192,0.036,0.00244152
0.919192,0.037,0.00244152
0.919192,0.038,0.00244152
0.919192,0.039,0.00244152
0.919192,0.04,0.00244152
0.919192,0.041,0.00244152
0.919192,0.042,0.00244152
0.919192,0.043,0.00244152
0.919192,0.044,0.00244152
0.919192,0.045,0.00244152
0.919192,0.046,0.00244152
0.919192,0.047,0.00244152
0.919192,0.048,0.00244152
0.919192,0.049,0.00244152
0.919192,0.05,0.00244152
0.919192,0.051,0.00244152
0.919192,0.052,0.00244152
0.919192,0.053,0.00244152
0.919192,0.054,0.00244152
0.919192,0.055,0.00244152
0.919192,0.056,0.00244152
0.919192,0.057,0.00244152
0.919192,0.058,0.00244152
0.919192,0.059,0.00244152
0.919192,0.06,0.00244152
0.919192,0.061,0.00244152
0.919192,0.062,0.00244152
0.919192,0.063,0.00244152
0.919192,0.064,0.00244152
0.919192,0.065,0.00244152
0.919192,0.066,0.00244152
0.919192,0.067,0.00244152
0.919192,0.068,0.00244152
0.919192,0.069,0.00244152
0.919192,0.07,0.00244152
0.919192,0.071,0.00244152
0.919192,0.072,0.00244152
0.919192,0.073,0.00244152
0.919192,0.074,0.00244152
0.919192,0.075,0.00244152
0.919192,0.076,0.00244152
0.919192,0.077,0.00244152
0.919192,0.078,0.00244152
0.919192,0.079,0.00244152
0.919192,0.08,0.00244152
0.919192,0.081,0.00244152
0.919192,0.082,0.00244152
0.919192,0.083,0.00244152
0.919192,0.084,0.00244152
0.919192,0.085,0.00244152
0.919192,0.086,0.00244152
0.919192,0.087,0.00244152
0.919192,0.088,0.00244152
0.919192,0.089,0.00244152
0.919192,0.09,0.00244152
0.919192,0.091,0.00244152
0.919192,0.092,0.00244152
0.919192,0.093,0.00244152
0.919192,0.094,0.00244152
0.919192,0.095,0.00244152
0.919192,0.096,0.00244152
0.919192,0.097,0.00244152
0.919192,0.098,0.00244152
0.919192,0.099,0.00244152
0.919192,0.1,0.00244152
0.919192,0.101,0.00244152
0.919192,0.102,0.00244152
0.919192,0.103,0.00244152
0.919192,0.104,0.00244152
0.919192,0.105,0.00244152
0.919192,0.106,0.00244152
0.919192,0.107,0.00244152
0.919192,0.108,0.00244152
0.919192,0.109,0.00244152
0.919192,0.11,0.00244152
0.919192,0.111,0.00244152
0.919192,0.112,0.00244152
0.919192,0.113,0.00244152
0.919192,0.114,0.00244152
0.919192,0.115,0.00244152
0.919192,0.116,0.00244152
0.919192,0.117,0.00244152
0.919192,0.118,0.00244152
0.919192,0.119,0.00244152
0.919192,0.12,0.00244152
0.919192,0.121,0.00244152
0.919192,0.122,0.00244152
0.919192,0.123,0.00244152
0.919192,0.124,0.00244152
0.919192,0.125,0.00244152
0.919192,0.126,0.00244152
0.919192,0.127,0.00244152
0.919192,0.128,0.00244152
0.919192,0.129,0.00244152
0.919192,0.13,0.00244153
0.919192,0.131,0.00244152
0.919192,0.132,0.00244153
0.919192,0.133,0.00244153
0.919192,0.134,0.00244153
0.919192,0.135,0.00244153
0.919192,0.136,0.00244152
0.919192,0.137,0.00244152
0.919192,0.138,0.00244152
0.919192,0.139,0.00244152
0.919192,0.14,0.00244152
0.919192,0.141,0.00244152
0.919192,0.142,0.00244152
0.919192,0.143,0.00244152
0.919192,0.144,0.00244152
0.919192,0.145,0.00244152
0.919192,0.146,0.00244152
0.919192,0.147,0.00244152
0.919192,0.148,0.00244152
0.919192,0.149,0.00244152
0.919192,0.15,0.00244151
0.929293,0.001,0.00244152
0.929293,0.002,0.00244152
0.929293,0.003,0.00244152
0.929293,0.004,0.00244152
0.929293,0.005,0.00244152
0.929293,0.006,0.00244152
0.929293,0.007,0.00244152
0.929293,0.008,0.00244152
0.929293,0.009,0.00244152
0.929293,0.01,0.00244152
0.929293,0.011,0.00244152
0.929293,0.012,0.00244152
0.929293,0.013,0.00244152
0.929293,0.014,0.00244152
0.929293,0.015,0.00244152
0.929293,0.016,0.00244152
0.929293,0.017,0.00244152
0.929293,0.018,0.00244152
0.929293,0.019,0.00244152
0.929293,0.02,0.00244152
0.929293,0.021,0.00244152
0.929293,0.022,0.00244152
0.929293,0.023,0.00244152
0.929293,0.024,0.00244152
0.929293,0.025,0.00244152
0.929293,0.026,0.00244152
0.929293,0.027,0.00244152
0.929293,0.028,0.00244152
0.929293,0.029,0.00244152
0.929293,0.03,0.00244152
0.929293,0.031,0.00244152
0.929293,0.032,0.00244152
0.929293,0.033,0.00244152
0.929293,0.034,0.00244152
0.929293,0.035,0.00244152
0.929293,0.036,0.00244152
0.929293,0.037,0.00244152
0.929293,0.038,0.00244152
0.929293,0.039,0.00244152
0.929293,0.04,0.00244152
0.929293,0.041,0.00244152
0.929293,0.042,0.00244152
0.929293,0.043,0.00244152
0.929293,0.044,0.00244152
0.929293,0.045,0.00244152
0.929293,0.046,0.00244152
0.929293,0.047,0.00244152
0.929293,0.048,0.00244152
0.929293,0.049,0.00244152
0.929293,0.05,0.00244152
0.929293,0.051,0.00244152
0.929293,0.052,0.00244152
0.929293,0.053,0.00244152
0.929293,0.054,0.00244152
0.929293,0.055,0.00244152
0.929293,0.056,0.00244152
0.929293,0.057,0.00244152
0.929293,0.058,0.00244152
0.929293,0.059,0.00244152
0.929293,0.06,0.00244152
0.929293,0.061,0.00244152
0.929293,0.062,0.00244152
0.929293,0.063,0.00244152
0.929293,0.064,0.00244152
0.929293,0.065,0.00244152
0.929293,0.066,0.00244152
0.929293,0.067,0.00244152
0.929293,0.068,0.00244152
0.929293,0.069,0.00244152
0.929293,0.07,0.00244152
0.929293,0.071,0.00244152
0.929293,0.072,0.00244152
0.929293,0.073,0.00244152
0.929293,0.074,0.00244152
0.929293,0.075,0.00244152
0.929293,0.076,0.00244152
0.929293,0.077,0.00244152
0.929293,0.078,0.00244152
0.929293,0.079,0.00244152
0.929293,0.08,0.00244152
0.929293,0.081,0.00244152
0.929293,0.082,0.00244152
0.929293,0.083,0.00244152
0.929293,0.084,0.00244152
0.929293,0.085,0.00244152
0.929293,0.086,0.00244152
0.929293,0.087,0.00244152
0.929293,0.088,0.00244152
0.929293,0.089,0.00244152
0.929293,0.09,0.00244152
0.929293,0.091,0.00244152
0.929293,0.092,0.00244152
0.929293,0.093,0.00244152
0.929293,0.094,0.00244152
0.929293,0.095,0.00244152
0.929293,0.096,0.00244152
0.929293,0.097,0.00244152
0.929293,0.098,0.00244152
0.929293,0.099,0.00244152
0.929293,0.1,0.00244152
0.929293,0.101,0.00244152
0.929293,0.102,0.00244152
0.929293,0.103,0.00244152
0.929293,0.104,0.00244152
0.929293,0.105,0.00244152
0.929293,0.106,0.00244152
0.929293,0.107,0.00244152
0.929293,0.108,0.00244152
0.929293,0.109,0.00244152
0.929293,0.11,0.00244152
0.929293,0.111,0.00244152
0.929293,0.112,0.00244152
0.929293,0.113,0.00244152
0.929293,0.114,0.00244152
0.929293,0.115,0.00244152
0.929293,0.116,0.00244152
0.929293,0.117,0.00244152
0.929293,0.118,0.00244152
0.929293,0.119,0.00244152
0.929293,0.12,0.00244152
0.929293,0.121,0.00244152
0.929293,0.122,0.00244152
0.929293,0.123,0.00244152
0.929293,0.124,0.00244152
0.929293,0.125,0.00244152
0.929293,0.126,0.00244152
0.929293,0.127,0.00244152
0.929293,0.128,0.00244152
0.929293,0.129,0.00244152
0.929293,0.13,0.00244152
0.929293,0.131,0.00244152
0.929293,0.132,0.00244152
0.929293,0.133,0.00244152
0.929293,0.134,0.00244152
0.929293,0.135,0.00244152
0.929293,0.136,0.00244153
0.929293,0.137,0.00244153
0.929293,0.138,0.00244153
0.929293,0.139,0.00244153
0.929293,0.14,0.00244152
0.929293,0.141,0.00244153
0.929293,0.142,0.00244153
0.929293,0.143,0.00244152
0.929293,0.144,0.00244152
0.929293,0.145,0.00244152
0.929293,0.146,0.00244152
0.929293,0.147,0.00244152
0.929293,0.148,0.00244152
0.929293,0.149,0.00244152
0.929293,0.15,0.00244152
0.939394,0.001,0.00244152
0.939394,0.002,0.00244152
0.939394,0.003,0.00244152
0.939394,0.004,0.00244152
0.939394,0.005,0.00244152
0.939394,0.006,0.00244152
0.939394,0.007,0.00244152
0.939394,0.008,0.00244152
0.939394,0.009,0.00244152
0.939394,0.01,0.00244152
0.939394,0.011,0.00244152
0.939394,0.012,0.00244152
0.939394,0.013,0.00244152
0.939394,0.014,0.00244152
0.939394,0.015,0.00244152
0.939394,0.016,0.00244152
0.939394,0.017,0.00244152
0.939394,0.018,0.00244152
0.939394,0.019,0.00244152
0.939394,0.02,0.00244152
0.939394,0.021,0.00244152
0.939394,0.022,0.00244152
0.939394,0.023,0.00244152
0.939394,0.024,0.00244152
0.939394,0.025,0.00244152
0.939394,0.026,0.00244152
0.939394,0.027,0.00244152
0.939394,0.028,0.00244152
0.939394,0.029,0.00244152
0.939394,0.03,0.00244152
0.939394,0.031,0.00244152
0.939394,0.032,0.00244152
0.939394,0.033,0.00244152
0.939394,0.034,0.00244152
0.939394,0.035,0.00244152
0.939394,0.036,0.00244152
0.939394,0.037,0.00244152
0.939394,0.038,0.00244152
0.939394,0.039,0.00244152
0.939394,0.04,0.00244152
0.939394,0.041,0.00244152
0.939394,0.042,0.00244152
0.939394,0.043,0.00244152
0.939394,0.044,0.00244152
0.939394,0.045,0.00244152
0.939394,0.046,0.00244152
0.939394,0.047,0.00244152
0.939394,0.048,0.00244152
0.939394,0.049,0.00244152
0.939394,0.05,0.00244152
0.939394,0.051,0.00244152
0.939394,0.052,0.00244152
0.939394,0.053,0.00244152
0.939394,0.054,0.00244152
0.939394,0.055,0.00244152
0.939394,0.056,0.00244152
0.939394,0.057,0.00244152
0.939394,0.058,0.00244152
0.939394,0.059,0.00244152
0.939394,0.06,0.00244152
0.939394,0.061,0.00244152
0.939394,0.062,0.00244152
0.939394,0.063,0.00244152
0.939394,0.064,0.00244152
0.939394,0.065,0.00244152
0.939394,0.066,0.00244152
0.939394,0.067,0.00244152
0.939394,0.068,0.00244152
0.939394,0.069,0.00244152
0.939394,0.07,0.00244152
0.939394,0.071,0.00244152
0.939394,0.072,0.00244152
0.939394,0.073,0.00244152
0.939394,0.074,0.00244152
0.939394,0.075,0.00244152
0.939394,0.076,0.00244152
0.939394,0.077,0.00244152
0.939394,0.078,0.00244152
0.939394,0.079,0.00244152
0.939394,0.08,0.00244152
0.939394,0.081,0.00244152
0.939394,0.082,0.00244152
0.939394,0.083,0.00244152
0.939394,0.084,0.00244152
0.939394,0.085,0.00244152
0.939394,0.086,0.00244152
0.939394,0.087,0.00244152
0.939394,0.088,0.00244152
0.939394,0.089,0.00244152
0.939394,0.09,0.00244152
0.939394,0.091,0.00244152
0.939394,0.092,0.00244152
0.939394,0.093,0.00244152
0.939394,0.094,0.00244152
0.939394,0.095,0.00244152
0.939394,0.096,0.00244152
0.939394,0.097,0.00244152
0.939394,0.098,0.00244152
0.939394,0.099,0.00244152
0.939394,0.1,0.00244152
0.939394,0.101,0.00244152
0.939394,0.102,0.00244152
0.939394,0.103,0.00244152
0.939394,0.104,0.00244152
0.939394,0.105,0.00244152
0.939394,0.106,0.00244152
0.939394,0.107,0.00244152
0.939394,0.108,0.00244152
0.939394,0.109,0.00244152
0.939394,0.11,0.00244152
0.939394,0.111,0.00244152
0.939394,0.112,0.00244152
0.939394,0.113,0.00244152
0.939394,0.114,0.00244152
0.939394,0.115,0.00244152
0.939394,0.116,0.00244152
0.939394,0.117,0.00244152
0.939394,0.118,0.00244152
0.939394,0.119,0.00244152
0.939394,0.12,0.00244152
0.939394,0.121,0.00244152
0.939394,0.122,0.00244152
0.939394,0.123,0.00244152
0.939394,0.124,0.00244152
0.939394,0.125,0.00244152
0.939394,0.126,0.00244152
0.939394,0.127,0.00244152
0.939394,0.128,0.00244152
0.939394,0.129,0.00244152
0.939394,0.13,0.00244152
0.939394,0.131,0.00244152
0.939394,0.132,0.00244152
0.939394,0.133,0.00244152
0.939394,0.134,0.00244152
0.939394,0.135,0.00244152
0.939394,0.136,0.00244152
0.939394,0.137,0.00244152
0.939394,0.138,0.00244152
0.939394,0.139,0.00244152
0.939394,0.14,0.00244152
0.939394,0.141,0.00244152
0.939394,0.142,0.00244152
0.939394,0.143,0.00244153
0.939394,0.144,0.00244152
0.939394,0.145,0.00244153
0.939394,0.146,0.00244153
0.939394,0.147,0.00244153
0.939394,0.148,0.00244153
0.939394,0.149,0.00244153
0.939394,0.15,0.00244152
0.949495,0.001,0.00244152
0.949495,0.002,0.00244152
0.949495,0.003,0.00244152
0.949495,0.004,0.00244152
0.949495,0.005,0.00244152
0.949495,0.006,0.00244152
0.949495,0.007,0.00244152
0.949495,0.008,0.00244152
0.949495,0.009,0.00244152
0.949495,0.01,0.00244152
0.949495,0.011,0.00244152
0.949495,0.012,0.00244152
0.949495,0.013,0.00244152
0.949495,0.014,0.00244152
0.949495,0.015,0.00244152
0.949495,0.016,0.00244152
0.949495,0.017,0.00244152
0.949495,0.018,0.00244152
0.949495,0.019,0.00244152
0.949495,0.02,0.00244152
0.949495,0.021,0.00244152
0.949495,0.022,0.00244152
0.949495,0.023,0.00244152
0.949495,0.024,0.00244152
0.949495,0.025,0.00244152
0.949495,0.026,0.00244152
0.949495,0.027,0.00244152
0.949495,0.028,0.00244152
0.949495,0.029,0.00244152
0.949495,0.03,0.00244152
0.949495,0.031,0.00244152
0.949495,0.032,0.00244152
0.949495,0.033,0.00244152
0.949495,0.034,0.00244152
0.949495,0.035,0.00244152
0.949495,0.036,0.00244152
0.949495,0.037,0.00244152
0.949495,0.038,0.00244152
0.949495,0.039,0.00244152
0.949495,0.04,0.00244152
0.949495,0.041,0.00244152
0.949495,0.042,0.00244152
0.949495,0.043,0.00244152
0.949495,0.044,0.00244152
0.949495,0.045,0.00244152
0.949495,0.046,0.00244152
0.949495,0.047,0.00244152
0.949495,0.048,0.00244152
0.949495,0.049,0.00244152
0.949495,0.05,0.00244152
0.949495,0.051,0.00244152
0.949495,0.052,0.00244152
0.949495,0.053,0.00244152
0.949495,0.054,0.00244152
0.949495,0.055,0.00244152
0.949495,0.056,0.00244152
0.949495,0.057,0.00244152
0.949495,0.058,0.00244152
0.949495,0.059,0.00244152
0.949495,0.06,0.00244152
0.949495,0.061,0.00244152
0.949495,0.062,0.00244152
0.949495,0.063,0.00244152
0.949495,0.064,0.00244152
0.949495,0.065,0.00244152
0.949495,0.066,0.00244152
0.949495,0.067,0.00244152
0.949495,0.068,0.00244152
0.949495,0.069,0.00244152
0.949495,0.07,0.00244152
0.949495,0.071,0.00244152
0.949495,0.072,0.00244152
0.949495,0.073,0.00244152
0.949495,0.074,0.00244152
0.949495,0.075,0.00244152
0.949495,0.076,0.00244152
0.949495,0.077,0.00244152
0.949495,0.078,0.00244152
0.949495,0.079,0.00244152
0.949495,0.08,0.00244152
0.949495,0.081,0.00244152
0.949495,0.082,0.00244152
0.949495,0.083,0.00244152
0.949495,0.084,0.00244152
0.949495,0.085,0.00244152
0.949495,0.086,0.00244152
0.949495,0.087,0.00244152
0.949495,0.088,0.00244152
0.949495,0.089,0.00244152
0.949495,0.09,0.00244152
0.949495,0.091,0.00244152
0.949495,0.092,0.00244152
0.949495,0.093,0.00244152
0.949495,0.094,0.00244152
0.949495,0.095,0.00244152
0.949495,0.096,0.00244152
0.949495,0.097,0.00244152
0.949495,0.098,0.00244152
0.949495,0.099,0.00244152
0.949495,0.1,0.00244152
0.949495,0.101,0.00244152
0.949495,0.102,0.00244152
0.949495,0.103,0.00244152
0.949495,0.104,0.00244152
0.949495,0.105,0.00244152
0.949495,0.106,0.00244152
0.949495,0.107,0.00244152
0.949495,0.108,0.00244152
0.949495,0.109,0.00244152
0.949495,0.11,0.00244152
0.949495,0.111,0.00244152
0.949495,0.112,0.00244152
0.949495,0.113,0.00244152
0.949495,0.114,0.00244152
0.949495,0.115,0.00244152
0.949495,0.116,0.00244152
0.949495,0.117,0.00244152
0.949495,0.118,0.00244152
0.949495,0.119,0.00244152
0.949495,0.12,0.00244152
0.949495,0.121,0.00244152
0.949495,0.122,0.00244152
0.949495,0.123,0.00244152
0.949495,0.124,0.00244152
0.949495,0.125,0.00244152
0.949495,0.126,0.00244152
0.949495,0.127,0.00244152
0.949495,0.128,0.00244152
0.949495,0.129,0.00244152
0.949495,0.13,0.00244152
0.949495,0.131,0.00244152
0.949495,0.132,0.00244152
0.949495,0.133,0.00244152
0.949495,0.134,0.00244152
0.949495,0.135,0.00244152
0.949495,0.136,0.00244152
0.949495,0.137,0.00244152
0.949495,0.138,0.00244152
0.949495,0.139,0.00244152
0.949495,0.14,0.00244152
0.949495,0.141,0.00244152
0.949495,0.142,0.00244152
0.949495,0.143,0.00244152
0.949495,0.144,0.00244152
0.949495,0.145,0.00244152
0.949495,0.146,0.00244152
0.949495,0.147,0.00244152
0.949495,0.148,0.00244152
0.949495,0.149,0.00244152
0.949495,0.15,0.00244153
0.959596,0.001,0.00244152
0.959596,0.002,0.00244152
0.959596,0.003,0.00244152
0.959596,0.004,0.00244152
0.959596,0.005,0.00244152
0.959596,0.006,0.00244152
0.959596,0.007,0.00244152
0.959596,0.008,0.00244152
0.959596,0.009,0.00244152
0.959596,0.01,0.00244152
0.959596,0.011,0.00244152
0.959596,0.012,0.00244152
0.959596,0.013,0.00244152
0.959596,0.014,0.00244152
0.959596,0.015,0.00244152
0.959596,0.016,0.00244152
0.959596,0.017,0.00244152
0.959596,0.018,0.00244152
0.959596,0.019,0.00244152
0.959596,0.02,0.00244152
0.959596,0.021,0.00244152
0.959596,0.022,0.00244152
0.959596,0.023,0.00244152
0.959596,0.024,0.00244152
0.959596,0.025,0.00244152
0.959596,0.026,0.00244152
0.959596,0.027,0.00244152
0.959596,0.028,0.00244152
0.959596,0.029,0.00244152
0.959596,0.03,0.00244152
0.959596,0.031,0.00244152
0.959596,0.032,0.00244152
0.959596,0.033,0.00244152
0.959596,0.034,0.00244152
0.959596,0.035,0.00244152
0.959596,0.036,0.00244152
0.959596,0.037,0.00244152
0.959596,0.038,0.00244152
0.959596,0.039,0.00244152
0.959596,0.04,0.00244152
0.959596,0.041,0.00244152
0.959596,0.042,0.00244152
0.959596,0.043,0.00244152
0.959596,0.044,0.00244152
0.959596,0.045,0.00244152
0.959596,0.046,0.00244152
0.959596,0.047,0.00244152
0.959596,0.048,0.00244152
0.959596,0.049,0.00244152
0.959596,0.05,0.00244152
0.959596,0.051,0.00244152
0.959596,0.052,0.00244152
0.959596,0.053,0.00244152
0.959596,0.054,0.00244152
0.959596,0.055,0.00244152
0.959596,0.056,0.00244152
0.959596,0.057,0.00244152
0.959596,0.058,0.00244152
0.959596,0.059,0.00244152
0.959596,0.06,0.00244152
0.959596,0.061,0.00244152
0.959596,0.062,0.00244152
0.959596,0.063,0.00244152
0.959596,0.064,0.00244152
0.959596,0.065,0.00244152
0.959596,0.066,0.00244152
0.959596,0.067,0.00244152
0.959596,0.068,0.00244152
0.959596,0.069,0.00244152
0.959596,0.07,0.00244152
0.959596,0.071,0.00244152
0.959596,0.072,0.00244152
0.959596,0.073,0.00244152
0.959596,0.074,0.00244152
0.959596,0.075,0.00244152
0.959596,0.076,0.00244152
0.959596,0.077,0.00244152
0.959596,0.078,0.00244152
0.959596,0.079,0.00244152
0.959596,0.08,0.00244152
0.959596,0.081,0.00244152
0.959596,0.082,0.00244152
0.959596,0.083,0.00244152
0.959596,0.084,0.00244152
0.959596,0.085,0.00244152
0.959596,0.086,0.00244152
0.959596,0.087,0.00244152
0.959596,0.088,0.00244152
0.959596,0.089,0.00244152
0.959596,0.09,0.00244152
0.959596,0.091,0.00244152
0.959596,0.092,0.00244152
0.959596,0.093,0.00244152
0.959596,0.094,0.00244152
0.959596,0.095,0.00244152
0.959596,0.096,0.00244152
0.959596,0.097,0.00244152
0.959596,0.098,0.00244152
0.959596,0.099,0.00244152
0.959596,0.1,0.00244152
0.959596,0.101,0.00244152
0.959596,0.102,0.00244152
0.959596,0.103,0.00244152
0.959596,0.104,0.00244152
0.959596,0.105,0.00244152
0.959596,0.106,0.00244152
0.959596,0.107,0.00244152
0.959596,0.108,0.00244152
0.959596,0.109,0.00244152
0.959596,0.11,0.00244152
0.959596,0.111,0.00244152
0.959596,0.112,0.00244152
0.959596,0.113,0.00244152
0.959596,0.114,0.00244152
0.959596,0.115,0.00244152
0.959596,0.116,0.00244152
0.959596,0.117,0.00244152
0.959596,0.118,0.00244152
0.959596,0.119,0.00244152
0.959596,0.12,0.00244152
0.959596,0.121,0.00244152
0.959596,0.122,0.00244152
0.959596,0.123,0.00244152
0.959596,0.124,0.00244152
0.959596,0.125,0.00244152
0.959596,0.126,0.00244152
0.959596,0.127,0.00244152
0.959596,0.128,0.00244152
0.959596,0.129,0.00244152
0.959596,0.13,0.00244152
0.959596,0.131,0.00244152
0.959596,0.132,0.00244152
0.959596,0.133,0.00244152
0.959596,0.134,0.00244152
0.959596,0.135,0.00244152
0.959596,0.136,0.00244152
0.959596,0.137,0.00244152
0.959596,0.138,0.00244152
0.959596,0.139,0.00244152
0.959596,0.14,0.00244152
0.959596,0.141,0.00244152
0.959596,0.142,0.00244152
0.959596,0.143,0.00244152
0.959596,0.144,0.00244152
0.959596,0.145,0.00244152
0.959596,0.146,0.00244152
0.959596,0.147,0.00244152
0.959596,0.148,0.00244152
0.959596,0.149,0.00244152
0.959596,0.15,0.00244152
0.969697,0.001,0.00244153
0.969697,0.002,0.00244153
0.969697,0.003,0.00244153
0.969697,0.004,0.00244153
0.969697,0.005,0.00244153
0.969697,0.006,0.00244153
0.969697,0.007,0.00244153
0.969697,0.008,0.00244153
0.969697,0.009,0.00244153
0.969697,0.01,0.00244153
0.969697,0.011,0.00244153
0.969697,0.012,0.00244153
0.969697,0.013,0.00244153
0.969697,0.014,0.00244153
0.969697,0.015,0.00244153
0.969697,0.016,0.00244153
0.969697,0.017,0.00244153
0.969697,0.018,0.00244153
0.969697,0.019,0.00244153
0.969697,0.02,0.00244153
0.969697,0.021,0.00244153
0.969697,0.022,0.00244153
0.969697,0.023,0.00244153
0.969697,0.024,0.00244153
0.969697,0.025,0.00244153
0.969697,0.026,0.00244153
0.969697,0.027,0.00244153
0.969697,0.028,0.00244153
0.969697,0.029,0.00244153
0.969697,0.03,0.00244153
0.969697,0.031,0.00244153
0.969697,0.032,0.00244153
0.969697,0.033,0.00244153
0.969697,0.034,0.00244153
0.969697,0.035,0.00244153
0.969697,0.036,0.00244153
0.969697,0.037,0.00244153
0.969697,0.038,0.00244153
0.969697,0.039,0.00244153
0.969697,0.04,0.00244153
0.969697,0.041,0.00244153
0.969697,0.042,0.00244153
0.969697,0.043,0.00244153
0.969697,0.044,0.00244153
0.969697,0.045,0.00244153
0.969697,0.046,0.00244153
0.969697,0.047,0.00244153
0.969697,0.048,0.00244153
0.969697,0.049,0.00244153
0.969697,0.05,0.00244153
0.969697,0.051,0.00244153
0.969697,0.052,0.00244153
0.969697,0.053,0.00244153
0.969697,0.054,0.00244153
0.969697,0.055,0.00244153
0.969697,0.056,0.00244153
0.969697,0.057,0.00244153
0.969697,0.058,0.00244153
0.969697,0.059,0.00244153
0.969697,0.06,0.00244153
0.969697,0.061,0.00244153
0.969697,0.062,0.00244153
0.969697,0.063,0.00244153
0.969697,0.064,0.00244153
0.969697,0.065,0.00244153
0.969697,0.066,0.00244153
0.969697,0.067,0.00244153
0.969697,0.068,0.00244153
0.969697,0.069,0.00244153
0.969697,0.07,0.00244153
0.969697,0.071,0.00244153
0.969697,0.072,0.00244153
0.969697,0.073,0.00244153
0.969697,0.074,0.00244153
0.969697,0.075,0.00244153
0.969697,0.076,0.00244153
0.969697,0.077,0.00244153
0.969697,0.078,0.00244153
0.969697,0.079,0.00244153
0.969697,0.08,0.00244153
0.969697,0.081,0.00244153
0.969697,0.082,0.00244153
0.969697,0.083,0.00244153
0.969697,0.084,0.00244153
0.969697,0.085,0.00244153
0.969697,0.086,0.00244153
0.969697,0.087,0.00244153
0.969697,0.088,0.00244153
0.969697,0.089,0.00244153
0.969697,0.09,0.00244153
0.969697,0.091,0.00244153
0.969697,0.092,0.00244153
0.969697,0.093,0.00244153
0.969697,0.094,0.00244153
0.969697,0.095,0.00244153
0.969697,0.096,0.00244153
0.969697,0.097,0.00244153
0.969697,0.098,0.00244153
0.969697,0.099,0.00244153
0.969697,0.1,0.00244153
0.969697,0.101,0.00244153
0.969697,0.102,0.00244153
0.969697,0.103,0.00244153
0.969697,0.104,0.00244153
0.969697,0.105,0.00244153
0.969697,0.106,0.00244153
0.969697,0.107,0.00244153
0.969697,0.108,0.00244153
0.969697,0.109,0.00244153
0.969697,0.11,0.00244153
0.969697,0.111,0.00244153
0.969697,0.112,0.00244153
0.969697,0.113,0.00244153
0.969697,0.114,0.00244153
0.969697,0.115,0.00244153
0.969697,0.116,0.00244153
0.969697,0.117,0.00244153
0.969697,0.118,0.00244153
0.969697,0.119,0.00244153
0.969697,0.12,0.00244153
0.969697,0.121,0.00244153
0.969697,0.122,0.00244153
0.969697,0.123,0.00244153
0.969697,0.124,0.00244153
0.969697,0.125,0.00244153
0.969697,0.126,0.00244153
0.969697,0.127,0.00244153
0.969697,0.128,0.00244153
0.969697,0.129,0.00244153
0.969697,0.13,0.00244153
0.969697,0.131,0.00244153
0.969697,0.132,0.00244153
0.969697,0.133,0.00244153
0.969697,0.134,0.00244153
0.969697,0.135,0.00244153
0.969697,0.136,0.00244153
0.969697,0.137,0.00244153
0.969697,0.138,0.00244153
0.969697,0.139,0.00244153
0.969697,0.14,0.00244153
0.969697,0.141,0.00244153
0.969697,0.142,0.00244153
0.969697,0.143,0.00244153
0.969697,0.144,0.00244153
0.969697,0.145,0.00244153
0.969697,0.146,0.00244153
0.969697,0.147,0.00244153
0.969697,0.148,0.00244153
0.969697,0.149,0.00244153
0.969697,0.15,0.00244153
0.979798,0.001,0.00244153
0.979798,0.002,0.00244153
0.979798,0.003,0.00244153
0.979798,0.004,0.00244153
0.979798,0.005,0.00244153
0.979798,0.006,0.00244153
0.979798,0.007,0.00244153
0.979798,0.008,0.00244153
0.979798,0.009,0.00244153
0.979798,0.01,0.00244153
0.979798,0.011,0.00244153
0.979798,0.012,0.00244153
0.979798,0.013,0.00244153
0.979798,0.014,0.00244153
0.979798,0.015,0.00244153
0.979798,0.016,0.00244153
0.979798,0.017,0.00244153
0.979798,0.018,0.00244153
0.979798,0.019,0.00244153
0.979798,0.02,0.00244153
0.979798,0.021,0.00244153
0.979798,0.022,0.00244153
0.979798,0.023,0.00244153
0.979798,0.024,0.00244153
0.979798,0.025,0.00244153
0.979798,0.026,0.00244153
0.979798,0.027,0.00244153
0.979798,0.028,0.00244153
0.979798,0.029,0.00244153
0.979798,0.03,0.00244153
0.979798,0.031,0.00244153
0.979798,0.032,0.00244153
0.979798,0.033,0.00244153
0.979798,0.034,0.00244153
0.979798,0.035,0.00244153
0.979798,0.036,0.00244153
0.979798,0.037,0.00244153
0.979798,0.038,0.00244153
0.979798,0.039,0.00244153
0.979798,0.04,0.00244153
0.979798,0.041,0.00244153
0.979798,0.042,0.00244153
0.979798,0.043,0.00244153
0.979798,0.044,0.00244153
0.979798,0.045,0.00244153
0.979798,0.046,0.00244153
0.979798,0.047,0.00244153
0.979798,0.048,0.00244153
0.979798,0.049,0.00244153
0.979798,0.05,0.00244153
0.979798,0.051,0.00244153
0.979798,0.052,0.00244153
0.979798,0.053,0.00244153
0.979798,0.054,0.00244153
0.979798,0.055,0.00244153
0.979798,0.056,0.00244153
0.979798,0.057,0.00244153
0.979798,0.058,0.00244153
0.979798,0.059,0.00244153
0.979798,0.06,0.00244153
0.979798,0.061,0.00244153
0.979798,0.062,0.00244153
0.979798,0.063,0.00244153
0.979798,0.064,0.00244153
0.979798,0.065,0.00244153
0.979798,0.066,0.00244153
0.979798,0.067,0.00244153
0.979798,0.068,0.00244153
0.979798,0.069,0.00244153
0.979798,0.07,0.00244153
0.979798,0.071,0.00244153
0.979798,0.072,0.00244153
0.979798,0.073,0.00244153
0.979798,0.074,0.00244153
0.979798,0.075,0.00244153
0.979798,0.076,0.00244153
0.979798,0.077,0.00244153
0.979798,0.078,0.00244153
0.979798,0.079,0.00244153
0.979798,0.08,0.00244153
0.979798,0.081,0.00244153
0.979798,0.082,0.00244153
0.979798,0.083,0.00244153
0.979798,0.084,0.00244153
0.979798,0.085,0.00244153
0.979798,0.086,0.00244153
0.979798,0.087,0.00244153
0.979798,0.088,0.00244153
0.979798,0.089,0.00244153
0.979798,0.09,0.00244153
0.979798,0.091,0.00244153
0.979798,0.092,0.00244153
0.979798,0.093,0.00244153
0.979798,0.094,0.00244153
0.979798,0.095,0.00244153
0.979798,0.096,0.00244153
0.979798,0.097,0.00244153
0.979798,0.098,0.00244153
0.979798,0.099,0.00244153
0.979798,0.1,0.00244153
0.979798,0.101,0.00244153
0.979798,0.102,0.00244153
0.979798,0.103,0.00244153
0.979798,0.104,0.00244153
0.979798,0.105,0.00244153
0.979798,0.106,0.00244153
0.979798,0.107,0.00244153
0.979798,0.108,0.00244153
0.979798,0.109,0.00244153
0.979798,0.11,0.00244153
0.979798,0.111,0.00244153
0.979798,0.112,0.00244153
0.979798,0.113,0.00244153
0.979798,0.114,0.00244153
0.979798,0.115,0.00244153
0.979798,0.116,0.00244153
0.979798,0.117,0.00244153
0.979798,0.118,0.00244153
0.979798,0.119,0.00244153
0.979798,0.12,0.00244153
0.979798,0.121,0.00244153
0.979798,0.122,0.00244153
0.979798,0.123,0.00244153
0.979798,0.124,0.00244153
0.979798,0.125,0.00244153
0.979798,0.126,0.00244153
0.979798,0.127,0.00244153
0.979798,0.128,0.00244153
0.979798,0.129,0.00244153
0.979798,0.13,0.00244153
0.979798,0.131,0.00244153
0.979798,0.132,0.00244153
0.979798,0.133,0.00244153
0.979798,0.134,0.00244153
0.979798,0.135,0.00244153
0.979798,0.136,0.00244153
0.979798,0.137,0.00244153
0.979798,0.138,0.00244153
0.979798,0.139,0.00244153
0.979798,0.14,0.00244153
0.979798,0.141,0.00244153
0.979798,0.142,0.00244153
0.979798,0.143,0.00244153
0.979798,0.144,0.00244153
0.979798,0.145,0.00244153
0.979798,0.146,0.00244153
0.979798,0.147,0.00244153
0.979798,0.148,0.00244153
0.979798,0.149,0.00244153
0.979798,0.15,0.00244153
0.989899,0.001,0.00244153
0.989899,0.002,0.00244153
0.989899,0.003,0.00244153
0.989899,0.004,0.00244153
0.989899,0.005,0.00244153
0.989899,0.006,0.00244153
0.989899,0.007,0.00244153
0.989899,0.008,0.00244153
0.989899,0.009,0.00244153
0.989899,0.01,0.00244153
0.989899,0.011,0.00244153
0.989899,0.012,0.00244153
0.989899,0.013,0.00244153
0.989899,0.014,0.00244153
0.989899,0.015,0.00244153
0.989899,0.016,0.00244153
0.989899,0.017,0.00244153
0.989899,0.018,0.00244153
0.989899,0.019,0.00244153
0.989899,0.02,0.00244153
0.989899,0.021,0.00244153
0.989899,0.022,0.00244153
0.989899,0.023,0.00244153
0.989899,0.024,0.00244153
0.989899,0.025,0.00244153
0.989899,0.026,0.00244153
0.989899,0.027,0.00244153
0.989899,0.028,0.00244153
0.989899,0.029,0.00244153
0.989899,0.03,0.00244153
0.989899,0.031,0.00244153
0.989899,0.032,0.00244153
0.989899,0.033,0.00244153
0.989899,0.034,0.00244153
0.989899,0.035,0.00244153
0.989899,0.036,0.00244153
0.989899,0.037,0.00244153
0.989899,0.038,0.00244153
0.989899,0.039,0.00244153
0.989899,0.04,0.00244153
0.989899,0.041,0.00244153
0.989899,0.042,0.00244153
0.989899,0.043,0.00244153
0.989899,0.044,0.00244153
0.989899,0.045,0.00244153
0.989899,0.046,0.00244153
0.989899,0.047,0.00244153
0.989899,0.048,0.00244153
0.989899,0.049,0.00244153
0.989899,0.05,0.00244153
0.989899,0.051,0.00244153
0.989899,0.052,0.00244153
0.989899,0.053,0.00244153
0.989899,0.054,0.00244153
0.989899,0.055,0.00244153
0.989899,0.056,0.00244153
0.989899,0.057,0.00244153
0.989899,0.058,0.00244153
0.989899,0.059,0.00244153
0.989899,0.06,0.00244153
0.989899,0.061,0.00244153
0.989899,0.062,0.00244153
0.989899,0.063,0.00244153
0.989899,0.064,0.00244153
0.989899,0.065,0.00244153
0.989899,0.066,0.00244153
0.989899,0.067,0.00244153
0.989899,0.068,0.00244153
0.989899,0.069,0.00244153
0.989899,0.07,0.00244153
0.989899,0.071,0.00244153
0.989899,0.072,0.00244153
0.989899,0.073,0.00244153
0.989899,0.074,0.00244153
0.989899,0.075,0.00244153
0.989899,0.076,0.00244153
0.989899,0.077,0.00244153
0.989899,0.078,0.00244153
0.989899,0.079,0.00244153
0.989899,0.08,0.00244153
0.989899,0.081,0.00244153
0.989899,0.082,0.00244153
0.989899,0.083,0.00244153
0.989899,0.084,0.00244153
0.989899,0.085,0.00244153
0.989899,0.086,0.00244153
0.989899,0.087,0.00244153
0.989899,0.088,0.00244153
0.989899,0.089,0.00244153
0.989899,0.09,0.00244153
0.989899,0.091,0.00244153
0.989899,0.092,0.00244153
0.989899,0.093,0.00244153
0.989899,0.094,0.00244153
0.989899,0.095,0.00244153
0.989899,0.096,0.00244153
0.989899,0.097,0.00244153
0.989899,0.098,0.00244153
0.989899,0.099,0.00244153
0.989899,0.1,0.00244153
0.989899,0.101,0.00244153
0.989899,0.102,0.00244153
0.989899,0.103,0.00244153
0.989899,0.104,0.00244153
0.989899,0.105,0.00244153
0.989899,0.106,0.00244153
0.989899,0.107,0.00244153
0.989899,0.108,0.00244153
0.989899,0.109,0.00244153
0.989899,0.11,0.00244153
0.989899,0.111,0.00244153
0.989899,0.112,0.00244153
0.989899,0.113,0.00244153
0.989899,0.114,0.00244153
0.989899,0.115,0.00244153
0.989899,0.116,0.00244153
0.989899,0.117,0.00244153
0.989899,0.118,0.00244153
0.989899,0.119,0.00244153
0.989899,0.12,0.00244153
0.989899,0.121,0.00244153
0.989899,0.122,0.00244153
0.989899,0.123,0.00244153
0.989899,0.124,0.00244153
0.989899,0.125,0.00244153
0.989899,0.126,0.00244153
0.989899,0.127,0.00244153
0.989899,0.128,0.00244153
0.989899,0.129,0.00244153
0.989899,0.13,0.00244153
0.989899,0.131,0.00244153
0.989899,0.132,0.00244153
0.989899,0.133,0.00244153
0.989899,0.134,0.00244153
0.989899,0.135,0.00244153
0.989899,0.136,0.00244153
0.989899,0.137,0.00244153
0.989899,0.138,0.00244153
0.989899,0.139,0.00244153
0.989899,0.14,0.00244153
0.989899,0.141,0.00244153
0.989899,0.142,0.00244153
0.989899,0.143,0.00244153
0.989899,0.144,0.00244153
0.989899,0.145,0.00244153
0.989899,0.146,0.00244153
0.989899,0.147,0.00244153
0.989899,0.148,0.00244153
0.989899,0.149,0.00244153
0.989899,0.15,0.00244153
1,0.001,0.00244153
1,0.002,0.00244153
1,0.003,0.00244153
1,0.004,0.00244153
1,0.005,0.00244153
1,0.006,0.00244153
1,0.007,0.00244153
1,0.008,0.00244153
1,0.009,0.00244153
1,0.01,0.00244153
1,0.011,0.00244153
1,0.012,0.00244153
1,0.013,0.00244153
1,0.014,0.00244153
1,0.015,0.00244153
1,0.016,0.00244153
1,0.017,0.00244153
1,0.018,0.00244153
1,0.019,0.00244153
1,0.02,0.00244153
1,0.021,0.00244153
1,0.022,0.00244153
1,0.023,0.00244153
1,0.024,0.00244153
1,0.025,0.00244153
1,0.026,0.00244153
1,0.027,0.00244153
1,0.028,0.00244153
1,0.029,0.00244153
1,0.03,0.00244153
1,0.031,0.00244153
1,0.032,0.00244153
1,0.033,0.00244153
1,0.034,0.00244153
1,0.035,0.00244153
1,0.036,0.00244153
1,0.037,0.00244153
1,0.038,0.00244153
1,0.039,0.00244153
1,0.04,0.00244153
1,0.041,0.00244153
1,0.042,0.00244153
1,0.043,0.00244153
1,0.044,0.00244153
1,0.045,0.00244153
1,0.046,0.00244153
1,0.047,0.00244153
1,0.048,0.00244153
1,0.049,0.00244153
1,0.05,0.00244153
1,0.051,0.00244153
1,0.052,0.00244153
1,0.053,0.00244153
1,0.054,0.00244153
1,0.055,0.00244153
1,0.056,0.00244153
1,0.057,0.00244153
1,0.058,0.00244153
1,0.059,0.00244153
1,0.06,0.00244153
1,0.061,0.00244153
1,0.062,0.00244153
1,0.063,0.00244153
1,0.064,0.00244153
1,0.065,0.00244153
1,0.066,0.00244153
1,0.067,0.00244153
1,0.068,0.00244153
1,0.069,0.00244153
1,0.07,0.00244153
1,0.071,0.00244153
1,0.072,0.00244153
1,0.073,0.00244153
1,0.074,0.00244153
1,0.075,0.00244153
1,0.076,0.00244153
1,0.077,0.00244153
1,0.078,0.00244153
1,0.079,0.00244153
1,0.08,0.00244153
1,0.081,0.00244153
1,0.082,0.00244153
1,0.083,0.00244153
1,0.084,0.00244153
1,0.085,0.00244153
1,0.086,0.00244153
1,0.087,0.00244153
1,0.088,0.00244153
1,0.089,0.00244153
1,0.09,0.00244153
1,0.091,0.00244153
1,0.092,0.00244153
1,0.093,0.00244153
1,0.094,0.00244153
1,0.095,0.00244153
1,0.096,0.00244153
1,0.097,0.00244153
1,0.098,0.00244153
1,0.099,0.00244153
1,0.1,0.00244153
1,0.101,0.00244153
1,0.102,0.00244153
1,0.103,0.00244153
1,0.104,0.00244153
1,0.105,0.00244153
1,0.106,0.00244153
1,0.107,0.00244153
1,0.108,0.00244153
1,0.109,0.00244153
1,0.11,0.00244153
1,0.111,0.00244153
1,0.112,0.00244153
1,0.113,0.00244153
1,0.114,0.00244153
1,0.115,0.00244153
1,0.116,0.00244153
1,0.117,0.00244153
1,0.118,0.00244153
1,0.119,0.00244153
1,0.12,0.00244153
1,0.121,0.00244153
1,0.122,0.00244153
1,0.123,0.00244153
1,0.124,0.00244153
1,0.125,0.00244153
1,0.126,0.00244153
1,0.127,0.00244153
1,0.128,0.00244153
1,0.129,0.00244153
1,0.13,0.00244153
1,0.131,0.00244153
1,0.132,0.00244153
1,0.133,0.00244153
1,0.134,0.00244153
1,0.135,0.00244153
1,0.136,0.00244153
1,0.137,0.00244153
1,0.138,0.00244153
1,0.139,0.00244153
1,0.14,0.00244153
1,0.141,0.00244153
1,0.142,0.00244153
1,0.143,0.00244153
1,0.144,0.00244153
1,0.145,0.00244153
1,0.146,0.00244153
1,0.147,0.00244153
1,0.148,0.00244153
1,0.149,0.00244153
1,0.15,0.00244153
